chemist_id,molecule_id,month,order_type,attributed_doctor_id,leakage_weight,orphan_flag
CHEM065,MOL04,2025-06,new_sku,DOC002,0.0820113889693402,0
CHEM065,MOL04,2025-06,new_sku,DOC013,0.08577380397536605,0
CHEM065,MOL04,2025-06,new_sku,DOC017,0.07087828719271036,0
CHEM065,MOL04,2025-06,new_sku,DOC022,0.22390114625414623,0
CHEM065,MOL04,2025-06,new_sku,DOC025,0.06005946043961616,0
CHEM065,MOL04,2025-06,new_sku,DOC027,0.06202676943703159,0
CHEM065,MOL04,2025-06,new_sku,DOC034,0.18395884866933615,0
CHEM065,MOL04,2025-06,new_sku,DOC036,0.06547189473370787,0
CHEM065,MOL04,2025-06,new_sku,DOC038,0.09273814563101104,0
CHEM065,MOL04,2025-06,new_sku,DOC039,0.0731802546977344,0
CHEM093,MOL01,2025-06,new_sku,DOC010,0.08233709598884113,0
CHEM093,MOL01,2025-06,new_sku,DOC029,0.3004769609301036,0
CHEM093,MOL01,2025-06,new_sku,DOC032,0.08892521742872932,0
CHEM093,MOL01,2025-06,new_sku,DOC042,0.11863362496775787,0
CHEM093,MOL01,2025-06,new_sku,DOC049,0.25568018002641907,0
CHEM093,MOL01,2025-06,new_sku,DOC050,0.15394692065814902,0
CHEM061,MOL04,2025-03,new_sku,DOC002,0.09828248918881038,0
CHEM061,MOL04,2025-03,new_sku,DOC010,0.07911215426706117,0
CHEM061,MOL04,2025-03,new_sku,DOC011,0.09677326109046591,0
CHEM061,MOL04,2025-03,new_sku,DOC013,0.07182536960453426,0
CHEM061,MOL04,2025-03,new_sku,DOC014,0.09919653746422374,0
CHEM061,MOL04,2025-03,new_sku,DOC020,0.09805610944193001,0
CHEM061,MOL04,2025-03,new_sku,DOC022,0.07652307360683433,0
CHEM061,MOL04,2025-03,new_sku,DOC039,0.08827848056011023,0
CHEM061,MOL04,2025-03,new_sku,DOC047,0.08375824785268636,0
CHEM061,MOL04,2025-03,new_sku,DOC049,0.12061223986166364,0
CHEM061,MOL04,2025-03,new_sku,DOC050,0.08758203706168004,0
CHEM071,MOL05,2025-01,new_sku,DOC002,0.09992697362199968,0
CHEM071,MOL05,2025-01,new_sku,DOC004,0.06577031120627067,0
CHEM071,MOL05,2025-01,new_sku,DOC008,0.04604323397580502,0
CHEM071,MOL05,2025-01,new_sku,DOC012,0.048040731973031825,0
CHEM071,MOL05,2025-01,new_sku,DOC017,0.04702849747266666,0
CHEM071,MOL05,2025-01,new_sku,DOC019,0.08312505207319286,0
CHEM071,MOL05,2025-01,new_sku,DOC024,0.14538923101260817,0
CHEM071,MOL05,2025-01,new_sku,DOC029,0.05636195398667949,0
CHEM071,MOL05,2025-01,new_sku,DOC037,0.07777035470368483,0
CHEM071,MOL05,2025-01,new_sku,DOC038,0.05721936878629334,0
CHEM071,MOL05,2025-01,new_sku,DOC044,0.05505646846832236,0
CHEM071,MOL05,2025-01,new_sku,DOC045,0.08185120064319161,0
CHEM071,MOL05,2025-01,new_sku,DOC047,0.042540667605360634,0
CHEM071,MOL05,2025-01,new_sku,DOC048,0.09387595447089284,0
CHEM003,MOL01,2025-05,new_sku,DOC016,0.18521690978474498,0
CHEM003,MOL01,2025-05,new_sku,DOC023,0.15919196866522609,0
CHEM003,MOL01,2025-05,new_sku,DOC026,0.13852716218290798,0
CHEM003,MOL01,2025-05,new_sku,DOC028,0.11800188048385074,0
CHEM003,MOL01,2025-05,new_sku,DOC041,0.18076794156870496,0
CHEM003,MOL01,2025-05,new_sku,DOC045,0.21829413731456523,0
CHEM040,MOL03,2025-01,new_sku,DOC007,0.09522482224404841,0
CHEM040,MOL03,2025-01,new_sku,DOC008,0.20888598781480494,0
CHEM040,MOL03,2025-01,new_sku,DOC011,0.14968688543736625,0
CHEM040,MOL03,2025-01,new_sku,DOC014,0.16091622466426903,0
CHEM040,MOL03,2025-01,new_sku,DOC019,0.10643153404366594,0
CHEM040,MOL03,2025-01,new_sku,DOC020,0.05847381034989716,0
CHEM040,MOL03,2025-01,new_sku,DOC024,0.07499633900914744,0
CHEM040,MOL03,2025-01,new_sku,DOC031,0.059843501800649235,0
CHEM040,MOL03,2025-01,new_sku,DOC044,0.08554089463615161,0
CHEM128,MOL01,2025-06,new_sku,DOC001,0.18054401741215836,0
CHEM128,MOL01,2025-06,new_sku,DOC015,0.2623489209734568,0
CHEM128,MOL01,2025-06,new_sku,DOC016,0.0737300654977252,0
CHEM128,MOL01,2025-06,new_sku,DOC030,0.11346663742734794,0
CHEM128,MOL01,2025-06,new_sku,DOC033,0.09016349848098018,0
CHEM128,MOL01,2025-06,new_sku,DOC041,0.06918141484705263,0
CHEM128,MOL01,2025-06,new_sku,DOC043,0.1338109189951519,0
CHEM128,MOL01,2025-06,new_sku,DOC046,0.07675452636612692,0
CHEM016,MOL03,2025-06,new_sku,DOC007,0.05872934171813533,0
CHEM016,MOL03,2025-06,new_sku,DOC008,0.0489462178452719,0
CHEM016,MOL03,2025-06,new_sku,DOC009,0.06251259275637015,0
CHEM016,MOL03,2025-06,new_sku,DOC011,0.05050082968147119,0
CHEM016,MOL03,2025-06,new_sku,DOC014,0.05526340997260206,0
CHEM016,MOL03,2025-06,new_sku,DOC019,0.05597036750943079,0
CHEM016,MOL03,2025-06,new_sku,DOC021,0.06427923308203265,0
CHEM016,MOL03,2025-06,new_sku,DOC024,0.09903968596868969,0
CHEM016,MOL03,2025-06,new_sku,DOC028,0.06002730059370855,0
CHEM016,MOL03,2025-06,new_sku,DOC031,0.04244331231566878,0
CHEM016,MOL03,2025-06,new_sku,DOC037,0.04886217839434855,0
CHEM016,MOL03,2025-06,new_sku,DOC040,0.05036162993070572,0
CHEM016,MOL03,2025-06,new_sku,DOC044,0.3030639002315647,0
CHEM028,MOL02,2025-04,new_sku,DOC004,0.08686534407672926,0
CHEM028,MOL02,2025-04,new_sku,DOC006,0.06799604249278172,0
CHEM028,MOL02,2025-04,new_sku,DOC013,0.18865810523276885,0
CHEM028,MOL02,2025-04,new_sku,DOC016,0.06648039236060511,0
CHEM028,MOL02,2025-04,new_sku,DOC022,0.06561108312571087,0
CHEM028,MOL02,2025-04,new_sku,DOC030,0.14785210186969328,0
CHEM028,MOL02,2025-04,new_sku,DOC031,0.12431275282271179,0
CHEM028,MOL02,2025-04,new_sku,DOC034,0.06999555718231512,0
CHEM028,MOL02,2025-04,new_sku,DOC046,0.08041477369592165,0
CHEM028,MOL02,2025-04,new_sku,DOC048,0.10181384714076236,0
CHEM143,MOL03,2025-04,new_sku,DOC007,0.05979888168086919,0
CHEM143,MOL03,2025-04,new_sku,DOC008,0.33339631965223815,0
CHEM143,MOL03,2025-04,new_sku,DOC011,0.09411072871264056,0
CHEM143,MOL03,2025-04,new_sku,DOC014,0.08889422347960806,0
CHEM143,MOL03,2025-04,new_sku,DOC019,0.10537438580044513,0
CHEM143,MOL03,2025-04,new_sku,DOC020,0.09121223941542232,0
CHEM143,MOL03,2025-04,new_sku,DOC024,0.056552891444394814,0
CHEM143,MOL03,2025-04,new_sku,DOC031,0.06373819725100607,0
CHEM143,MOL03,2025-04,new_sku,DOC043,0.05367625740682179,0
CHEM143,MOL03,2025-04,new_sku,DOC044,0.05324587515655393,0
CHEM097,MOL03,2025-06,new_sku,DOC008,0.09106842051419337,0
CHEM097,MOL03,2025-06,new_sku,DOC015,0.05748880099282632,0
CHEM097,MOL03,2025-06,new_sku,DOC019,0.1516921355299782,0
CHEM097,MOL03,2025-06,new_sku,DOC020,0.13409384597593568,0
CHEM097,MOL03,2025-06,new_sku,DOC024,0.07215448621194319,0
CHEM097,MOL03,2025-06,new_sku,DOC027,0.0716467672590312,0
CHEM097,MOL03,2025-06,new_sku,DOC031,0.17893405849100483,0
CHEM097,MOL03,2025-06,new_sku,DOC033,0.08775141729904352,0
CHEM097,MOL03,2025-06,new_sku,DOC043,0.15517006772604372,0
CHEM011,MOL04,2025-06,new_sku,DOC002,0.07610535169461763,0
CHEM011,MOL04,2025-06,new_sku,DOC010,0.11061482023076849,0
CHEM011,MOL04,2025-06,new_sku,DOC011,0.07693198962888888,0
CHEM011,MOL04,2025-06,new_sku,DOC014,0.08268488902328722,0
CHEM011,MOL04,2025-06,new_sku,DOC018,0.07214650615861597,0
CHEM011,MOL04,2025-06,new_sku,DOC022,0.08809878664641044,0
CHEM011,MOL04,2025-06,new_sku,DOC038,0.07120461229935904,0
CHEM011,MOL04,2025-06,new_sku,DOC039,0.1477967550114376,0
CHEM011,MOL04,2025-06,new_sku,DOC047,0.1047008796184837,0
CHEM011,MOL04,2025-06,new_sku,DOC049,0.08303314998576927,0
CHEM011,MOL04,2025-06,new_sku,DOC050,0.0866822597023618,0
CHEM076,MOL05,2025-06,new_sku,DOC002,0.07241365461961276,0
CHEM076,MOL05,2025-06,new_sku,DOC004,0.1978683752760567,0
CHEM076,MOL05,2025-06,new_sku,DOC007,0.06416766491190039,0
CHEM076,MOL05,2025-06,new_sku,DOC008,0.20071313397946938,0
CHEM076,MOL05,2025-06,new_sku,DOC019,0.18149124786159046,0
CHEM076,MOL05,2025-06,new_sku,DOC024,0.07810322059206745,0
CHEM076,MOL05,2025-06,new_sku,DOC029,0.14031846319686156,0
CHEM076,MOL05,2025-06,new_sku,DOC044,0.06492423956244127,0
CHEM146,MOL02,2025-05,new_sku,DOC004,0.1499291819849081,0
CHEM146,MOL02,2025-05,new_sku,DOC013,0.07214836159621835,0
CHEM146,MOL02,2025-05,new_sku,DOC016,0.05606348384640282,0
CHEM146,MOL02,2025-05,new_sku,DOC022,0.06921168732536555,0
CHEM146,MOL02,2025-05,new_sku,DOC030,0.0868853908009628,0
CHEM146,MOL02,2025-05,new_sku,DOC031,0.22229762406598935,0
CHEM146,MOL02,2025-05,new_sku,DOC032,0.10641894888168867,0
CHEM146,MOL02,2025-05,new_sku,DOC034,0.049274290854762204,0
CHEM146,MOL02,2025-05,new_sku,DOC039,0.06546480771076847,0
CHEM146,MOL02,2025-05,new_sku,DOC046,0.047563839162996974,0
CHEM146,MOL02,2025-05,new_sku,DOC048,0.07474238376993673,0
CHEM120,MOL03,2025-05,new_sku,DOC006,0.07457878902222961,0
CHEM120,MOL03,2025-05,new_sku,DOC009,0.21754571690886929,0
CHEM120,MOL03,2025-05,new_sku,DOC012,0.08096370998557699,0
CHEM120,MOL03,2025-05,new_sku,DOC021,0.10346111554092492,0
CHEM120,MOL03,2025-05,new_sku,DOC024,0.07700247383510024,0
CHEM120,MOL03,2025-05,new_sku,DOC028,0.09859077715152892,0
CHEM120,MOL03,2025-05,new_sku,DOC037,0.13067821283969216,0
CHEM120,MOL03,2025-05,new_sku,DOC040,0.1313093849902325,0
CHEM120,MOL03,2025-05,new_sku,DOC041,0.08586981972584534,0
CHEM136,MOL02,2025-04,new_sku,DOC004,0.1577433352062623,0
CHEM136,MOL02,2025-04,new_sku,DOC030,0.2178995809518392,0
CHEM136,MOL02,2025-04,new_sku,DOC046,0.6243570838418986,0
CHEM139,MOL03,2025-04,new_sku,DOC006,0.05910906145229725,0
CHEM139,MOL03,2025-04,new_sku,DOC015,0.29687348460989194,0
CHEM139,MOL03,2025-04,new_sku,DOC025,0.09593719995572743,0
CHEM139,MOL03,2025-04,new_sku,DOC027,0.2525631593299061,0
CHEM139,MOL03,2025-04,new_sku,DOC031,0.08299622337262788,0
CHEM139,MOL03,2025-04,new_sku,DOC033,0.09403936570583801,0
CHEM139,MOL03,2025-04,new_sku,DOC043,0.11848150557371144,0
CHEM098,MOL02,2025-01,new_sku,DOC004,0.3118218115988374,0
CHEM098,MOL02,2025-01,new_sku,DOC030,0.2597033892065623,0
CHEM098,MOL02,2025-01,new_sku,DOC031,0.20116924886018964,0
CHEM098,MOL02,2025-01,new_sku,DOC046,0.2273055503344108,0
CHEM062,MOL03,2025-06,new_sku,DOC006,0.0615587509774221,0
CHEM062,MOL03,2025-06,new_sku,DOC009,0.13741956184337278,0
CHEM062,MOL03,2025-06,new_sku,DOC012,0.06300338882499494,0
CHEM062,MOL03,2025-06,new_sku,DOC019,0.05630100589534287,0
CHEM062,MOL03,2025-06,new_sku,DOC021,0.07803965069063386,0
CHEM062,MOL03,2025-06,new_sku,DOC024,0.10813470687811186,0
CHEM062,MOL03,2025-06,new_sku,DOC028,0.072472889520285,0
CHEM062,MOL03,2025-06,new_sku,DOC031,0.053922825870620625,0
CHEM062,MOL03,2025-06,new_sku,DOC037,0.14734199635691228,0
CHEM062,MOL03,2025-06,new_sku,DOC040,0.07702621756425444,0
CHEM062,MOL03,2025-06,new_sku,DOC041,0.06683538421400444,0
CHEM062,MOL03,2025-06,new_sku,DOC044,0.07794362136404483,0
CHEM100,MOL02,2025-05,new_sku,DOC004,0.171212162528961,0
CHEM100,MOL02,2025-05,new_sku,DOC031,0.14625639745849728,0
CHEM100,MOL02,2025-05,new_sku,DOC032,0.2425656935966905,0
CHEM100,MOL02,2025-05,new_sku,DOC039,0.16545814423234723,0
CHEM100,MOL02,2025-05,new_sku,DOC042,0.27450760218350406,0
CHEM040,MOL05,2025-03,new_sku,DOC004,0.06428295318523322,0
CHEM040,MOL05,2025-03,new_sku,DOC007,0.08218953873937057,0
CHEM040,MOL05,2025-03,new_sku,DOC008,0.1802916779788436,0
CHEM040,MOL05,2025-03,new_sku,DOC019,0.0918621687521107,0
CHEM040,MOL05,2025-03,new_sku,DOC024,0.06473012356490421,0
CHEM040,MOL05,2025-03,new_sku,DOC029,0.36788898750545085,0
CHEM040,MOL05,2025-03,new_sku,DOC044,0.07383123966858139,0
CHEM040,MOL05,2025-03,new_sku,DOC047,0.07492331060550554,0
CHEM083,MOL01,2025-01,new_sku,DOC010,0.21097449575332375,0
CHEM083,MOL01,2025-01,new_sku,DOC026,0.22552911913525012,0
CHEM083,MOL01,2025-01,new_sku,DOC028,0.22447591817383178,0
CHEM083,MOL01,2025-01,new_sku,DOC029,0.07511806463349306,0
CHEM083,MOL01,2025-01,new_sku,DOC032,0.09813360726603286,0
CHEM083,MOL01,2025-01,new_sku,DOC045,0.07709402150115474,0
CHEM083,MOL01,2025-01,new_sku,DOC050,0.08867477353691368,0
CHEM012,MOL02,2025-02,new_sku,DOC005,0.09448680354848454,0
CHEM012,MOL02,2025-02,new_sku,DOC006,0.10426601421747689,0
CHEM012,MOL02,2025-02,new_sku,DOC013,0.19274890794613087,0
CHEM012,MOL02,2025-02,new_sku,DOC016,0.08255486331465135,0
CHEM012,MOL02,2025-02,new_sku,DOC022,0.07133937210632392,0
CHEM012,MOL02,2025-02,new_sku,DOC023,0.07931995709699513,0
CHEM012,MOL02,2025-02,new_sku,DOC030,0.07860701384225136,0
CHEM012,MOL02,2025-02,new_sku,DOC031,0.07836970197919031,0
CHEM012,MOL02,2025-02,new_sku,DOC034,0.1014987988631064,0
CHEM012,MOL02,2025-02,new_sku,DOC048,0.11680856708538921,0
CHEM028,MOL04,2025-02,new_sku,DOC001,0.1109565207260475,0
CHEM028,MOL04,2025-02,new_sku,DOC002,0.11466132085979712,0
CHEM028,MOL04,2025-02,new_sku,DOC013,0.12738756522443442,0
CHEM028,MOL04,2025-02,new_sku,DOC017,0.08307531653215668,0
CHEM028,MOL04,2025-02,new_sku,DOC020,0.04129897161888882,0
CHEM028,MOL04,2025-02,new_sku,DOC022,0.04430255525364271,0
CHEM028,MOL04,2025-02,new_sku,DOC025,0.062066431059531836,0
CHEM028,MOL04,2025-02,new_sku,DOC027,0.2388081788070911,0
CHEM028,MOL04,2025-02,new_sku,DOC034,0.047263082574593995,0
CHEM028,MOL04,2025-02,new_sku,DOC035,0.13018005734381577,0
CHEM147,MOL04,2025-06,new_sku,DOC002,0.06484419757849862,0
CHEM147,MOL04,2025-06,new_sku,DOC013,0.08478872523761179,0
CHEM147,MOL04,2025-06,new_sku,DOC017,0.09232775839099815,0
CHEM147,MOL04,2025-06,new_sku,DOC022,0.08039908246168762,0
CHEM147,MOL04,2025-06,new_sku,DOC025,0.08128650794599925,0
CHEM147,MOL04,2025-06,new_sku,DOC027,0.06303662017118973,0
CHEM147,MOL04,2025-06,new_sku,DOC034,0.3885415085890133,0
CHEM147,MOL04,2025-06,new_sku,DOC035,0.04454585589852918,0
CHEM147,MOL04,2025-06,new_sku,DOC036,0.04620854623001924,0
CHEM147,MOL04,2025-06,new_sku,DOC038,0.054021197496453094,0
CHEM066,MOL01,2025-03,new_sku,DOC001,0.08098804793798786,0
CHEM066,MOL01,2025-03,new_sku,DOC015,0.06669359365970066,0
CHEM066,MOL01,2025-03,new_sku,DOC029,0.08797584991304394,0
CHEM066,MOL01,2025-03,new_sku,DOC030,0.21905401571360034,0
CHEM066,MOL01,2025-03,new_sku,DOC032,0.0801448102075621,0
CHEM066,MOL01,2025-03,new_sku,DOC033,0.10052699662741928,0
CHEM066,MOL01,2025-03,new_sku,DOC043,0.1989879152311694,0
CHEM066,MOL01,2025-03,new_sku,DOC046,0.09440911631069393,0
CHEM066,MOL01,2025-03,new_sku,DOC049,0.0712196543988225,0
CHEM019,MOL01,2025-02,new_sku,DOC016,0.06656884358114933,0
CHEM019,MOL01,2025-02,new_sku,DOC023,0.7429756267508629,0
CHEM019,MOL01,2025-02,new_sku,DOC041,0.1421972730208116,0
CHEM019,MOL01,2025-02,new_sku,DOC045,0.04825825664717608,0
CHEM120,MOL01,2025-03,new_sku,DOC016,0.14344753331387758,0
CHEM120,MOL01,2025-03,new_sku,DOC023,0.1084526957426337,0
CHEM120,MOL01,2025-03,new_sku,DOC026,0.18019047103143074,0
CHEM120,MOL01,2025-03,new_sku,DOC028,0.14344287530966301,0
CHEM120,MOL01,2025-03,new_sku,DOC032,0.10552769481752836,0
CHEM120,MOL01,2025-03,new_sku,DOC041,0.12493474744464632,0
CHEM120,MOL01,2025-03,new_sku,DOC045,0.19400398234022026,0
CHEM015,MOL05,2025-03,new_sku,DOC003,0.030115686149488955,0
CHEM015,MOL05,2025-03,new_sku,DOC007,0.061785841633950844,0
CHEM015,MOL05,2025-03,new_sku,DOC008,0.03155729536962682,0
CHEM015,MOL05,2025-03,new_sku,DOC018,0.03662230008157324,0
CHEM015,MOL05,2025-03,new_sku,DOC019,0.028695693151624912,0
CHEM015,MOL05,2025-03,new_sku,DOC024,0.03521861169899703,0
CHEM015,MOL05,2025-03,new_sku,DOC029,0.04268381440928188,0
CHEM015,MOL05,2025-03,new_sku,DOC044,0.09892896850171831,0
CHEM015,MOL05,2025-03,new_sku,DOC047,0.6343917890037379,0
CHEM019,MOL03,2025-01,new_sku,DOC006,0.2222316063736127,0
CHEM019,MOL03,2025-01,new_sku,DOC012,0.3139783347548177,0
CHEM019,MOL03,2025-01,new_sku,DOC025,0.09033360438188692,0
CHEM019,MOL03,2025-01,new_sku,DOC037,0.09973989037814059,0
CHEM019,MOL03,2025-01,new_sku,DOC041,0.27371656411154205,0
CHEM025,MOL01,2025-06,new_sku,DOC010,0.07979367572824177,0
CHEM025,MOL01,2025-06,new_sku,DOC029,0.07997739586638149,0
CHEM025,MOL01,2025-06,new_sku,DOC032,0.055034809313132566,0
CHEM025,MOL01,2025-06,new_sku,DOC042,0.46186784683362775,0
CHEM025,MOL01,2025-06,new_sku,DOC049,0.10001786869257179,0
CHEM025,MOL01,2025-06,new_sku,DOC050,0.2233084035660447,0
CHEM099,MOL02,2025-02,new_sku,DOC003,0.1595527716003178,0
CHEM099,MOL02,2025-02,new_sku,DOC009,0.1212166056353974,0
CHEM099,MOL02,2025-02,new_sku,DOC021,0.14378807025197554,0
CHEM099,MOL02,2025-02,new_sku,DOC022,0.07600498610914866,0
CHEM099,MOL02,2025-02,new_sku,DOC026,0.15215228619034532,0
CHEM099,MOL02,2025-02,new_sku,DOC032,0.11600053026334976,0
CHEM099,MOL02,2025-02,new_sku,DOC039,0.16358112638211905,0
CHEM099,MOL02,2025-02,new_sku,DOC042,0.06770362356734652,0
CHEM148,MOL03,2025-06,new_sku,DOC006,0.09052011343571109,0
CHEM148,MOL03,2025-06,new_sku,DOC009,0.061438494758542204,0
CHEM148,MOL03,2025-06,new_sku,DOC012,0.08383963781856012,0
CHEM148,MOL03,2025-06,new_sku,DOC019,0.06853678290867145,0
CHEM148,MOL03,2025-06,new_sku,DOC024,0.11123414718296842,0
CHEM148,MOL03,2025-06,new_sku,DOC025,0.055182549283069024,0
CHEM148,MOL03,2025-06,new_sku,DOC027,0.06682857858385798,0
CHEM148,MOL03,2025-06,new_sku,DOC031,0.08142990636166605,0
CHEM148,MOL03,2025-06,new_sku,DOC037,0.17050207998010497,0
CHEM148,MOL03,2025-06,new_sku,DOC041,0.08838650413285311,0
CHEM148,MOL03,2025-06,new_sku,DOC043,0.06469698647289819,0
CHEM148,MOL03,2025-06,new_sku,DOC044,0.05740421908109741,0
CHEM027,MOL02,2025-02,new_sku,DOC003,0.21850889408351581,0
CHEM027,MOL02,2025-02,new_sku,DOC009,0.1460658745272174,0
CHEM027,MOL02,2025-02,new_sku,DOC016,0.04556936676364286,0
CHEM027,MOL02,2025-02,new_sku,DOC021,0.15120646539547591,0
CHEM027,MOL02,2025-02,new_sku,DOC022,0.056694109859605546,0
CHEM027,MOL02,2025-02,new_sku,DOC026,0.20236107387065708,0
CHEM027,MOL02,2025-02,new_sku,DOC032,0.06660212995114215,0
CHEM027,MOL02,2025-02,new_sku,DOC039,0.11299208554874322,0
CHEM087,MOL02,2025-05,new_sku,DOC004,0.12808097457754591,0
CHEM087,MOL02,2025-05,new_sku,DOC013,0.1492019389154494,0
CHEM087,MOL02,2025-05,new_sku,DOC030,0.2686383936764175,0
CHEM087,MOL02,2025-05,new_sku,DOC031,0.1485492273676851,0
CHEM087,MOL02,2025-05,new_sku,DOC046,0.20126184027727523,0
CHEM087,MOL02,2025-05,new_sku,DOC048,0.10426762518562688,0
CHEM081,MOL05,2025-03,new_sku,DOC002,0.13579134714999838,0
CHEM081,MOL05,2025-03,new_sku,DOC004,0.18064540002205617,0
CHEM081,MOL05,2025-03,new_sku,DOC008,0.06319731406957461,0
CHEM081,MOL05,2025-03,new_sku,DOC017,0.05258357870703863,0
CHEM081,MOL05,2025-03,new_sku,DOC019,0.1401614075541064,0
CHEM081,MOL05,2025-03,new_sku,DOC024,0.07935954789348197,0
CHEM081,MOL05,2025-03,new_sku,DOC029,0.06749212175899225,0
CHEM081,MOL05,2025-03,new_sku,DOC035,0.05891833737135634,0
CHEM081,MOL05,2025-03,new_sku,DOC037,0.05026140065868988,0
CHEM081,MOL05,2025-03,new_sku,DOC044,0.047539429520045313,0
CHEM081,MOL05,2025-03,new_sku,DOC045,0.05123592803081795,0
CHEM081,MOL05,2025-03,new_sku,DOC048,0.07281418726384202,0
CHEM111,MOL03,2025-05,new_sku,DOC007,0.14550889527086847,0
CHEM111,MOL03,2025-05,new_sku,DOC008,0.11653838890612962,0
CHEM111,MOL03,2025-05,new_sku,DOC011,0.19459074068976093,0
CHEM111,MOL03,2025-05,new_sku,DOC014,0.2656211861427095,0
CHEM111,MOL03,2025-05,new_sku,DOC019,0.07340770918806007,0
CHEM111,MOL03,2025-05,new_sku,DOC024,0.06427450676168943,0
CHEM111,MOL03,2025-05,new_sku,DOC031,0.04707774300966101,0
CHEM111,MOL03,2025-05,new_sku,DOC044,0.0929808300311209,0
CHEM140,MOL02,2025-04,new_sku,DOC003,0.16092873080937495,0
CHEM140,MOL02,2025-04,new_sku,DOC009,0.12039609556688734,0
CHEM140,MOL02,2025-04,new_sku,DOC021,0.16670772603118716,0
CHEM140,MOL02,2025-04,new_sku,DOC026,0.15594112475625319,0
CHEM140,MOL02,2025-04,new_sku,DOC032,0.12824784239984274,0
CHEM140,MOL02,2025-04,new_sku,DOC039,0.1401312951337231,0
CHEM140,MOL02,2025-04,new_sku,DOC042,0.12764718530273161,0
CHEM116,MOL04,2025-04,new_sku,DOC001,0.2194039274546977,0
CHEM116,MOL04,2025-04,new_sku,DOC002,0.12417587978624092,0
CHEM116,MOL04,2025-04,new_sku,DOC013,0.11193826428204981,0
CHEM116,MOL04,2025-04,new_sku,DOC017,0.09173738799254356,0
CHEM116,MOL04,2025-04,new_sku,DOC020,0.12303587425049899,0
CHEM116,MOL04,2025-04,new_sku,DOC027,0.1414337520186335,0
CHEM116,MOL04,2025-04,new_sku,DOC035,0.18827491421533554,0
CHEM073,MOL05,2025-01,new_sku,DOC002,0.1504827085899293,0
CHEM073,MOL05,2025-01,new_sku,DOC004,0.14963622745072033,0
CHEM073,MOL05,2025-01,new_sku,DOC008,0.06122913366319752,0
CHEM073,MOL05,2025-01,new_sku,DOC017,0.05401460327143468,0
CHEM073,MOL05,2025-01,new_sku,DOC019,0.13684029749240767,0
CHEM073,MOL05,2025-01,new_sku,DOC024,0.0862387574617204,0
CHEM073,MOL05,2025-01,new_sku,DOC029,0.06716677199214788,0
CHEM073,MOL05,2025-01,new_sku,DOC035,0.057633209361923246,0
CHEM073,MOL05,2025-01,new_sku,DOC037,0.053748924023632974,0
CHEM073,MOL05,2025-01,new_sku,DOC044,0.04907203596263846,0
CHEM073,MOL05,2025-01,new_sku,DOC045,0.05487690548630914,0
CHEM073,MOL05,2025-01,new_sku,DOC048,0.07906042524393837,0
CHEM078,MOL01,2025-03,new_sku,DOC001,0.44096792049041933,0
CHEM078,MOL01,2025-03,new_sku,DOC015,0.1438874884285406,0
CHEM078,MOL01,2025-03,new_sku,DOC030,0.10994133897202227,0
CHEM078,MOL01,2025-03,new_sku,DOC033,0.11127534288019279,0
CHEM078,MOL01,2025-03,new_sku,DOC043,0.10860361658203882,0
CHEM078,MOL01,2025-03,new_sku,DOC046,0.08532429264678627,0
CHEM081,MOL01,2025-06,new_sku,DOC001,0.07330868841140985,0
CHEM081,MOL01,2025-06,new_sku,DOC015,0.06536221695165526,0
CHEM081,MOL01,2025-06,new_sku,DOC016,0.0657116373015375,0
CHEM081,MOL01,2025-06,new_sku,DOC029,0.08535171509165757,0
CHEM081,MOL01,2025-06,new_sku,DOC030,0.14932005837021362,0
CHEM081,MOL01,2025-06,new_sku,DOC032,0.09767029361751367,0
CHEM081,MOL01,2025-06,new_sku,DOC033,0.07494681045782021,0
CHEM081,MOL01,2025-06,new_sku,DOC043,0.19130395249444473,0
CHEM081,MOL01,2025-06,new_sku,DOC045,0.06479384878962414,0
CHEM081,MOL01,2025-06,new_sku,DOC046,0.06887639119314187,0
CHEM081,MOL01,2025-06,new_sku,DOC049,0.06335438732098159,0
CHEM131,MOL05,2025-05,new_sku,DOC002,0.16045299614739475,0
CHEM131,MOL05,2025-05,new_sku,DOC004,0.12413655489532749,0
CHEM131,MOL05,2025-05,new_sku,DOC017,0.13031367507089364,0
CHEM131,MOL05,2025-05,new_sku,DOC019,0.09565875025628554,0
CHEM131,MOL05,2025-05,new_sku,DOC035,0.3821908863801745,0
CHEM131,MOL05,2025-05,new_sku,DOC048,0.10724713724992413,0
CHEM010,MOL04,2025-03,new_sku,DOC010,0.07031719149936894,0
CHEM010,MOL04,2025-03,new_sku,DOC011,0.15838106667086171,0
CHEM010,MOL04,2025-03,new_sku,DOC014,0.15407669274953345,0
CHEM010,MOL04,2025-03,new_sku,DOC020,0.0862320721356603,0
CHEM010,MOL04,2025-03,new_sku,DOC039,0.061134065969304326,0
CHEM010,MOL04,2025-03,new_sku,DOC047,0.0823827929756336,0
CHEM010,MOL04,2025-03,new_sku,DOC049,0.28022495076261855,0
CHEM010,MOL04,2025-03,new_sku,DOC050,0.10725116723701907,0
CHEM068,MOL03,2025-05,new_sku,DOC006,0.189425362077229,0
CHEM068,MOL03,2025-05,new_sku,DOC012,0.18237995141924473,0
CHEM068,MOL03,2025-05,new_sku,DOC015,0.11575667236448835,0
CHEM068,MOL03,2025-05,new_sku,DOC025,0.22512743551189096,0
CHEM068,MOL03,2025-05,new_sku,DOC027,0.11848640515125217,0
CHEM068,MOL03,2025-05,new_sku,DOC041,0.1688241734758948,0
CHEM066,MOL03,2025-01,new_sku,DOC008,0.08179494127758466,0
CHEM066,MOL03,2025-01,new_sku,DOC015,0.05844139423639259,0
CHEM066,MOL03,2025-01,new_sku,DOC019,0.13937794798998251,0
CHEM066,MOL03,2025-01,new_sku,DOC020,0.11862895572582659,0
CHEM066,MOL03,2025-01,new_sku,DOC024,0.06984270520075558,0
CHEM066,MOL03,2025-01,new_sku,DOC027,0.07394975337017118,0
CHEM066,MOL03,2025-01,new_sku,DOC031,0.19550927341617122,0
CHEM066,MOL03,2025-01,new_sku,DOC033,0.08808848824791136,0
CHEM066,MOL03,2025-01,new_sku,DOC043,0.17436654053520428,0
CHEM056,MOL01,2025-06,new_sku,DOC016,0.2529252245904593,0
CHEM056,MOL01,2025-06,new_sku,DOC023,0.22040451636206232,0
CHEM056,MOL01,2025-06,new_sku,DOC041,0.32970901410923326,0
CHEM056,MOL01,2025-06,new_sku,DOC045,0.19696124493824504,0
CHEM045,MOL04,2025-06,new_sku,DOC001,0.08121783643591632,0
CHEM045,MOL04,2025-06,new_sku,DOC002,0.23747029450885024,0
CHEM045,MOL04,2025-06,new_sku,DOC013,0.12463603058669996,0
CHEM045,MOL04,2025-06,new_sku,DOC017,0.07232459024898659,0
CHEM045,MOL04,2025-06,new_sku,DOC020,0.05764882766084822,0
CHEM045,MOL04,2025-06,new_sku,DOC022,0.061309182467374816,0
CHEM045,MOL04,2025-06,new_sku,DOC025,0.056295075537594136,0
CHEM045,MOL04,2025-06,new_sku,DOC027,0.1207943971243976,0
CHEM045,MOL04,2025-06,new_sku,DOC034,0.05537928976339249,0
CHEM045,MOL04,2025-06,new_sku,DOC035,0.08534864192006934,0
CHEM045,MOL04,2025-06,new_sku,DOC039,0.04757583374587035,0
CHEM077,MOL01,2025-06,new_sku,DOC010,0.08387858326602313,0
CHEM077,MOL01,2025-06,new_sku,DOC016,0.1420339225690219,0
CHEM077,MOL01,2025-06,new_sku,DOC023,0.0908302467363725,0
CHEM077,MOL01,2025-06,new_sku,DOC026,0.13559718434767692,0
CHEM077,MOL01,2025-06,new_sku,DOC028,0.10585743487691372,0
CHEM077,MOL01,2025-06,new_sku,DOC032,0.10065814945505427,0
CHEM077,MOL01,2025-06,new_sku,DOC041,0.11045857530912868,0
CHEM077,MOL01,2025-06,new_sku,DOC045,0.23068590343980883,0
CHEM015,MOL03,2025-03,new_sku,DOC007,0.14446616970993892,0
CHEM015,MOL03,2025-03,new_sku,DOC008,0.07378650946384557,0
CHEM015,MOL03,2025-03,new_sku,DOC009,0.059467445540387506,0
CHEM015,MOL03,2025-03,new_sku,DOC011,0.09537557181491359,0
CHEM015,MOL03,2025-03,new_sku,DOC014,0.10940400529598782,0
CHEM015,MOL03,2025-03,new_sku,DOC019,0.06709557994446781,0
CHEM015,MOL03,2025-03,new_sku,DOC021,0.06963351319122868,0
CHEM015,MOL03,2025-03,new_sku,DOC024,0.0823473112950198,0
CHEM015,MOL03,2025-03,new_sku,DOC028,0.06711055763283241,0
CHEM015,MOL03,2025-03,new_sku,DOC044,0.23131333611137794,0
CHEM031,MOL02,2025-06,new_sku,DOC004,0.29785568182364486,0
CHEM031,MOL02,2025-06,new_sku,DOC031,0.2162622635064972,0
CHEM031,MOL02,2025-06,new_sku,DOC032,0.21092335404380655,0
CHEM031,MOL02,2025-06,new_sku,DOC042,0.2749587006260514,0
CHEM014,MOL03,2025-05,new_sku,DOC007,0.0806931726711247,0
CHEM014,MOL03,2025-05,new_sku,DOC009,0.12177409104900126,0
CHEM014,MOL03,2025-05,new_sku,DOC021,0.2278056797911888,0
CHEM014,MOL03,2025-05,new_sku,DOC024,0.08414469379360853,0
CHEM014,MOL03,2025-05,new_sku,DOC028,0.21384531593521466,0
CHEM014,MOL03,2025-05,new_sku,DOC040,0.1286039783999342,0
CHEM014,MOL03,2025-05,new_sku,DOC044,0.14313306835992792,0
CHEM139,MOL05,2025-02,new_sku,DOC002,0.12522350006158967,0
CHEM139,MOL05,2025-02,new_sku,DOC004,0.0801467026149261,0
CHEM139,MOL05,2025-02,new_sku,DOC017,0.14518116716379473,0
CHEM139,MOL05,2025-02,new_sku,DOC035,0.5553872255944146,0
CHEM139,MOL05,2025-02,new_sku,DOC048,0.09406140456527491,0
CHEM057,MOL02,2025-01,new_sku,DOC004,0.14763918493767383,0
CHEM057,MOL02,2025-01,new_sku,DOC030,0.2061003776222275,0
CHEM057,MOL02,2025-01,new_sku,DOC046,0.6462604374400986,0
CHEM148,MOL05,2025-01,new_sku,DOC002,0.0800251073956938,0
CHEM148,MOL05,2025-01,new_sku,DOC004,0.04448056994560174,0
CHEM148,MOL05,2025-01,new_sku,DOC005,0.048495423015458845,0
CHEM148,MOL05,2025-01,new_sku,DOC012,0.062133719877958814,0
CHEM148,MOL05,2025-01,new_sku,DOC017,0.04947323169288459,0
CHEM148,MOL05,2025-01,new_sku,DOC019,0.050792744117045166,0
CHEM148,MOL05,2025-01,new_sku,DOC024,0.08243584444970231,0
CHEM148,MOL05,2025-01,new_sku,DOC029,0.03904404277670393,0
CHEM148,MOL05,2025-01,new_sku,DOC036,0.044524885818183854,0
CHEM148,MOL05,2025-01,new_sku,DOC037,0.12635942558601948,0
CHEM148,MOL05,2025-01,new_sku,DOC038,0.06796623052130668,0
CHEM148,MOL05,2025-01,new_sku,DOC044,0.04254237924926118,0
CHEM148,MOL05,2025-01,new_sku,DOC045,0.13107329698585168,0
CHEM148,MOL05,2025-01,new_sku,DOC048,0.13065309856832796,0
CHEM075,MOL04,2025-02,new_sku,DOC001,0.07776746534688157,0
CHEM075,MOL04,2025-02,new_sku,DOC002,0.20272283522150547,0
CHEM075,MOL04,2025-02,new_sku,DOC013,0.11078804245243586,0
CHEM075,MOL04,2025-02,new_sku,DOC017,0.0717321295682614,0
CHEM075,MOL04,2025-02,new_sku,DOC020,0.08152511947929342,0
CHEM075,MOL04,2025-02,new_sku,DOC022,0.08066236346678446,0
CHEM075,MOL04,2025-02,new_sku,DOC027,0.100579640214391,0
CHEM075,MOL04,2025-02,new_sku,DOC034,0.06406730838810948,0
CHEM075,MOL04,2025-02,new_sku,DOC035,0.07954175297670234,0
CHEM075,MOL04,2025-02,new_sku,DOC039,0.06888849865043045,0
CHEM075,MOL04,2025-02,new_sku,DOC049,0.06172484423520452,0
CHEM022,MOL04,2025-05,new_sku,DOC010,0.1308752613530341,0
CHEM022,MOL04,2025-05,new_sku,DOC018,0.3627129002934627,0
CHEM022,MOL04,2025-05,new_sku,DOC022,0.0516497168097572,0
CHEM022,MOL04,2025-05,new_sku,DOC036,0.05324833850194894,0
CHEM022,MOL04,2025-05,new_sku,DOC038,0.06635628213401094,0
CHEM022,MOL04,2025-05,new_sku,DOC039,0.09550647523898738,0
CHEM022,MOL04,2025-05,new_sku,DOC040,0.09700832228923006,0
CHEM022,MOL04,2025-05,new_sku,DOC047,0.08648542726244941,0
CHEM022,MOL04,2025-05,new_sku,DOC050,0.05615727611711921,0
CHEM103,MOL03,2025-01,new_sku,DOC008,0.09735858227875999,0
CHEM103,MOL03,2025-01,new_sku,DOC019,0.11300696416452063,0
CHEM103,MOL03,2025-01,new_sku,DOC020,0.33754442926203826,0
CHEM103,MOL03,2025-01,new_sku,DOC027,0.07302627543513587,0
CHEM103,MOL03,2025-01,new_sku,DOC031,0.11996050754328982,0
CHEM103,MOL03,2025-01,new_sku,DOC033,0.12805780856150564,0
CHEM103,MOL03,2025-01,new_sku,DOC043,0.13104543275474972,0
CHEM112,MOL02,2025-02,new_sku,DOC004,0.07204665711198792,0
CHEM112,MOL02,2025-02,new_sku,DOC005,0.06961874852319798,0
CHEM112,MOL02,2025-02,new_sku,DOC006,0.0779388274103936,0
CHEM112,MOL02,2025-02,new_sku,DOC013,0.18595822993274344,0
CHEM112,MOL02,2025-02,new_sku,DOC016,0.07000259768770609,0
CHEM112,MOL02,2025-02,new_sku,DOC022,0.06540573417471963,0
CHEM112,MOL02,2025-02,new_sku,DOC030,0.1084213561406951,0
CHEM112,MOL02,2025-02,new_sku,DOC031,0.09441609407734979,0
CHEM112,MOL02,2025-02,new_sku,DOC034,0.07827169448280061,0
CHEM112,MOL02,2025-02,new_sku,DOC046,0.07625079268151501,0
CHEM112,MOL02,2025-02,new_sku,DOC048,0.10166926777689078,0
CHEM051,MOL04,2025-04,new_sku,DOC001,0.1714389483125537,0
CHEM051,MOL04,2025-04,new_sku,DOC002,0.06940451412146788,0
CHEM051,MOL04,2025-04,new_sku,DOC013,0.08968497377834843,0
CHEM051,MOL04,2025-04,new_sku,DOC017,0.09254685605461248,0
CHEM051,MOL04,2025-04,new_sku,DOC025,0.0763194774197049,0
CHEM051,MOL04,2025-04,new_sku,DOC027,0.17154171126418338,0
CHEM051,MOL04,2025-04,new_sku,DOC034,0.043823358346324025,0
CHEM051,MOL04,2025-04,new_sku,DOC035,0.2852401607028053,0
CHEM135,MOL02,2025-02,new_sku,DOC004,0.20732873548640807,0
CHEM135,MOL02,2025-02,new_sku,DOC030,0.25065848476682534,0
CHEM135,MOL02,2025-02,new_sku,DOC031,0.16424131661062066,0
CHEM135,MOL02,2025-02,new_sku,DOC046,0.37777146313614596,0
CHEM106,MOL04,2025-03,new_sku,DOC001,0.08895258440668094,0
CHEM106,MOL04,2025-03,new_sku,DOC002,0.0881102867442725,0
CHEM106,MOL04,2025-03,new_sku,DOC020,0.6494230394386855,0
CHEM106,MOL04,2025-03,new_sku,DOC035,0.08381427818818842,0
CHEM106,MOL04,2025-03,new_sku,DOC049,0.08969981122217255,0
CHEM083,MOL03,2025-05,new_sku,DOC007,0.07653039625923973,0
CHEM083,MOL03,2025-05,new_sku,DOC009,0.12871691321993475,0
CHEM083,MOL03,2025-05,new_sku,DOC021,0.22682406425207496,0
CHEM083,MOL03,2025-05,new_sku,DOC024,0.08701822022331504,0
CHEM083,MOL03,2025-05,new_sku,DOC028,0.20525701387564133,0
CHEM083,MOL03,2025-05,new_sku,DOC040,0.1279861367319486,0
CHEM083,MOL03,2025-05,new_sku,DOC044,0.14766725543784562,0
CHEM044,MOL03,2025-05,new_sku,DOC006,0.05463873166256233,0
CHEM044,MOL03,2025-05,new_sku,DOC008,0.061871448206867734,0
CHEM044,MOL03,2025-05,new_sku,DOC012,0.05050359953935252,0
CHEM044,MOL03,2025-05,new_sku,DOC019,0.13210030704424017,0
CHEM044,MOL03,2025-05,new_sku,DOC020,0.05245156539125504,0
CHEM044,MOL03,2025-05,new_sku,DOC024,0.14195439108267718,0
CHEM044,MOL03,2025-05,new_sku,DOC027,0.06715789591478631,0
CHEM044,MOL03,2025-05,new_sku,DOC031,0.1618803742123343,0
CHEM044,MOL03,2025-05,new_sku,DOC037,0.07196303623250282,0
CHEM044,MOL03,2025-05,new_sku,DOC041,0.05171308140491856,0
CHEM044,MOL03,2025-05,new_sku,DOC043,0.09167129988435584,0
CHEM044,MOL03,2025-05,new_sku,DOC044,0.06209426942414709,0
CHEM038,MOL04,2025-01,new_sku,DOC002,0.1361989627547742,0
CHEM038,MOL04,2025-01,new_sku,DOC010,0.07162771464166792,0
CHEM038,MOL04,2025-01,new_sku,DOC013,0.09325635928056339,0
CHEM038,MOL04,2025-01,new_sku,DOC017,0.06527804631121618,0
CHEM038,MOL04,2025-01,new_sku,DOC022,0.14097625726269966,0
CHEM038,MOL04,2025-01,new_sku,DOC027,0.07472902883013123,0
CHEM038,MOL04,2025-01,new_sku,DOC034,0.07744674251872252,0
CHEM038,MOL04,2025-01,new_sku,DOC038,0.08116232631333124,0
CHEM038,MOL04,2025-01,new_sku,DOC039,0.1282912408032266,0
CHEM038,MOL04,2025-01,new_sku,DOC047,0.06724059470668438,0
CHEM038,MOL04,2025-01,new_sku,DOC049,0.06379272657698265,0
CHEM096,MOL02,2025-06,new_sku,DOC003,0.19248232812860702,0
CHEM096,MOL02,2025-06,new_sku,DOC009,0.12109252134372597,0
CHEM096,MOL02,2025-06,new_sku,DOC021,0.21681024532297996,0
CHEM096,MOL02,2025-06,new_sku,DOC026,0.1846297174981465,0
CHEM096,MOL02,2025-06,new_sku,DOC032,0.0922047518437148,0
CHEM096,MOL02,2025-06,new_sku,DOC039,0.11451329123615897,0
CHEM096,MOL02,2025-06,new_sku,DOC042,0.0782671446266668,0
CHEM014,MOL02,2025-05,new_sku,DOC003,0.21534739185348903,0
CHEM014,MOL02,2025-05,new_sku,DOC009,0.12871054612261532,0
CHEM014,MOL02,2025-05,new_sku,DOC021,0.24078187078365404,0
CHEM014,MOL02,2025-05,new_sku,DOC026,0.2050247370894082,0
CHEM014,MOL02,2025-05,new_sku,DOC032,0.0919415904667516,0
CHEM014,MOL02,2025-05,new_sku,DOC039,0.11819386368408177,0
CHEM004,MOL03,2025-06,new_sku,DOC015,0.16173118325240676,0
CHEM004,MOL03,2025-06,new_sku,DOC019,0.06861197586853608,0
CHEM004,MOL03,2025-06,new_sku,DOC020,0.073240904878833,0
CHEM004,MOL03,2025-06,new_sku,DOC025,0.07806108272737727,0
CHEM004,MOL03,2025-06,new_sku,DOC027,0.16392630716047016,0
CHEM004,MOL03,2025-06,new_sku,DOC031,0.1060352983420698,0
CHEM004,MOL03,2025-06,new_sku,DOC033,0.17096243506883213,0
CHEM004,MOL03,2025-06,new_sku,DOC043,0.17743081270147473,0
CHEM138,MOL02,2025-02,new_sku,DOC004,0.24221744713965015,0
CHEM138,MOL02,2025-02,new_sku,DOC030,0.16197097804598395,0
CHEM138,MOL02,2025-02,new_sku,DOC031,0.16473938394592885,0
CHEM138,MOL02,2025-02,new_sku,DOC032,0.13994125893442372,0
CHEM138,MOL02,2025-02,new_sku,DOC042,0.15092541800054263,0
CHEM138,MOL02,2025-02,new_sku,DOC046,0.14020551393347067,0
CHEM067,MOL05,2025-04,new_sku,DOC005,0.26926911883004395,0
CHEM067,MOL05,2025-04,new_sku,DOC012,0.19511882840812458,0
CHEM067,MOL05,2025-04,new_sku,DOC017,0.25057914637634404,0
CHEM067,MOL05,2025-04,new_sku,DOC035,0.13303153179815833,0
CHEM067,MOL05,2025-04,new_sku,DOC048,0.1520013745873291,0
CHEM097,MOL05,2025-06,new_sku,DOC002,0.08602845452830232,0
CHEM097,MOL05,2025-06,new_sku,DOC004,0.4432856457735546,0
CHEM097,MOL05,2025-06,new_sku,DOC008,0.08097008241881669,0
CHEM097,MOL05,2025-06,new_sku,DOC019,0.13487139281431118,0
CHEM097,MOL05,2025-06,new_sku,DOC024,0.06415346464209137,0
CHEM097,MOL05,2025-06,new_sku,DOC029,0.07467512637699165,0
CHEM097,MOL05,2025-06,new_sku,DOC035,0.06020939611966418,0
CHEM097,MOL05,2025-06,new_sku,DOC048,0.055806437326267916,0
CHEM066,MOL02,2025-01,new_sku,DOC004,0.4426161152053495,0
CHEM066,MOL02,2025-01,new_sku,DOC013,0.08098294501429953,0
CHEM066,MOL02,2025-01,new_sku,DOC030,0.21503296442665817,0
CHEM066,MOL02,2025-01,new_sku,DOC031,0.219020484616879,0
CHEM066,MOL02,2025-01,new_sku,DOC032,0.07867363703058552,0
CHEM066,MOL02,2025-01,new_sku,DOC046,0.09267610129426747,0
CHEM066,MOL02,2025-01,new_sku,DOC048,0.0709977524119607,0
CHEM070,MOL01,2025-04,new_sku,DOC016,0.2596266292098395,0
CHEM070,MOL01,2025-04,new_sku,DOC023,0.17496578339285035,0
CHEM070,MOL01,2025-04,new_sku,DOC032,0.08001002665180922,0
CHEM070,MOL01,2025-04,new_sku,DOC041,0.25328562738806326,0
CHEM070,MOL01,2025-04,new_sku,DOC045,0.2321119333574376,0
CHEM100,MOL03,2025-06,new_sku,DOC007,0.12151621285650993,0
CHEM100,MOL03,2025-06,new_sku,DOC008,0.13907615005533486,0
CHEM100,MOL03,2025-06,new_sku,DOC011,0.15354771726038216,0
CHEM100,MOL03,2025-06,new_sku,DOC014,0.18253259746392406,0
CHEM100,MOL03,2025-06,new_sku,DOC019,0.09619870343578833,0
CHEM100,MOL03,2025-06,new_sku,DOC020,0.052935606410634654,0
CHEM100,MOL03,2025-06,new_sku,DOC024,0.08285656392165759,0
CHEM100,MOL03,2025-06,new_sku,DOC031,0.05787343831831099,0
CHEM100,MOL03,2025-06,new_sku,DOC044,0.11346301027745744,0
CHEM005,MOL03,2025-06,new_sku,DOC006,0.14891341542409917,0
CHEM005,MOL03,2025-06,new_sku,DOC012,0.1343201816203047,0
CHEM005,MOL03,2025-06,new_sku,DOC015,0.12871395964351975,0
CHEM005,MOL03,2025-06,new_sku,DOC025,0.33729014797904944,0
CHEM005,MOL03,2025-06,new_sku,DOC027,0.12507834106895308,0
CHEM005,MOL03,2025-06,new_sku,DOC041,0.12568395426407372,0
CHEM098,MOL05,2025-06,new_sku,DOC002,0.15161375834855687,0
CHEM098,MOL05,2025-06,new_sku,DOC004,0.32868827668569206,0
CHEM098,MOL05,2025-06,new_sku,DOC008,0.20197457670485233,0
CHEM098,MOL05,2025-06,new_sku,DOC019,0.2150356507445561,0
CHEM098,MOL05,2025-06,new_sku,DOC029,0.16448612256385267,0
CHEM098,MOL05,2025-06,new_sku,DOC035,0.13820161495248992,0
CHEM125,MOL05,2025-05,new_sku,DOC002,0.05321370889484948,0
CHEM125,MOL05,2025-05,new_sku,DOC005,0.14118489613846316,0
CHEM125,MOL05,2025-05,new_sku,DOC012,0.3052498879318791,0
CHEM125,MOL05,2025-05,new_sku,DOC017,0.061357965419232656,0
CHEM125,MOL05,2025-05,new_sku,DOC036,0.06976947645907143,0
CHEM125,MOL05,2025-05,new_sku,DOC037,0.11020965280508134,0
CHEM125,MOL05,2025-05,new_sku,DOC038,0.07589632041473639,0
CHEM125,MOL05,2025-05,new_sku,DOC045,0.09900944677712045,0
CHEM125,MOL05,2025-05,new_sku,DOC048,0.08410864515956604,0
CHEM051,MOL05,2025-04,new_sku,DOC002,0.1269675982603195,0
CHEM051,MOL05,2025-04,new_sku,DOC004,0.08130789325042588,0
CHEM051,MOL05,2025-04,new_sku,DOC017,0.16930385852471605,0
CHEM051,MOL05,2025-04,new_sku,DOC035,0.521814158491753,0
CHEM051,MOL05,2025-04,new_sku,DOC048,0.10060649147278547,0
CHEM064,MOL05,2025-03,new_sku,DOC002,0.06822619177090765,0
CHEM064,MOL05,2025-03,new_sku,DOC004,0.08834861712660864,0
CHEM064,MOL05,2025-03,new_sku,DOC007,0.04275595461683399,0
CHEM064,MOL05,2025-03,new_sku,DOC008,0.06853154236807538,0
CHEM064,MOL05,2025-03,new_sku,DOC019,0.17874507522821753,0
CHEM064,MOL05,2025-03,new_sku,DOC024,0.14526317542775222,0
CHEM064,MOL05,2025-03,new_sku,DOC029,0.09464993810108775,0
CHEM064,MOL05,2025-03,new_sku,DOC037,0.04870631395171987,0
CHEM064,MOL05,2025-03,new_sku,DOC038,0.04231985589510766,0
CHEM064,MOL05,2025-03,new_sku,DOC044,0.06596207238807668,0
CHEM064,MOL05,2025-03,new_sku,DOC045,0.0508864937906367,0
CHEM064,MOL05,2025-03,new_sku,DOC047,0.05141829823388333,0
CHEM064,MOL05,2025-03,new_sku,DOC048,0.05418647110109265,0
CHEM101,MOL02,2025-01,new_sku,DOC004,0.0485234932015883,0
CHEM101,MOL02,2025-01,new_sku,DOC030,0.07577355262013921,0
CHEM101,MOL02,2025-01,new_sku,DOC031,0.04458355690435714,0
CHEM101,MOL02,2025-01,new_sku,DOC046,0.8311193972739153,0
CHEM091,MOL03,2025-02,new_sku,DOC015,0.13415280849303626,0
CHEM091,MOL03,2025-02,new_sku,DOC019,0.07106607380475222,0
CHEM091,MOL03,2025-02,new_sku,DOC020,0.07943170987247773,0
CHEM091,MOL03,2025-02,new_sku,DOC025,0.0710503271228781,0
CHEM091,MOL03,2025-02,new_sku,DOC027,0.14083026586497882,0
CHEM091,MOL03,2025-02,new_sku,DOC031,0.10947603453264454,0
CHEM091,MOL03,2025-02,new_sku,DOC033,0.2037376469602254,0
CHEM091,MOL03,2025-02,new_sku,DOC043,0.19025513334900693,0
CHEM072,MOL02,2025-02,new_sku,DOC004,0.050030463385626195,0
CHEM072,MOL02,2025-02,new_sku,DOC005,0.056271267567689444,0
CHEM072,MOL02,2025-02,new_sku,DOC006,0.06765712776951595,0
CHEM072,MOL02,2025-02,new_sku,DOC013,0.308000376648043,0
CHEM072,MOL02,2025-02,new_sku,DOC016,0.06079625662340367,0
CHEM072,MOL02,2025-02,new_sku,DOC022,0.05536817336686939,0
CHEM072,MOL02,2025-02,new_sku,DOC023,0.04930205304809626,0
CHEM072,MOL02,2025-02,new_sku,DOC030,0.06701946653891569,0
CHEM072,MOL02,2025-02,new_sku,DOC031,0.07069544319235452,0
CHEM072,MOL02,2025-02,new_sku,DOC034,0.06916372422253012,0
CHEM072,MOL02,2025-02,new_sku,DOC046,0.04346381314822504,0
CHEM072,MOL02,2025-02,new_sku,DOC048,0.10223183448873067,0
CHEM036,MOL01,2025-06,new_sku,DOC010,0.09190245457619982,0
CHEM036,MOL01,2025-06,new_sku,DOC029,0.1662586982039074,0
CHEM036,MOL01,2025-06,new_sku,DOC032,0.07929174152636984,0
CHEM036,MOL01,2025-06,new_sku,DOC042,0.1816357312655279,0
CHEM036,MOL01,2025-06,new_sku,DOC049,0.2026142243043027,0
CHEM036,MOL01,2025-06,new_sku,DOC050,0.27829715012369227,0
CHEM059,MOL04,2025-02,new_sku,DOC002,0.08660750498753318,0
CHEM059,MOL04,2025-02,new_sku,DOC013,0.09504717713712958,0
CHEM059,MOL04,2025-02,new_sku,DOC017,0.08725120452912483,0
CHEM059,MOL04,2025-02,new_sku,DOC022,0.1856767020331906,0
CHEM059,MOL04,2025-02,new_sku,DOC025,0.07739786047591891,0
CHEM059,MOL04,2025-02,new_sku,DOC027,0.07214524805712497,0
CHEM059,MOL04,2025-02,new_sku,DOC034,0.30002847543712025,0
CHEM059,MOL04,2025-02,new_sku,DOC036,0.0931756571692025,0
CHEM059,MOL04,2025-02,new_sku,DOC038,0.11996397234869884,0
CHEM059,MOL04,2025-02,new_sku,DOC039,0.08270619782495638,0
CHEM080,MOL05,2025-03,new_sku,DOC003,0.07356466931861158,0
CHEM080,MOL05,2025-03,new_sku,DOC007,0.10242164412534471,0
CHEM080,MOL05,2025-03,new_sku,DOC008,0.05530606564181865,0
CHEM080,MOL05,2025-03,new_sku,DOC018,0.09484269693368744,0
CHEM080,MOL05,2025-03,new_sku,DOC019,0.05243916823202751,0
CHEM080,MOL05,2025-03,new_sku,DOC024,0.0676516553731465,0
CHEM080,MOL05,2025-03,new_sku,DOC029,0.07116392116334068,0
CHEM080,MOL05,2025-03,new_sku,DOC044,0.17573161100410037,0
CHEM080,MOL05,2025-03,new_sku,DOC047,0.30687856820792253,0
CHEM034,MOL02,2025-06,new_sku,DOC004,0.16020863761039542,0
CHEM034,MOL02,2025-06,new_sku,DOC022,0.1097648713314374,0
CHEM034,MOL02,2025-06,new_sku,DOC031,0.1393676765053267,0
CHEM034,MOL02,2025-06,new_sku,DOC032,0.2687547073817721,0
CHEM034,MOL02,2025-06,new_sku,DOC039,0.1563479122896564,0
CHEM034,MOL02,2025-06,new_sku,DOC042,0.165556194881412,0
CHEM139,MOL02,2025-02,new_sku,DOC004,0.09983058269270366,0
CHEM139,MOL02,2025-02,new_sku,DOC006,0.0901433308892313,0
CHEM139,MOL02,2025-02,new_sku,DOC013,0.19349732914551898,0
CHEM139,MOL02,2025-02,new_sku,DOC030,0.16370252604066116,0
CHEM139,MOL02,2025-02,new_sku,DOC031,0.1265720659779581,0
CHEM139,MOL02,2025-02,new_sku,DOC034,0.09082424258357343,0
CHEM139,MOL02,2025-02,new_sku,DOC046,0.11826721328526699,0
CHEM139,MOL02,2025-02,new_sku,DOC048,0.11716270938508642,0
CHEM035,MOL04,2025-02,new_sku,DOC002,0.09929836933111702,0
CHEM035,MOL04,2025-02,new_sku,DOC013,0.1127072202025289,0
CHEM035,MOL04,2025-02,new_sku,DOC017,0.08548119613019842,0
CHEM035,MOL04,2025-02,new_sku,DOC022,0.14673527345000106,0
CHEM035,MOL04,2025-02,new_sku,DOC025,0.0679380014070987,0
CHEM035,MOL04,2025-02,new_sku,DOC027,0.07373179736694349,0
CHEM035,MOL04,2025-02,new_sku,DOC034,0.18373836829564588,0
CHEM035,MOL04,2025-02,new_sku,DOC035,0.04968769605497361,0
CHEM035,MOL04,2025-02,new_sku,DOC036,0.051217969224064706,0
CHEM035,MOL04,2025-02,new_sku,DOC038,0.06820499231017961,0
CHEM035,MOL04,2025-02,new_sku,DOC039,0.06125911622724863,0
CHEM018,MOL05,2025-05,new_sku,DOC002,0.19055421995422947,0
CHEM018,MOL05,2025-05,new_sku,DOC004,0.20504759877487153,0
CHEM018,MOL05,2025-05,new_sku,DOC017,0.12201878860004307,0
CHEM018,MOL05,2025-05,new_sku,DOC019,0.1393790471562214,0
CHEM018,MOL05,2025-05,new_sku,DOC035,0.2239449434773457,0
CHEM018,MOL05,2025-05,new_sku,DOC048,0.11905540203728882,0
CHEM082,MOL02,2025-06,new_sku,DOC004,0.10384790513400632,0
CHEM082,MOL02,2025-06,new_sku,DOC006,0.05404327898111233,0
CHEM082,MOL02,2025-06,new_sku,DOC013,0.08346782911298105,0
CHEM082,MOL02,2025-06,new_sku,DOC016,0.06970912934930995,0
CHEM082,MOL02,2025-06,new_sku,DOC022,0.09086119490237107,0
CHEM082,MOL02,2025-06,new_sku,DOC030,0.07654287620218957,0
CHEM082,MOL02,2025-06,new_sku,DOC031,0.16885534106339578,0
CHEM082,MOL02,2025-06,new_sku,DOC032,0.11991924366639878,0
CHEM082,MOL02,2025-06,new_sku,DOC034,0.0589845803167852,0
CHEM082,MOL02,2025-06,new_sku,DOC039,0.07739288958073556,0
CHEM082,MOL02,2025-06,new_sku,DOC048,0.09637573169071434,0
CHEM039,MOL02,2025-01,new_sku,DOC003,0.08633501348217919,0
CHEM039,MOL02,2025-01,new_sku,DOC004,0.08495479224026643,0
CHEM039,MOL02,2025-01,new_sku,DOC009,0.07786299369595749,0
CHEM039,MOL02,2025-01,new_sku,DOC021,0.08295074863220701,0
CHEM039,MOL02,2025-01,new_sku,DOC022,0.07637076324355022,0
CHEM039,MOL02,2025-01,new_sku,DOC026,0.08444275392390162,0
CHEM039,MOL02,2025-01,new_sku,DOC031,0.07910248625629701,0
CHEM039,MOL02,2025-01,new_sku,DOC032,0.16894085231583908,0
CHEM039,MOL02,2025-01,new_sku,DOC039,0.12431032856894361,0
CHEM039,MOL02,2025-01,new_sku,DOC042,0.13472926764085827,0
CHEM007,MOL05,2025-05,new_sku,DOC002,0.03768271405374568,0
CHEM007,MOL05,2025-05,new_sku,DOC003,0.062468471900569436,0
CHEM007,MOL05,2025-05,new_sku,DOC005,0.03652081505623055,0
CHEM007,MOL05,2025-05,new_sku,DOC012,0.046108649186360075,0
CHEM007,MOL05,2025-05,new_sku,DOC018,0.05275869269322726,0
CHEM007,MOL05,2025-05,new_sku,DOC024,0.06025490728642505,0
CHEM007,MOL05,2025-05,new_sku,DOC036,0.08022422167066502,0
CHEM007,MOL05,2025-05,new_sku,DOC037,0.11148253547836558,0
CHEM007,MOL05,2025-05,new_sku,DOC038,0.2930773732974039,0
CHEM007,MOL05,2025-05,new_sku,DOC044,0.045766481678896215,0
CHEM007,MOL05,2025-05,new_sku,DOC045,0.12533090390648088,0
CHEM007,MOL05,2025-05,new_sku,DOC048,0.04832423379163037,0
CHEM146,MOL05,2025-02,new_sku,DOC002,0.1042964664104109,0
CHEM146,MOL05,2025-02,new_sku,DOC004,0.13352155661976858,0
CHEM146,MOL05,2025-02,new_sku,DOC008,0.06323064813832249,0
CHEM146,MOL05,2025-02,new_sku,DOC017,0.04412175133030795,0
CHEM146,MOL05,2025-02,new_sku,DOC019,0.1763342859810203,0
CHEM146,MOL05,2025-02,new_sku,DOC024,0.09723666760298051,0
CHEM146,MOL05,2025-02,new_sku,DOC029,0.07336054972109167,0
CHEM146,MOL05,2025-02,new_sku,DOC035,0.04549307644653938,0
CHEM146,MOL05,2025-02,new_sku,DOC037,0.050166571616766145,0
CHEM146,MOL05,2025-02,new_sku,DOC044,0.051434132670171905,0
CHEM146,MOL05,2025-02,new_sku,DOC045,0.05166770950093386,0
CHEM146,MOL05,2025-02,new_sku,DOC047,0.04257369544116705,0
CHEM146,MOL05,2025-02,new_sku,DOC048,0.06656288852051924,0
CHEM007,MOL03,2025-01,new_sku,DOC006,0.07209072293422786,0
CHEM007,MOL03,2025-01,new_sku,DOC009,0.1644803050130803,0
CHEM007,MOL03,2025-01,new_sku,DOC012,0.0753174402401246,0
CHEM007,MOL03,2025-01,new_sku,DOC021,0.08457297594694246,0
CHEM007,MOL03,2025-01,new_sku,DOC024,0.09842503432223897,0
CHEM007,MOL03,2025-01,new_sku,DOC028,0.07901707570264979,0
CHEM007,MOL03,2025-01,new_sku,DOC037,0.1821042115064446,0
CHEM007,MOL03,2025-01,new_sku,DOC040,0.08879552865486433,0
CHEM007,MOL03,2025-01,new_sku,DOC041,0.08043818835832713,0
CHEM007,MOL03,2025-01,new_sku,DOC044,0.07475851732109999,0
CHEM129,MOL05,2025-04,new_sku,DOC002,0.14571484692163766,0
CHEM129,MOL05,2025-04,new_sku,DOC005,0.10449409688089412,0
CHEM129,MOL05,2025-04,new_sku,DOC017,0.2637434931799368,0
CHEM129,MOL05,2025-04,new_sku,DOC035,0.35723235078375176,0
CHEM129,MOL05,2025-04,new_sku,DOC048,0.1288152122337797,0
CHEM100,MOL04,2025-04,new_sku,DOC010,0.09317356715628689,0
CHEM100,MOL04,2025-04,new_sku,DOC011,0.15517422556132213,0
CHEM100,MOL04,2025-04,new_sku,DOC014,0.1844661383218695,0
CHEM100,MOL04,2025-04,new_sku,DOC020,0.0534963454745452,0
CHEM100,MOL04,2025-04,new_sku,DOC039,0.06616507124243759,0
CHEM100,MOL04,2025-04,new_sku,DOC047,0.12116391672422688,0
CHEM100,MOL04,2025-04,new_sku,DOC049,0.1639134796053769,0
CHEM100,MOL04,2025-04,new_sku,DOC050,0.16244725591393494,0
CHEM050,MOL02,2025-01,new_sku,DOC003,0.0735947006203312,0
CHEM050,MOL02,2025-01,new_sku,DOC005,0.060801384300196604,0
CHEM050,MOL02,2025-01,new_sku,DOC006,0.07008505150581087,0
CHEM050,MOL02,2025-01,new_sku,DOC009,0.11480758887579905,0
CHEM050,MOL02,2025-01,new_sku,DOC016,0.09737722913945356,0
CHEM050,MOL02,2025-01,new_sku,DOC021,0.06397050122715503,0
CHEM050,MOL02,2025-01,new_sku,DOC022,0.09872752191632955,0
CHEM050,MOL02,2025-01,new_sku,DOC023,0.07001091548454598,0
CHEM050,MOL02,2025-01,new_sku,DOC026,0.07441441971319705,0
CHEM050,MOL02,2025-01,new_sku,DOC032,0.05638747036984032,0
CHEM050,MOL02,2025-01,new_sku,DOC034,0.07522327834708785,0
CHEM050,MOL02,2025-01,new_sku,DOC039,0.08122808108253728,0
CHEM050,MOL02,2025-01,new_sku,DOC048,0.06337185741771566,0
CHEM070,MOL04,2025-02,new_sku,DOC002,0.07810565412442888,0
CHEM070,MOL04,2025-02,new_sku,DOC013,0.08252241204939909,0
CHEM070,MOL04,2025-02,new_sku,DOC017,0.0779576808414415,0
CHEM070,MOL04,2025-02,new_sku,DOC022,0.16558426160351158,0
CHEM070,MOL04,2025-02,new_sku,DOC034,0.1822117231978426,0
CHEM070,MOL04,2025-02,new_sku,DOC036,0.14792342544352483,0
CHEM070,MOL04,2025-02,new_sku,DOC038,0.17203963101118866,0
CHEM070,MOL04,2025-02,new_sku,DOC039,0.0936552117286629,0
CHEM017,MOL02,2025-04,new_sku,DOC003,0.04237781252594034,0
CHEM017,MOL02,2025-04,new_sku,DOC004,0.05660972672900005,0
CHEM017,MOL02,2025-04,new_sku,DOC006,0.040214722213772786,0
CHEM017,MOL02,2025-04,new_sku,DOC009,0.04634875309654485,0
CHEM017,MOL02,2025-04,new_sku,DOC013,0.04800731459209363,0
CHEM017,MOL02,2025-04,new_sku,DOC016,0.05623827246954729,0
CHEM017,MOL02,2025-04,new_sku,DOC021,0.03820538096594044,0
CHEM017,MOL02,2025-04,new_sku,DOC022,0.08434998604540157,0
CHEM017,MOL02,2025-04,new_sku,DOC026,0.04178069769182108,0
CHEM017,MOL02,2025-04,new_sku,DOC030,0.04205358980583723,0
CHEM017,MOL02,2025-04,new_sku,DOC031,0.06805632827838684,0
CHEM017,MOL02,2025-04,new_sku,DOC032,0.22130801499982275,0
CHEM017,MOL02,2025-04,new_sku,DOC034,0.04413517275987008,0
CHEM017,MOL02,2025-04,new_sku,DOC039,0.10860681331591211,0
CHEM017,MOL02,2025-04,new_sku,DOC048,0.06170741451010891,0
CHEM118,MOL02,2025-04,new_sku,DOC004,0.12755789986941,0
CHEM118,MOL02,2025-04,new_sku,DOC013,0.1418618228074086,0
CHEM118,MOL02,2025-04,new_sku,DOC030,0.262850113649747,0
CHEM118,MOL02,2025-04,new_sku,DOC031,0.14427855167102097,0
CHEM118,MOL02,2025-04,new_sku,DOC046,0.22230679055148256,0
CHEM118,MOL02,2025-04,new_sku,DOC048,0.10114482145093079,0
CHEM098,MOL03,2025-04,new_sku,DOC008,0.09075300692824084,0
CHEM098,MOL03,2025-04,new_sku,DOC019,0.09662172447751756,0
CHEM098,MOL03,2025-04,new_sku,DOC020,0.5159547133031226,0
CHEM098,MOL03,2025-04,new_sku,DOC031,0.09528041393404754,0
CHEM098,MOL03,2025-04,new_sku,DOC033,0.10118947133627536,0
CHEM098,MOL03,2025-04,new_sku,DOC043,0.10020067002079609,0
CHEM010,MOL05,2025-01,new_sku,DOC004,0.06323744333041871,0
CHEM010,MOL05,2025-01,new_sku,DOC007,0.05724491986272326,0
CHEM010,MOL05,2025-01,new_sku,DOC008,0.4698759350925577,0
CHEM010,MOL05,2025-01,new_sku,DOC019,0.08380887598416427,0
CHEM010,MOL05,2025-01,new_sku,DOC024,0.04928188962875423,0
CHEM010,MOL05,2025-01,new_sku,DOC029,0.1762202479375006,0
CHEM010,MOL05,2025-01,new_sku,DOC044,0.05008735669925219,0
CHEM010,MOL05,2025-01,new_sku,DOC047,0.05024333146462904,0
CHEM011,MOL02,2025-05,new_sku,DOC003,0.05410225258582944,0
CHEM011,MOL02,2025-05,new_sku,DOC004,0.06923354297521944,0
CHEM011,MOL02,2025-05,new_sku,DOC009,0.05443333111838247,0
CHEM011,MOL02,2025-05,new_sku,DOC016,0.052238823115569565,0
CHEM011,MOL02,2025-05,new_sku,DOC021,0.049701623978452535,0
CHEM011,MOL02,2025-05,new_sku,DOC022,0.07029637936940836,0
CHEM011,MOL02,2025-05,new_sku,DOC026,0.05310026475963963,0
CHEM011,MOL02,2025-05,new_sku,DOC030,0.04759422301640268,0
CHEM011,MOL02,2025-05,new_sku,DOC031,0.07103707869765147,0
CHEM011,MOL02,2025-05,new_sku,DOC032,0.4510643927142949,0
CHEM011,MOL02,2025-05,new_sku,DOC039,0.11793098583242344,0
CHEM011,MOL02,2025-05,new_sku,DOC042,0.05354926928510201,0
CHEM011,MOL02,2025-05,new_sku,DOC048,0.055717832551623894,0
CHEM011,MOL05,2025-04,new_sku,DOC002,0.04700538193056699,0
CHEM011,MOL05,2025-04,new_sku,DOC003,0.04187788173447973,0
CHEM011,MOL05,2025-04,new_sku,DOC004,0.0535902663234888,0
CHEM011,MOL05,2025-04,new_sku,DOC007,0.04620266397202127,0
CHEM011,MOL05,2025-04,new_sku,DOC008,0.05658372364106804,0
CHEM011,MOL05,2025-04,new_sku,DOC018,0.044560257609079376,0
CHEM011,MOL05,2025-04,new_sku,DOC019,0.08500329072515378,0
CHEM011,MOL05,2025-04,new_sku,DOC024,0.19183589975313553,0
CHEM011,MOL05,2025-04,new_sku,DOC029,0.08726635186674957,0
CHEM011,MOL05,2025-04,new_sku,DOC037,0.04617974968370654,0
CHEM011,MOL05,2025-04,new_sku,DOC038,0.04397851033892572,0
CHEM011,MOL05,2025-04,new_sku,DOC044,0.09920839140568218,0
CHEM011,MOL05,2025-04,new_sku,DOC045,0.04891220787229838,0
CHEM011,MOL05,2025-04,new_sku,DOC047,0.06466700074761242,0
CHEM011,MOL05,2025-04,new_sku,DOC048,0.04312842239603171,0
CHEM049,MOL03,2025-04,new_sku,DOC009,0.41698649690195533,0
CHEM049,MOL03,2025-04,new_sku,DOC021,0.10721132556180503,0
CHEM049,MOL03,2025-04,new_sku,DOC024,0.06765381565223916,0
CHEM049,MOL03,2025-04,new_sku,DOC028,0.09694547887129684,0
CHEM049,MOL03,2025-04,new_sku,DOC037,0.0820560710107348,0
CHEM049,MOL03,2025-04,new_sku,DOC040,0.11450437736681174,0
CHEM049,MOL03,2025-04,new_sku,DOC041,0.048845602049185866,0
CHEM049,MOL03,2025-04,new_sku,DOC044,0.0657968325859713,0
CHEM074,MOL04,2025-02,new_sku,DOC018,0.06156546043242245,0
CHEM074,MOL04,2025-02,new_sku,DOC022,0.08869877464743561,0
CHEM074,MOL04,2025-02,new_sku,DOC034,0.07265261322676637,0
CHEM074,MOL04,2025-02,new_sku,DOC036,0.4287151117761748,0
CHEM074,MOL04,2025-02,new_sku,DOC038,0.19383848830235306,0
CHEM074,MOL04,2025-02,new_sku,DOC039,0.07569053379844207,0
CHEM074,MOL04,2025-02,new_sku,DOC040,0.0788390178164056,0
CHEM014,MOL05,2025-02,new_sku,DOC003,0.18114485494814833,0
CHEM014,MOL05,2025-02,new_sku,DOC007,0.07174347603129302,0
CHEM014,MOL05,2025-02,new_sku,DOC018,0.35489048107399185,0
CHEM014,MOL05,2025-02,new_sku,DOC024,0.07481218822497072,0
CHEM014,MOL05,2025-02,new_sku,DOC038,0.07299544327534911,0
CHEM014,MOL05,2025-02,new_sku,DOC044,0.12725814984395242,0
CHEM014,MOL05,2025-02,new_sku,DOC047,0.11715540660229459,0
CHEM024,MOL05,2025-01,new_sku,DOC002,0.12148405882779945,0
CHEM024,MOL05,2025-01,new_sku,DOC004,0.26505727785036803,0
CHEM024,MOL05,2025-01,new_sku,DOC008,0.23800875827613202,0
CHEM024,MOL05,2025-01,new_sku,DOC019,0.20238487956611484,0
CHEM024,MOL05,2025-01,new_sku,DOC029,0.17306502547958558,0
CHEM116,MOL01,2025-02,new_sku,DOC001,0.13858208366323485,0
CHEM116,MOL01,2025-02,new_sku,DOC015,0.08422516591351997,0
CHEM116,MOL01,2025-02,new_sku,DOC030,0.21865451088396876,0
CHEM116,MOL01,2025-02,new_sku,DOC033,0.2465989269733,0
CHEM116,MOL01,2025-02,new_sku,DOC043,0.1497833560185589,0
CHEM116,MOL01,2025-02,new_sku,DOC046,0.16215595654741752,0
CHEM052,MOL04,2025-01,new_sku,DOC002,0.1087330618931304,0
CHEM052,MOL04,2025-01,new_sku,DOC010,0.07754662034503013,0
CHEM052,MOL04,2025-01,new_sku,DOC011,0.07798600429662174,0
CHEM052,MOL04,2025-01,new_sku,DOC013,0.07619822769038623,0
CHEM052,MOL04,2025-01,new_sku,DOC014,0.080891325763697,0
CHEM052,MOL04,2025-01,new_sku,DOC020,0.07791517107667667,0
CHEM052,MOL04,2025-01,new_sku,DOC022,0.08764199245751954,0
CHEM052,MOL04,2025-01,new_sku,DOC027,0.06745339970721642,0
CHEM052,MOL04,2025-01,new_sku,DOC039,0.09987977094291349,0
CHEM052,MOL04,2025-01,new_sku,DOC047,0.07841203798686228,0
CHEM052,MOL04,2025-01,new_sku,DOC049,0.09137507459573442,0
CHEM052,MOL04,2025-01,new_sku,DOC050,0.07596731324421166,0
CHEM042,MOL01,2025-01,new_sku,DOC016,0.1761302196559994,0
CHEM042,MOL01,2025-01,new_sku,DOC023,0.21076504974334195,0
CHEM042,MOL01,2025-01,new_sku,DOC041,0.5018251406672146,0
CHEM042,MOL01,2025-01,new_sku,DOC045,0.11127958993344399,0
CHEM041,MOL04,2025-05,new_sku,DOC010,0.11258227801216045,0
CHEM041,MOL04,2025-05,new_sku,DOC018,0.3520453770890807,0
CHEM041,MOL04,2025-05,new_sku,DOC022,0.05561329799984111,0
CHEM041,MOL04,2025-05,new_sku,DOC036,0.05908899370701733,0
CHEM041,MOL04,2025-05,new_sku,DOC038,0.07512840213797015,0
CHEM041,MOL04,2025-05,new_sku,DOC039,0.10514629839192847,0
CHEM041,MOL04,2025-05,new_sku,DOC040,0.10991516795428972,0
CHEM041,MOL04,2025-05,new_sku,DOC047,0.0778854210709339,0
CHEM041,MOL04,2025-05,new_sku,DOC050,0.05259476363677818,0
CHEM038,MOL02,2025-06,new_sku,DOC004,0.07862963947854382,0
CHEM038,MOL02,2025-06,new_sku,DOC006,0.05302270375814013,0
CHEM038,MOL02,2025-06,new_sku,DOC009,0.04971152953352775,0
CHEM038,MOL02,2025-06,new_sku,DOC013,0.07038024463064631,0
CHEM038,MOL02,2025-06,new_sku,DOC016,0.07324115530124527,0
CHEM038,MOL02,2025-06,new_sku,DOC022,0.10639428291867357,0
CHEM038,MOL02,2025-06,new_sku,DOC030,0.05941006160442616,0
CHEM038,MOL02,2025-06,new_sku,DOC031,0.106760311858969,0
CHEM038,MOL02,2025-06,new_sku,DOC032,0.15645981116317248,0
CHEM038,MOL02,2025-06,new_sku,DOC034,0.05844878275717134,0
CHEM038,MOL02,2025-06,new_sku,DOC039,0.09682094584601816,0
CHEM038,MOL02,2025-06,new_sku,DOC048,0.09072053114946595,0
CHEM079,MOL03,2025-06,new_sku,DOC015,0.3724150378392108,0
CHEM079,MOL03,2025-06,new_sku,DOC025,0.10236283817120108,0
CHEM079,MOL03,2025-06,new_sku,DOC027,0.19418376032891743,0
CHEM079,MOL03,2025-06,new_sku,DOC031,0.0870789159245829,0
CHEM079,MOL03,2025-06,new_sku,DOC033,0.12137502923080844,0
CHEM079,MOL03,2025-06,new_sku,DOC043,0.12258441850527937,0
CHEM047,MOL01,2025-02,new_sku,DOC010,0.16944920896336585,0
CHEM047,MOL01,2025-02,new_sku,DOC016,0.07490029103588573,0
CHEM047,MOL01,2025-02,new_sku,DOC026,0.2148085568840541,0
CHEM047,MOL01,2025-02,new_sku,DOC028,0.15759922376669813,0
CHEM047,MOL01,2025-02,new_sku,DOC029,0.07807008227903743,0
CHEM047,MOL01,2025-02,new_sku,DOC032,0.12496610578376505,0
CHEM047,MOL01,2025-02,new_sku,DOC045,0.10093435610847484,0
CHEM047,MOL01,2025-02,new_sku,DOC050,0.07927217517871883,0
CHEM065,MOL01,2025-04,new_sku,DOC016,0.5572525467177432,0
CHEM065,MOL01,2025-04,new_sku,DOC023,0.07437584200619365,0
CHEM065,MOL01,2025-04,new_sku,DOC032,0.052253596803900244,0
CHEM065,MOL01,2025-04,new_sku,DOC041,0.1173123314126162,0
CHEM065,MOL01,2025-04,new_sku,DOC043,0.04308226888543672,0
CHEM065,MOL01,2025-04,new_sku,DOC045,0.15572341417411004,0
CHEM140,MOL01,2025-05,new_sku,DOC010,0.34646444728774045,0
CHEM140,MOL01,2025-05,new_sku,DOC026,0.10655443415871352,0
CHEM140,MOL01,2025-05,new_sku,DOC028,0.10993528326202136,0
CHEM140,MOL01,2025-05,new_sku,DOC029,0.07915143219209524,0
CHEM140,MOL01,2025-05,new_sku,DOC032,0.08763163854532309,0
CHEM140,MOL01,2025-05,new_sku,DOC042,0.08722121007620608,0
CHEM140,MOL01,2025-05,new_sku,DOC049,0.06901607889110535,0
CHEM140,MOL01,2025-05,new_sku,DOC050,0.11402547558679492,0
CHEM056,MOL05,2025-06,new_sku,DOC002,0.054759358582697835,0
CHEM056,MOL05,2025-06,new_sku,DOC005,0.10846707288290414,0
CHEM056,MOL05,2025-06,new_sku,DOC012,0.17795162146805016,0
CHEM056,MOL05,2025-06,new_sku,DOC017,0.05780524544345569,0
CHEM056,MOL05,2025-06,new_sku,DOC024,0.05346471542171716,0
CHEM056,MOL05,2025-06,new_sku,DOC036,0.09335724768668664,0
CHEM056,MOL05,2025-06,new_sku,DOC037,0.14248656355127212,0
CHEM056,MOL05,2025-06,new_sku,DOC038,0.10149284674122402,0
CHEM056,MOL05,2025-06,new_sku,DOC045,0.1264150078920822,0
CHEM056,MOL05,2025-06,new_sku,DOC048,0.08380032032991001,0
CHEM105,MOL04,2025-01,new_sku,DOC010,0.07019024962397755,0
CHEM105,MOL04,2025-01,new_sku,DOC018,0.13125190630686648,0
CHEM105,MOL04,2025-01,new_sku,DOC036,0.12265261072141687,0
CHEM105,MOL04,2025-01,new_sku,DOC038,0.10811002666035287,0
CHEM105,MOL04,2025-01,new_sku,DOC039,0.08408958655995329,0
CHEM105,MOL04,2025-01,new_sku,DOC040,0.48370562012743296,0
CHEM141,MOL03,2025-05,new_sku,DOC007,0.07101392733167136,0
CHEM141,MOL03,2025-05,new_sku,DOC008,0.13284940754443347,0
CHEM141,MOL03,2025-05,new_sku,DOC011,0.08650547725967073,0
CHEM141,MOL03,2025-05,new_sku,DOC014,0.0916788634244055,0
CHEM141,MOL03,2025-05,new_sku,DOC019,0.19411329092634547,0
CHEM141,MOL03,2025-05,new_sku,DOC020,0.06098313049454329,0
CHEM141,MOL03,2025-05,new_sku,DOC024,0.12082095815170636,0
CHEM141,MOL03,2025-05,new_sku,DOC031,0.08384433136663488,0
CHEM141,MOL03,2025-05,new_sku,DOC043,0.0608861264359372,0
CHEM141,MOL03,2025-05,new_sku,DOC044,0.0973044870646518,0
CHEM048,MOL02,2025-01,new_sku,DOC004,0.07511380211077814,0
CHEM048,MOL02,2025-01,new_sku,DOC005,0.06254624239217137,0
CHEM048,MOL02,2025-01,new_sku,DOC006,0.0714266250791578,0
CHEM048,MOL02,2025-01,new_sku,DOC013,0.19179406015772085,0
CHEM048,MOL02,2025-01,new_sku,DOC016,0.06662365006594048,0
CHEM048,MOL02,2025-01,new_sku,DOC022,0.06366183620315723,0
CHEM048,MOL02,2025-01,new_sku,DOC030,0.11869867286594193,0
CHEM048,MOL02,2025-01,new_sku,DOC031,0.1019149971875335,0
CHEM048,MOL02,2025-01,new_sku,DOC034,0.07259933940812272,0
CHEM048,MOL02,2025-01,new_sku,DOC046,0.07572609374602975,0
CHEM048,MOL02,2025-01,new_sku,DOC048,0.09989468078344618,0
CHEM038,MOL01,2025-06,new_sku,DOC010,0.08123377758695556,0
CHEM038,MOL01,2025-06,new_sku,DOC016,0.11006225982609477,0
CHEM038,MOL01,2025-06,new_sku,DOC029,0.10517040701864766,0
CHEM038,MOL01,2025-06,new_sku,DOC030,0.08927775114546117,0
CHEM038,MOL01,2025-06,new_sku,DOC032,0.23511808788043553,0
CHEM038,MOL01,2025-06,new_sku,DOC041,0.07702475816289898,0
CHEM038,MOL01,2025-06,new_sku,DOC043,0.10494598107501717,0
CHEM038,MOL01,2025-06,new_sku,DOC045,0.12481894570324789,0
CHEM038,MOL01,2025-06,new_sku,DOC049,0.0723480316012412,0
CHEM023,MOL01,2025-01,new_sku,DOC001,0.11308528280899657,0
CHEM023,MOL01,2025-01,new_sku,DOC015,0.07992243849684874,0
CHEM023,MOL01,2025-01,new_sku,DOC030,0.10729587058640191,0
CHEM023,MOL01,2025-01,new_sku,DOC033,0.2593170964633093,0
CHEM023,MOL01,2025-01,new_sku,DOC043,0.0896730015109282,0
CHEM023,MOL01,2025-01,new_sku,DOC046,0.3507063101335153,0
CHEM042,MOL03,2025-05,new_sku,DOC006,0.15345014541255114,0
CHEM042,MOL03,2025-05,new_sku,DOC009,0.0398437216363501,0
CHEM042,MOL03,2025-05,new_sku,DOC012,0.2592218382273621,0
CHEM042,MOL03,2025-05,new_sku,DOC025,0.04711602160327019,0
CHEM042,MOL03,2025-05,new_sku,DOC027,0.0396413290053348,0
CHEM042,MOL03,2025-05,new_sku,DOC037,0.09147273692317275,0
CHEM042,MOL03,2025-05,new_sku,DOC041,0.36925420719195884,0
CHEM149,MOL03,2025-01,new_sku,DOC006,0.10458568264239904,0
CHEM149,MOL03,2025-01,new_sku,DOC009,0.13010292766378145,0
CHEM149,MOL03,2025-01,new_sku,DOC012,0.11855100054594381,0
CHEM149,MOL03,2025-01,new_sku,DOC021,0.07765833146704604,0
CHEM149,MOL03,2025-01,new_sku,DOC024,0.07965606271486557,0
CHEM149,MOL03,2025-01,new_sku,DOC028,0.07448322270866324,0
CHEM149,MOL03,2025-01,new_sku,DOC037,0.19652845170320926,0
CHEM149,MOL03,2025-01,new_sku,DOC040,0.08939117306752388,0
CHEM149,MOL03,2025-01,new_sku,DOC041,0.12904314748656778,0
CHEM141,MOL01,2025-03,new_sku,DOC010,0.08132041154243597,0
CHEM141,MOL01,2025-03,new_sku,DOC029,0.29913636738988036,0
CHEM141,MOL01,2025-03,new_sku,DOC030,0.062879759817496,0
CHEM141,MOL01,2025-03,new_sku,DOC032,0.1577652429737058,0
CHEM141,MOL01,2025-03,new_sku,DOC042,0.07210854011080989,0
CHEM141,MOL01,2025-03,new_sku,DOC043,0.06616698236406364,0
CHEM141,MOL01,2025-03,new_sku,DOC045,0.05625012938730389,0
CHEM141,MOL01,2025-03,new_sku,DOC049,0.11367171505715475,0
CHEM141,MOL01,2025-03,new_sku,DOC050,0.0907008513571497,0
CHEM032,MOL03,2025-03,new_sku,DOC006,0.043947954862202376,0
CHEM032,MOL03,2025-03,new_sku,DOC012,0.03830591476869591,0
CHEM032,MOL03,2025-03,new_sku,DOC015,0.11678778602560291,0
CHEM032,MOL03,2025-03,new_sku,DOC019,0.0390176970753435,0
CHEM032,MOL03,2025-03,new_sku,DOC025,0.06589144323859984,0
CHEM032,MOL03,2025-03,new_sku,DOC027,0.4528010037804572,0
CHEM032,MOL03,2025-03,new_sku,DOC031,0.0637097690459576,0
CHEM032,MOL03,2025-03,new_sku,DOC033,0.05315385376232497,0
CHEM032,MOL03,2025-03,new_sku,DOC041,0.03767266400341525,0
CHEM032,MOL03,2025-03,new_sku,DOC043,0.0887119134374005,0
CHEM015,MOL01,2025-05,new_sku,DOC010,0.2820976401754208,0
CHEM015,MOL01,2025-05,new_sku,DOC026,0.07119178042963738,0
CHEM015,MOL01,2025-05,new_sku,DOC028,0.06953950654256191,0
CHEM015,MOL01,2025-05,new_sku,DOC029,0.10341443687409065,0
CHEM015,MOL01,2025-05,new_sku,DOC032,0.09549240894832162,0
CHEM015,MOL01,2025-05,new_sku,DOC042,0.11072430621052073,0
CHEM015,MOL01,2025-05,new_sku,DOC049,0.0870439329023357,0
CHEM015,MOL01,2025-05,new_sku,DOC050,0.1804959879171111,0
CHEM124,MOL05,2025-06,new_sku,DOC007,0.3603326159915051,0
CHEM124,MOL05,2025-06,new_sku,DOC008,0.08127267445453576,0
CHEM124,MOL05,2025-06,new_sku,DOC018,0.07371608812190288,0
CHEM124,MOL05,2025-06,new_sku,DOC024,0.06785203776037559,0
CHEM124,MOL05,2025-06,new_sku,DOC029,0.09533080593653068,0
CHEM124,MOL05,2025-06,new_sku,DOC044,0.11793235707140608,0
CHEM124,MOL05,2025-06,new_sku,DOC047,0.20356342066374392,0
CHEM082,MOL03,2025-05,new_sku,DOC006,0.05444643641093022,0
CHEM082,MOL03,2025-05,new_sku,DOC008,0.06137324625262799,0
CHEM082,MOL03,2025-05,new_sku,DOC012,0.05022506404553439,0
CHEM082,MOL03,2025-05,new_sku,DOC019,0.13145580700604395,0
CHEM082,MOL03,2025-05,new_sku,DOC020,0.05273925681173875,0
CHEM082,MOL03,2025-05,new_sku,DOC024,0.13457386875898844,0
CHEM082,MOL03,2025-05,new_sku,DOC027,0.06821035624328886,0
CHEM082,MOL03,2025-05,new_sku,DOC031,0.170114984937668,0
CHEM082,MOL03,2025-05,new_sku,DOC037,0.07069746330966252,0
CHEM082,MOL03,2025-05,new_sku,DOC041,0.05138188781560635,0
CHEM082,MOL03,2025-05,new_sku,DOC043,0.09421774659129858,0
CHEM082,MOL03,2025-05,new_sku,DOC044,0.060563881816611875,0
CHEM145,MOL04,2025-05,new_sku,DOC010,0.08986345733425916,0
CHEM145,MOL04,2025-05,new_sku,DOC011,0.2041800509636369,0
CHEM145,MOL04,2025-05,new_sku,DOC014,0.2151782494570243,0
CHEM145,MOL04,2025-05,new_sku,DOC047,0.12080374877415702,0
CHEM145,MOL04,2025-05,new_sku,DOC049,0.13295140422414575,0
CHEM145,MOL04,2025-05,new_sku,DOC050,0.23702308924677692,0
CHEM047,MOL05,2025-02,new_sku,DOC003,0.14959038558774443,0
CHEM047,MOL05,2025-02,new_sku,DOC007,0.048313072032411496,0
CHEM047,MOL05,2025-02,new_sku,DOC018,0.1602982751188745,0
CHEM047,MOL05,2025-02,new_sku,DOC019,0.047504293255814956,0
CHEM047,MOL05,2025-02,new_sku,DOC024,0.08246630675128343,0
CHEM047,MOL05,2025-02,new_sku,DOC029,0.051613357625519024,0
CHEM047,MOL05,2025-02,new_sku,DOC036,0.05904138364968404,0
CHEM047,MOL05,2025-02,new_sku,DOC037,0.06253087378223951,0
CHEM047,MOL05,2025-02,new_sku,DOC038,0.0832313906607602,0
CHEM047,MOL05,2025-02,new_sku,DOC044,0.11134369436816678,0
CHEM047,MOL05,2025-02,new_sku,DOC045,0.06672928817864228,0
CHEM047,MOL05,2025-02,new_sku,DOC047,0.07733767898885928,0
CHEM001,MOL01,2025-01,new_sku,DOC016,0.16285246978318238,0
CHEM001,MOL01,2025-01,new_sku,DOC023,0.11860072561315459,0
CHEM001,MOL01,2025-01,new_sku,DOC026,0.13978976424007042,0
CHEM001,MOL01,2025-01,new_sku,DOC028,0.11407483484077456,0
CHEM001,MOL01,2025-01,new_sku,DOC032,0.10040856391048371,0
CHEM001,MOL01,2025-01,new_sku,DOC041,0.14060067402921625,0
CHEM001,MOL01,2025-01,new_sku,DOC045,0.22367296758311805,0
CHEM054,MOL05,2025-04,new_sku,DOC002,0.05440703327587049,0
CHEM054,MOL05,2025-04,new_sku,DOC003,0.037013590842970755,0
CHEM054,MOL05,2025-04,new_sku,DOC004,0.03487838053006975,0
CHEM054,MOL05,2025-04,new_sku,DOC005,0.039719835852544655,0
CHEM054,MOL05,2025-04,new_sku,DOC012,0.05160630679736396,0
CHEM054,MOL05,2025-04,new_sku,DOC017,0.03708031778981739,0
CHEM054,MOL05,2025-04,new_sku,DOC018,0.03453234126100686,0
CHEM054,MOL05,2025-04,new_sku,DOC019,0.04086074299334746,0
CHEM054,MOL05,2025-04,new_sku,DOC024,0.0741954894341513,0
CHEM054,MOL05,2025-04,new_sku,DOC029,0.03329356090582308,0
CHEM054,MOL05,2025-04,new_sku,DOC036,0.04419468505521754,0
CHEM054,MOL05,2025-04,new_sku,DOC037,0.1500637648247638,0
CHEM054,MOL05,2025-04,new_sku,DOC038,0.0753723237390369,0
CHEM054,MOL05,2025-04,new_sku,DOC044,0.03943716737370797,0
CHEM054,MOL05,2025-04,new_sku,DOC045,0.17332812570426637,0
CHEM054,MOL05,2025-04,new_sku,DOC048,0.08001633362004178,0
CHEM086,MOL03,2025-05,new_sku,DOC006,0.22942715052676238,0
CHEM086,MOL03,2025-05,new_sku,DOC012,0.22792335952438675,0
CHEM086,MOL03,2025-05,new_sku,DOC025,0.2129195846587496,0
CHEM086,MOL03,2025-05,new_sku,DOC027,0.12126685620835945,0
CHEM086,MOL03,2025-05,new_sku,DOC041,0.20846304908174182,0
CHEM052,MOL03,2025-03,new_sku,DOC007,0.045092570859442585,0
CHEM052,MOL03,2025-03,new_sku,DOC008,0.0779618059833119,0
CHEM052,MOL03,2025-03,new_sku,DOC011,0.05230877211565978,0
CHEM052,MOL03,2025-03,new_sku,DOC014,0.054257503813285125,0
CHEM052,MOL03,2025-03,new_sku,DOC019,0.2596373289040739,0
CHEM052,MOL03,2025-03,new_sku,DOC020,0.05226126104243909,0
CHEM052,MOL03,2025-03,new_sku,DOC024,0.12613317065677315,0
CHEM052,MOL03,2025-03,new_sku,DOC027,0.04524407354287469,0
CHEM052,MOL03,2025-03,new_sku,DOC031,0.10662696052006661,0
CHEM052,MOL03,2025-03,new_sku,DOC037,0.04869338370722551,0
CHEM052,MOL03,2025-03,new_sku,DOC043,0.06631643613403146,0
CHEM052,MOL03,2025-03,new_sku,DOC044,0.06546673272081618,0
CHEM077,MOL05,2025-05,new_sku,DOC003,0.047980089952948966,0
CHEM077,MOL05,2025-05,new_sku,DOC005,0.029110644337952317,0
CHEM077,MOL05,2025-05,new_sku,DOC012,0.03678657176888189,0
CHEM077,MOL05,2025-05,new_sku,DOC018,0.0392648533616265,0
CHEM077,MOL05,2025-05,new_sku,DOC024,0.038945024267353176,0
CHEM077,MOL05,2025-05,new_sku,DOC036,0.08749694274868196,0
CHEM077,MOL05,2025-05,new_sku,DOC037,0.07763592355080813,0
CHEM077,MOL05,2025-05,new_sku,DOC038,0.4942304800026009,0
CHEM077,MOL05,2025-05,new_sku,DOC044,0.031540839465090925,0
CHEM077,MOL05,2025-05,new_sku,DOC045,0.08224742173096353,0
CHEM077,MOL05,2025-05,new_sku,DOC048,0.034761208813091714,0
CHEM030,MOL03,2025-03,new_sku,DOC006,0.10572378748647987,0
CHEM030,MOL03,2025-03,new_sku,DOC009,0.12147855541050542,0
CHEM030,MOL03,2025-03,new_sku,DOC012,0.11964707056728532,0
CHEM030,MOL03,2025-03,new_sku,DOC021,0.0731122681128437,0
CHEM030,MOL03,2025-03,new_sku,DOC024,0.07932641908768744,0
CHEM030,MOL03,2025-03,new_sku,DOC028,0.07002467584822061,0
CHEM030,MOL03,2025-03,new_sku,DOC037,0.21678107174465508,0
CHEM030,MOL03,2025-03,new_sku,DOC040,0.08280176195498451,0
CHEM030,MOL03,2025-03,new_sku,DOC041,0.13110438978733804,0
CHEM008,MOL02,2025-02,new_sku,DOC003,0.10327357082079637,0
CHEM008,MOL02,2025-02,new_sku,DOC006,0.04832442277854333,0
CHEM008,MOL02,2025-02,new_sku,DOC009,0.18832783757394597,0
CHEM008,MOL02,2025-02,new_sku,DOC016,0.0695189025155745,0
CHEM008,MOL02,2025-02,new_sku,DOC021,0.08142611633585763,0
CHEM008,MOL02,2025-02,new_sku,DOC022,0.09105769705466227,0
CHEM008,MOL02,2025-02,new_sku,DOC026,0.10308193203580625,0
CHEM008,MOL02,2025-02,new_sku,DOC032,0.07004712804733258,0
CHEM008,MOL02,2025-02,new_sku,DOC034,0.05241852585119695,0
CHEM008,MOL02,2025-02,new_sku,DOC039,0.1392511757117267,0
CHEM008,MOL02,2025-02,new_sku,DOC048,0.05327269127455744,0
CHEM123,MOL04,2025-01,new_sku,DOC010,0.051022086916067674,0
CHEM123,MOL04,2025-01,new_sku,DOC011,0.3564277759133859,0
CHEM123,MOL04,2025-01,new_sku,DOC014,0.2259418555227397,0
CHEM123,MOL04,2025-01,new_sku,DOC047,0.0644941498376104,0
CHEM123,MOL04,2025-01,new_sku,DOC049,0.19031255852822213,0
CHEM123,MOL04,2025-01,new_sku,DOC050,0.11180157328197422,0
CHEM040,MOL04,2025-05,new_sku,DOC010,0.07821266182074961,0
CHEM040,MOL04,2025-05,new_sku,DOC011,0.16456595367443053,0
CHEM040,MOL04,2025-05,new_sku,DOC014,0.17691150361094915,0
CHEM040,MOL04,2025-05,new_sku,DOC020,0.06428618203319553,0
CHEM040,MOL04,2025-05,new_sku,DOC039,0.06271782593770074,0
CHEM040,MOL04,2025-05,new_sku,DOC047,0.09543481269884614,0
CHEM040,MOL04,2025-05,new_sku,DOC049,0.23043918332972696,0
CHEM040,MOL04,2025-05,new_sku,DOC050,0.12743187689440139,0
CHEM106,MOL01,2025-05,new_sku,DOC001,0.1033360116562066,0
CHEM106,MOL01,2025-05,new_sku,DOC029,0.1079415913504297,0
CHEM106,MOL01,2025-05,new_sku,DOC030,0.1864538954373428,0
CHEM106,MOL01,2025-05,new_sku,DOC033,0.16627366008148128,0
CHEM106,MOL01,2025-05,new_sku,DOC043,0.1504899857703329,0
CHEM106,MOL01,2025-05,new_sku,DOC046,0.18130079238395355,0
CHEM106,MOL01,2025-05,new_sku,DOC049,0.10420406332025325,0
CHEM072,MOL01,2025-03,new_sku,DOC001,0.1247188015968248,0
CHEM072,MOL01,2025-03,new_sku,DOC015,0.1619101955047835,0
CHEM072,MOL01,2025-03,new_sku,DOC016,0.09495437784389946,0
CHEM072,MOL01,2025-03,new_sku,DOC023,0.07700220430688118,0
CHEM072,MOL01,2025-03,new_sku,DOC030,0.10467407209053425,0
CHEM072,MOL01,2025-03,new_sku,DOC033,0.07759174391567414,0
CHEM072,MOL01,2025-03,new_sku,DOC041,0.08680662322230946,0
CHEM072,MOL01,2025-03,new_sku,DOC043,0.12906441539381763,0
CHEM072,MOL01,2025-03,new_sku,DOC045,0.07539379226436199,0
CHEM072,MOL01,2025-03,new_sku,DOC046,0.0678837738609136,0
CHEM043,MOL05,2025-05,new_sku,DOC003,0.06500291835616981,0
CHEM043,MOL05,2025-05,new_sku,DOC005,0.07121416409931126,0
CHEM043,MOL05,2025-05,new_sku,DOC012,0.09220390783451782,0
CHEM043,MOL05,2025-05,new_sku,DOC024,0.05692796341173339,0
CHEM043,MOL05,2025-05,new_sku,DOC036,0.23357734450636944,0
CHEM043,MOL05,2025-05,new_sku,DOC037,0.1278750004123161,0
CHEM043,MOL05,2025-05,new_sku,DOC038,0.16472793273654115,0
CHEM043,MOL05,2025-05,new_sku,DOC045,0.12255649426463162,0
CHEM043,MOL05,2025-05,new_sku,DOC048,0.06591427437840944,0
CHEM096,MOL04,2025-03,new_sku,DOC010,0.1925478186367662,0
CHEM096,MOL04,2025-03,new_sku,DOC018,0.297453356526971,0
CHEM096,MOL04,2025-03,new_sku,DOC038,0.0748196690433529,0
CHEM096,MOL04,2025-03,new_sku,DOC039,0.1018055844343075,0
CHEM096,MOL04,2025-03,new_sku,DOC040,0.1148584221692017,0
CHEM096,MOL04,2025-03,new_sku,DOC047,0.13357616666557975,0
CHEM096,MOL04,2025-03,new_sku,DOC050,0.08493898252382089,0
CHEM078,MOL02,2025-01,new_sku,DOC004,0.1278660129125127,0
CHEM078,MOL02,2025-01,new_sku,DOC013,0.17540680734285707,0
CHEM078,MOL02,2025-01,new_sku,DOC030,0.23985745235186698,0
CHEM078,MOL02,2025-01,new_sku,DOC031,0.15243667128645233,0
CHEM078,MOL02,2025-01,new_sku,DOC046,0.18615079322611644,0
CHEM078,MOL02,2025-01,new_sku,DOC048,0.11828226288019451,0
CHEM052,MOL01,2025-04,new_sku,DOC010,0.07756251265655115,0
CHEM052,MOL01,2025-04,new_sku,DOC016,0.0688104722871706,0
CHEM052,MOL01,2025-04,new_sku,DOC029,0.15614616878653445,0
CHEM052,MOL01,2025-04,new_sku,DOC030,0.08929906630431181,0
CHEM052,MOL01,2025-04,new_sku,DOC032,0.2028082183836878,0
CHEM052,MOL01,2025-04,new_sku,DOC042,0.06357628902235643,0
CHEM052,MOL01,2025-04,new_sku,DOC043,0.09888998646142717,0
CHEM052,MOL01,2025-04,new_sku,DOC045,0.07553060330942235,0
CHEM052,MOL01,2025-04,new_sku,DOC049,0.09139380089411171,0
CHEM052,MOL01,2025-04,new_sku,DOC050,0.07598288189442647,0
CHEM026,MOL05,2025-06,new_sku,DOC002,0.1393695095441533,0
CHEM026,MOL05,2025-06,new_sku,DOC004,0.046988338760017054,0
CHEM026,MOL05,2025-06,new_sku,DOC005,0.0577278608324923,0
CHEM026,MOL05,2025-06,new_sku,DOC012,0.06574724112186257,0
CHEM026,MOL05,2025-06,new_sku,DOC017,0.09379699270545472,0
CHEM026,MOL05,2025-06,new_sku,DOC019,0.04623356523083619,0
CHEM026,MOL05,2025-06,new_sku,DOC024,0.05173429717913911,0
CHEM026,MOL05,2025-06,new_sku,DOC035,0.05401220614705341,0
CHEM026,MOL05,2025-06,new_sku,DOC037,0.06496300780474087,0
CHEM026,MOL05,2025-06,new_sku,DOC038,0.04305362825254158,0
CHEM026,MOL05,2025-06,new_sku,DOC045,0.06331435989343552,0
CHEM026,MOL05,2025-06,new_sku,DOC048,0.27305899252827337,0
CHEM002,MOL03,2025-01,new_sku,DOC015,0.08584557257739259,0
CHEM002,MOL03,2025-01,new_sku,DOC019,0.08495083022521668,0
CHEM002,MOL03,2025-01,new_sku,DOC020,0.15695437957602476,0
CHEM002,MOL03,2025-01,new_sku,DOC027,0.0881923072427002,0
CHEM002,MOL03,2025-01,new_sku,DOC031,0.10447795174324867,0
CHEM002,MOL03,2025-01,new_sku,DOC033,0.34217309643197613,0
CHEM002,MOL03,2025-01,new_sku,DOC043,0.13740586220344095,0
CHEM006,MOL05,2025-03,new_sku,DOC002,0.050079896629212035,0
CHEM006,MOL05,2025-03,new_sku,DOC004,0.09412479950998148,0
CHEM006,MOL05,2025-03,new_sku,DOC007,0.03710855776000141,0
CHEM006,MOL05,2025-03,new_sku,DOC008,0.07575543488451762,0
CHEM006,MOL05,2025-03,new_sku,DOC019,0.36943685979494234,0
CHEM006,MOL05,2025-03,new_sku,DOC024,0.07604940214030148,0
CHEM006,MOL05,2025-03,new_sku,DOC029,0.10106321857422622,0
CHEM006,MOL05,2025-03,new_sku,DOC037,0.03341490498947596,0
CHEM006,MOL05,2025-03,new_sku,DOC044,0.04902179579086212,0
CHEM006,MOL05,2025-03,new_sku,DOC045,0.03461480470595762,0
CHEM006,MOL05,2025-03,new_sku,DOC047,0.04121854405061762,0
CHEM006,MOL05,2025-03,new_sku,DOC048,0.0381117811699041,0
CHEM052,MOL02,2025-03,new_sku,DOC004,0.1469038356085514,0
CHEM052,MOL02,2025-03,new_sku,DOC013,0.06988006104921692,0
CHEM052,MOL02,2025-03,new_sku,DOC016,0.06309194987535559,0
CHEM052,MOL02,2025-03,new_sku,DOC022,0.0803749374367559,0
CHEM052,MOL02,2025-03,new_sku,DOC030,0.08187783091612552,0
CHEM052,MOL02,2025-03,new_sku,DOC031,0.14578659035075547,0
CHEM052,MOL02,2025-03,new_sku,DOC032,0.18595375853799329,0
CHEM052,MOL02,2025-03,new_sku,DOC039,0.09159798990906451,0
CHEM052,MOL02,2025-03,new_sku,DOC042,0.05829275554917958,0
CHEM052,MOL02,2025-03,new_sku,DOC048,0.07624029076700191,0
CHEM082,MOL04,2025-06,new_sku,DOC001,0.05636509564182316,0
CHEM082,MOL04,2025-06,new_sku,DOC002,0.1594410832559108,0
CHEM082,MOL04,2025-06,new_sku,DOC010,0.05649441563285551,0
CHEM082,MOL04,2025-06,new_sku,DOC013,0.09447938310414429,0
CHEM082,MOL04,2025-06,new_sku,DOC017,0.06256319352492849,0
CHEM082,MOL04,2025-06,new_sku,DOC020,0.05925488608416792,0
CHEM082,MOL04,2025-06,new_sku,DOC022,0.10284812404623044,0
CHEM082,MOL04,2025-06,new_sku,DOC027,0.076637350112544,0
CHEM082,MOL04,2025-06,new_sku,DOC034,0.06676616392458712,0
CHEM082,MOL04,2025-06,new_sku,DOC035,0.05842936033504494,0
CHEM082,MOL04,2025-06,new_sku,DOC038,0.06161638033055409,0
CHEM082,MOL04,2025-06,new_sku,DOC039,0.08760300276095084,0
CHEM082,MOL04,2025-06,new_sku,DOC049,0.057501561246258395,0
CHEM144,MOL05,2025-01,new_sku,DOC002,0.1088054543246282,0
CHEM144,MOL05,2025-01,new_sku,DOC005,0.13978183176017975,0
CHEM144,MOL05,2025-01,new_sku,DOC012,0.118001605934451,0
CHEM144,MOL05,2025-01,new_sku,DOC017,0.38189962594338056,0
CHEM144,MOL05,2025-01,new_sku,DOC035,0.12731848051703526,0
CHEM144,MOL05,2025-01,new_sku,DOC048,0.1241930015203252,0
CHEM090,MOL05,2025-03,new_sku,DOC003,0.22782620050995586,0
CHEM090,MOL05,2025-03,new_sku,DOC018,0.17024910008333477,0
CHEM090,MOL05,2025-03,new_sku,DOC024,0.0809056161481945,0
CHEM090,MOL05,2025-03,new_sku,DOC036,0.08278746314598469,0
CHEM090,MOL05,2025-03,new_sku,DOC037,0.07720849619478207,0
CHEM090,MOL05,2025-03,new_sku,DOC038,0.11814638571888517,0
CHEM090,MOL05,2025-03,new_sku,DOC044,0.0912494900362534,0
CHEM090,MOL05,2025-03,new_sku,DOC045,0.0823029582374147,0
CHEM090,MOL05,2025-03,new_sku,DOC047,0.06932428992519489,0
CHEM013,MOL02,2025-01,new_sku,DOC005,0.09573491624603164,0
CHEM013,MOL02,2025-01,new_sku,DOC006,0.17991779081837467,0
CHEM013,MOL02,2025-01,new_sku,DOC013,0.08799101013018522,0
CHEM013,MOL02,2025-01,new_sku,DOC016,0.10066682915591983,0
CHEM013,MOL02,2025-01,new_sku,DOC022,0.06621923714246636,0
CHEM013,MOL02,2025-01,new_sku,DOC023,0.07957280614289693,0
CHEM013,MOL02,2025-01,new_sku,DOC031,0.04196603493825357,0
CHEM013,MOL02,2025-01,new_sku,DOC034,0.1887862738372466,0
CHEM013,MOL02,2025-01,new_sku,DOC039,0.03592827840572943,0
CHEM013,MOL02,2025-01,new_sku,DOC048,0.12321682318289572,0
CHEM092,MOL03,2025-03,new_sku,DOC007,0.03356961543543742,0
CHEM092,MOL03,2025-03,new_sku,DOC008,0.6558473138890145,0
CHEM092,MOL03,2025-03,new_sku,DOC011,0.05646213948305582,0
CHEM092,MOL03,2025-03,new_sku,DOC014,0.05351571709807043,0
CHEM092,MOL03,2025-03,new_sku,DOC019,0.051314195111815786,0
CHEM092,MOL03,2025-03,new_sku,DOC020,0.03681517786633509,0
CHEM092,MOL03,2025-03,new_sku,DOC024,0.02924438032853324,0
CHEM092,MOL03,2025-03,new_sku,DOC031,0.029698286813233336,0
CHEM092,MOL03,2025-03,new_sku,DOC043,0.024554422920776125,0
CHEM092,MOL03,2025-03,new_sku,DOC044,0.028978751053728137,0
CHEM021,MOL04,2025-05,new_sku,DOC010,0.08755123200944397,0
CHEM021,MOL04,2025-05,new_sku,DOC011,0.23124493612115737,0
CHEM021,MOL04,2025-05,new_sku,DOC014,0.2211013439813971,0
CHEM021,MOL04,2025-05,new_sku,DOC047,0.11227162262469685,0
CHEM021,MOL04,2025-05,new_sku,DOC049,0.1535500814191012,0
CHEM021,MOL04,2025-05,new_sku,DOC050,0.19428078384420347,0
CHEM121,MOL02,2025-02,new_sku,DOC004,0.13305197561927962,0
CHEM121,MOL02,2025-02,new_sku,DOC030,0.17958855398009876,0
CHEM121,MOL02,2025-02,new_sku,DOC031,0.11925529659900944,0
CHEM121,MOL02,2025-02,new_sku,DOC046,0.5681041738016122,0
CHEM067,MOL03,2025-04,new_sku,DOC006,0.16672648608278054,0
CHEM067,MOL03,2025-04,new_sku,DOC012,0.15338516968835017,0
CHEM067,MOL03,2025-04,new_sku,DOC015,0.1255004963010821,0
CHEM067,MOL03,2025-04,new_sku,DOC025,0.28704290922489245,0
CHEM067,MOL03,2025-04,new_sku,DOC027,0.12447809113826555,0
CHEM067,MOL03,2025-04,new_sku,DOC041,0.14286684756462928,0
CHEM084,MOL04,2025-04,new_sku,DOC010,0.09315799161009608,0
CHEM084,MOL04,2025-04,new_sku,DOC011,0.2066197327028554,0
CHEM084,MOL04,2025-04,new_sku,DOC014,0.21281753476778587,0
CHEM084,MOL04,2025-04,new_sku,DOC047,0.12323854124247355,0
CHEM084,MOL04,2025-04,new_sku,DOC049,0.13782062332752917,0
CHEM084,MOL04,2025-04,new_sku,DOC050,0.22634557634925992,0
CHEM122,MOL01,2025-03,new_sku,DOC001,0.07172454830045581,0
CHEM122,MOL01,2025-03,new_sku,DOC015,0.07792857407241265,0
CHEM122,MOL01,2025-03,new_sku,DOC016,0.199748471039526,0
CHEM122,MOL01,2025-03,new_sku,DOC023,0.09241360858275843,0
CHEM122,MOL01,2025-03,new_sku,DOC030,0.08334326320703356,0
CHEM122,MOL01,2025-03,new_sku,DOC032,0.09990294556928102,0
CHEM122,MOL01,2025-03,new_sku,DOC041,0.12241725916965537,0
CHEM122,MOL01,2025-03,new_sku,DOC043,0.101676762750808,0
CHEM122,MOL01,2025-03,new_sku,DOC045,0.15084456730806917,0
CHEM027,MOL04,2025-06,new_sku,DOC010,0.11218322378411072,0
CHEM027,MOL04,2025-06,new_sku,DOC018,0.2479789771389647,0
CHEM027,MOL04,2025-06,new_sku,DOC022,0.06892903106804578,0
CHEM027,MOL04,2025-06,new_sku,DOC036,0.07328324334492517,0
CHEM027,MOL04,2025-06,new_sku,DOC038,0.09814491137894125,0
CHEM027,MOL04,2025-06,new_sku,DOC039,0.13737643988977866,0
CHEM027,MOL04,2025-06,new_sku,DOC040,0.12589176239644154,0
CHEM027,MOL04,2025-06,new_sku,DOC047,0.08030953090562412,0
CHEM027,MOL04,2025-06,new_sku,DOC050,0.05590288009316803,0
CHEM143,MOL01,2025-03,new_sku,DOC029,0.22735931614714322,0
CHEM143,MOL01,2025-03,new_sku,DOC030,0.09703325402445526,0
CHEM143,MOL01,2025-03,new_sku,DOC032,0.10639986546820702,0
CHEM143,MOL01,2025-03,new_sku,DOC042,0.10871365002456271,0
CHEM143,MOL01,2025-03,new_sku,DOC043,0.09350434634553716,0
CHEM143,MOL01,2025-03,new_sku,DOC049,0.25259344073196516,0
CHEM143,MOL01,2025-03,new_sku,DOC050,0.11439612725812948,0
CHEM103,MOL05,2025-04,new_sku,DOC002,0.13136581511697393,0
CHEM103,MOL05,2025-04,new_sku,DOC004,0.2909841131814335,0
CHEM103,MOL05,2025-04,new_sku,DOC008,0.15232321246172756,0
CHEM103,MOL05,2025-04,new_sku,DOC019,0.17680602376481475,0
CHEM103,MOL05,2025-04,new_sku,DOC029,0.12848659160719822,0
CHEM103,MOL05,2025-04,new_sku,DOC035,0.12003424386785197,0
CHEM063,MOL05,2025-02,new_sku,DOC007,0.3255980759591029,0
CHEM063,MOL05,2025-02,new_sku,DOC008,0.07346282516861598,0
CHEM063,MOL05,2025-02,new_sku,DOC018,0.06492457881119816,0
CHEM063,MOL05,2025-02,new_sku,DOC019,0.05832355996592667,0
CHEM063,MOL05,2025-02,new_sku,DOC024,0.06203250955442841,0
CHEM063,MOL05,2025-02,new_sku,DOC029,0.08895959545985073,0
CHEM063,MOL05,2025-02,new_sku,DOC044,0.11329661295000212,0
CHEM063,MOL05,2025-02,new_sku,DOC047,0.213402242130875,0
CHEM017,MOL03,2025-02,new_sku,DOC006,0.03645271831426863,0
CHEM017,MOL03,2025-02,new_sku,DOC008,0.04256884309667099,0
CHEM017,MOL03,2025-02,new_sku,DOC009,0.042012923323570796,0
CHEM017,MOL03,2025-02,new_sku,DOC011,0.03478736891015866,0
CHEM017,MOL03,2025-02,new_sku,DOC012,0.03486409821851247,0
CHEM017,MOL03,2025-02,new_sku,DOC014,0.0365820175307045,0
CHEM017,MOL03,2025-02,new_sku,DOC019,0.07313791561726651,0
CHEM017,MOL03,2025-02,new_sku,DOC021,0.03463134677488279,0
CHEM017,MOL03,2025-02,new_sku,DOC024,0.36745239691812714,0
CHEM017,MOL03,2025-02,new_sku,DOC027,0.03585747999343564,0
CHEM017,MOL03,2025-02,new_sku,DOC031,0.06168979984613172,0
CHEM017,MOL03,2025-02,new_sku,DOC037,0.058877529601727784,0
CHEM017,MOL03,2025-02,new_sku,DOC041,0.03611656052961698,0
CHEM017,MOL03,2025-02,new_sku,DOC043,0.043318076248169336,0
CHEM017,MOL03,2025-02,new_sku,DOC044,0.06165092507675596,0
CHEM146,MOL03,2025-05,new_sku,DOC008,0.07806939446251403,0
CHEM146,MOL03,2025-05,new_sku,DOC011,0.05339386009211606,0
CHEM146,MOL03,2025-05,new_sku,DOC014,0.05463041977708443,0
CHEM146,MOL03,2025-05,new_sku,DOC019,0.21771579660867998,0
CHEM146,MOL03,2025-05,new_sku,DOC020,0.06743844926628417,0
CHEM146,MOL03,2025-05,new_sku,DOC024,0.1200558270842175,0
CHEM146,MOL03,2025-05,new_sku,DOC027,0.06948346932179525,0
CHEM146,MOL03,2025-05,new_sku,DOC031,0.24442927158804229,0
CHEM146,MOL03,2025-05,new_sku,DOC033,0.055860980485306105,0
CHEM146,MOL03,2025-05,new_sku,DOC037,0.06193948636764962,0
CHEM146,MOL03,2025-05,new_sku,DOC043,0.11347853075121905,0
CHEM146,MOL03,2025-05,new_sku,DOC044,0.06350451419509139,0
CHEM020,MOL05,2025-04,new_sku,DOC003,0.02830874266657782,0
CHEM020,MOL05,2025-04,new_sku,DOC005,0.018156378433873317,0
CHEM020,MOL05,2025-04,new_sku,DOC012,0.023125090663706507,0
CHEM020,MOL05,2025-04,new_sku,DOC018,0.0235123127359032,0
CHEM020,MOL05,2025-04,new_sku,DOC024,0.024854423816989525,0
CHEM020,MOL05,2025-04,new_sku,DOC036,0.04829339644770195,0
CHEM020,MOL05,2025-04,new_sku,DOC037,0.052702606227038026,0
CHEM020,MOL05,2025-04,new_sku,DOC038,0.6826611707836998,0
CHEM020,MOL05,2025-04,new_sku,DOC044,0.019541028800382727,0
CHEM020,MOL05,2025-04,new_sku,DOC045,0.056588928655894793,0
CHEM020,MOL05,2025-04,new_sku,DOC048,0.02225592076823236,0
CHEM119,MOL03,2025-05,new_sku,DOC015,0.06613947961276986,0
CHEM119,MOL03,2025-05,new_sku,DOC020,0.061723679561670464,0
CHEM119,MOL03,2025-05,new_sku,DOC027,0.06194483248685147,0
CHEM119,MOL03,2025-05,new_sku,DOC031,0.057957159154531875,0
CHEM119,MOL03,2025-05,new_sku,DOC033,0.6698694042312597,0
CHEM119,MOL03,2025-05,new_sku,DOC043,0.0823654449529167,0
CHEM046,MOL03,2025-04,new_sku,DOC006,0.1857458767140686,0
CHEM046,MOL03,2025-04,new_sku,DOC012,0.178953018982264,0
CHEM046,MOL03,2025-04,new_sku,DOC015,0.11925260003196284,0
CHEM046,MOL03,2025-04,new_sku,DOC025,0.2289928581060764,0
CHEM046,MOL03,2025-04,new_sku,DOC027,0.1207633780511915,0
CHEM046,MOL03,2025-04,new_sku,DOC041,0.16629226811443662,0
CHEM028,MOL05,2025-04,new_sku,DOC002,0.1961791106280419,0
CHEM028,MOL05,2025-04,new_sku,DOC004,0.10035382580675739,0
CHEM028,MOL05,2025-04,new_sku,DOC012,0.06911768138600971,0
CHEM028,MOL05,2025-04,new_sku,DOC017,0.1421372228246839,0
CHEM028,MOL05,2025-04,new_sku,DOC019,0.08204536249840026,0
CHEM028,MOL05,2025-04,new_sku,DOC024,0.06981245779473864,0
CHEM028,MOL05,2025-04,new_sku,DOC035,0.2227308012825421,0
CHEM028,MOL05,2025-04,new_sku,DOC048,0.11762353777882607,0
CHEM016,MOL01,2025-02,new_sku,DOC010,0.2451233273900557,0
CHEM016,MOL01,2025-02,new_sku,DOC026,0.09790019948624144,0
CHEM016,MOL01,2025-02,new_sku,DOC028,0.08620782929680942,0
CHEM016,MOL01,2025-02,new_sku,DOC029,0.09772359988793172,0
CHEM016,MOL01,2025-02,new_sku,DOC032,0.15943493891273092,0
CHEM016,MOL01,2025-02,new_sku,DOC042,0.07156243526979042,0
CHEM016,MOL01,2025-02,new_sku,DOC045,0.07447502522730885,0
CHEM016,MOL01,2025-02,new_sku,DOC049,0.07120590980559208,0
CHEM016,MOL01,2025-02,new_sku,DOC050,0.09636673472353943,0
CHEM001,MOL02,2025-06,new_sku,DOC003,0.07783119131010494,0
CHEM001,MOL02,2025-06,new_sku,DOC005,0.05842276583000904,0
CHEM001,MOL02,2025-06,new_sku,DOC006,0.06690864831485473,0
CHEM001,MOL02,2025-06,new_sku,DOC009,0.12498500524407118,0
CHEM001,MOL02,2025-06,new_sku,DOC016,0.09181361833097275,0
CHEM001,MOL02,2025-06,new_sku,DOC021,0.06733006640407725,0
CHEM001,MOL02,2025-06,new_sku,DOC022,0.09496081889286306,0
CHEM001,MOL02,2025-06,new_sku,DOC023,0.06686519258639523,0
CHEM001,MOL02,2025-06,new_sku,DOC026,0.07881123373567593,0
CHEM001,MOL02,2025-06,new_sku,DOC032,0.05660874272470052,0
CHEM001,MOL02,2025-06,new_sku,DOC034,0.07161450596480846,0
CHEM001,MOL02,2025-06,new_sku,DOC039,0.08249635572017304,0
CHEM001,MOL02,2025-06,new_sku,DOC048,0.06135185494129388,0
CHEM137,MOL03,2025-04,new_sku,DOC015,0.10282303682386587,0
CHEM137,MOL03,2025-04,new_sku,DOC020,0.11253670852611257,0
CHEM137,MOL03,2025-04,new_sku,DOC027,0.09471913352851676,0
CHEM137,MOL03,2025-04,new_sku,DOC031,0.09166086688232875,0
CHEM137,MOL03,2025-04,new_sku,DOC033,0.47750387830236135,0
CHEM137,MOL03,2025-04,new_sku,DOC043,0.12075637593681471,0
CHEM053,MOL03,2025-03,new_sku,DOC007,0.11128844108788723,0
CHEM053,MOL03,2025-03,new_sku,DOC008,0.205856084974042,0
CHEM053,MOL03,2025-03,new_sku,DOC011,0.24785902442617003,0
CHEM053,MOL03,2025-03,new_sku,DOC014,0.19625989554547102,0
CHEM053,MOL03,2025-03,new_sku,DOC019,0.08744601741429947,0
CHEM053,MOL03,2025-03,new_sku,DOC020,0.0799889897533573,0
CHEM053,MOL03,2025-03,new_sku,DOC044,0.0713015467987729,0
CHEM089,MOL01,2025-05,new_sku,DOC026,0.41011865068402764,0
CHEM089,MOL01,2025-05,new_sku,DOC028,0.35292103647795425,0
CHEM089,MOL01,2025-05,new_sku,DOC045,0.23696031283801808,0
CHEM131,MOL04,2025-02,new_sku,DOC001,0.24304372740675487,0
CHEM131,MOL04,2025-02,new_sku,DOC002,0.09459082323509614,0
CHEM131,MOL04,2025-02,new_sku,DOC013,0.09471580783721127,0
CHEM131,MOL04,2025-02,new_sku,DOC017,0.07682298305245326,0
CHEM131,MOL04,2025-02,new_sku,DOC020,0.05817629233676438,0
CHEM131,MOL04,2025-02,new_sku,DOC025,0.06380826005597814,0
CHEM131,MOL04,2025-02,new_sku,DOC027,0.14353157000795663,0
CHEM131,MOL04,2025-02,new_sku,DOC035,0.2253105360677853,0
CHEM095,MOL05,2025-01,new_sku,DOC004,0.06999430635216711,0
CHEM095,MOL05,2025-01,new_sku,DOC007,0.13124235021012148,0
CHEM095,MOL05,2025-01,new_sku,DOC008,0.1748716362631137,0
CHEM095,MOL05,2025-01,new_sku,DOC019,0.09467792189129252,0
CHEM095,MOL05,2025-01,new_sku,DOC024,0.07499974328684594,0
CHEM095,MOL05,2025-01,new_sku,DOC029,0.2509907866025883,0
CHEM095,MOL05,2025-01,new_sku,DOC044,0.0964644353200256,0
CHEM095,MOL05,2025-01,new_sku,DOC047,0.10675882007384538,0
CHEM092,MOL01,2025-03,new_sku,DOC010,0.06944895308936173,0
CHEM092,MOL01,2025-03,new_sku,DOC029,0.23201371031004706,0
CHEM092,MOL01,2025-03,new_sku,DOC030,0.06916110605213793,0
CHEM092,MOL01,2025-03,new_sku,DOC032,0.08855269789313754,0
CHEM092,MOL01,2025-03,new_sku,DOC042,0.09643983515389891,0
CHEM092,MOL01,2025-03,new_sku,DOC043,0.06785567001306295,0
CHEM092,MOL01,2025-03,new_sku,DOC049,0.2727191197048976,0
CHEM092,MOL01,2025-03,new_sku,DOC050,0.10380890778345626,0
CHEM111,MOL05,2025-04,new_sku,DOC004,0.06684640563707075,0
CHEM111,MOL05,2025-04,new_sku,DOC007,0.17659281766061877,0
CHEM111,MOL05,2025-04,new_sku,DOC008,0.14143356957148587,0
CHEM111,MOL05,2025-04,new_sku,DOC019,0.08908922151734683,0
CHEM111,MOL05,2025-04,new_sku,DOC024,0.07800496479383026,0
CHEM111,MOL05,2025-04,new_sku,DOC029,0.19929371909893553,0
CHEM111,MOL05,2025-04,new_sku,DOC044,0.11284359442804474,0
CHEM111,MOL05,2025-04,new_sku,DOC047,0.1358957072926672,0
CHEM104,MOL04,2025-04,new_sku,DOC013,0.10366973554549182,0
CHEM104,MOL04,2025-04,new_sku,DOC017,0.10747954032341754,0
CHEM104,MOL04,2025-04,new_sku,DOC022,0.14825109469373268,0
CHEM104,MOL04,2025-04,new_sku,DOC025,0.10442187138160933,0
CHEM104,MOL04,2025-04,new_sku,DOC034,0.23869760044816146,0
CHEM104,MOL04,2025-04,new_sku,DOC036,0.15134020694448597,0
CHEM104,MOL04,2025-04,new_sku,DOC038,0.14613995066310123,0
CHEM099,MOL03,2025-04,new_sku,DOC007,0.06696001216241956,0
CHEM099,MOL03,2025-04,new_sku,DOC009,0.10248679613411918,0
CHEM099,MOL03,2025-04,new_sku,DOC011,0.05528337622831879,0
CHEM099,MOL03,2025-04,new_sku,DOC014,0.05981652898536279,0
CHEM099,MOL03,2025-04,new_sku,DOC019,0.057460399509832526,0
CHEM099,MOL03,2025-04,new_sku,DOC021,0.12157062611336923,0
CHEM099,MOL03,2025-04,new_sku,DOC024,0.09370207199376161,0
CHEM099,MOL03,2025-04,new_sku,DOC028,0.11054380325721411,0
CHEM099,MOL03,2025-04,new_sku,DOC037,0.061919252103104665,0
CHEM099,MOL03,2025-04,new_sku,DOC040,0.08485519678034538,0
CHEM099,MOL03,2025-04,new_sku,DOC044,0.18540193673215213,0
CHEM033,MOL02,2025-01,new_sku,DOC032,0.24964418814644024,0
CHEM033,MOL02,2025-01,new_sku,DOC039,0.20408031613474428,0
CHEM033,MOL02,2025-01,new_sku,DOC042,0.5462754957188156,0
CHEM037,MOL04,2025-06,new_sku,DOC010,0.058401421783277174,0
CHEM037,MOL04,2025-06,new_sku,DOC011,0.29960492064771926,0
CHEM037,MOL04,2025-06,new_sku,DOC014,0.26926910634709933,0
CHEM037,MOL04,2025-06,new_sku,DOC047,0.0769133484625564,0
CHEM037,MOL04,2025-06,new_sku,DOC049,0.14051640549370184,0
CHEM037,MOL04,2025-06,new_sku,DOC050,0.15529479726564593,0
CHEM022,MOL02,2025-06,new_sku,DOC003,0.21561393383615987,0
CHEM022,MOL02,2025-06,new_sku,DOC009,0.12375189652064245,0
CHEM022,MOL02,2025-06,new_sku,DOC021,0.20386073903231056,0
CHEM022,MOL02,2025-06,new_sku,DOC022,0.061636580430773545,0
CHEM022,MOL02,2025-06,new_sku,DOC026,0.20075280224775988,0
CHEM022,MOL02,2025-06,new_sku,DOC032,0.0804106729299284,0
CHEM022,MOL02,2025-06,new_sku,DOC039,0.11397337500242531,0
CHEM109,MOL05,2025-02,new_sku,DOC002,0.09699871410632208,0
CHEM109,MOL05,2025-02,new_sku,DOC004,0.04076405741156146,0
CHEM109,MOL05,2025-02,new_sku,DOC005,0.068479633241038,0
CHEM109,MOL05,2025-02,new_sku,DOC012,0.08057640307838476,0
CHEM109,MOL05,2025-02,new_sku,DOC017,0.09581929484947682,0
CHEM109,MOL05,2025-02,new_sku,DOC019,0.040814146813085164,0
CHEM109,MOL05,2025-02,new_sku,DOC024,0.04785168052452584,0
CHEM109,MOL05,2025-02,new_sku,DOC035,0.04821760955856266,0
CHEM109,MOL05,2025-02,new_sku,DOC037,0.07046589994288464,0
CHEM109,MOL05,2025-02,new_sku,DOC038,0.04485398115750894,0
CHEM109,MOL05,2025-02,new_sku,DOC045,0.06746609716554147,0
CHEM109,MOL05,2025-02,new_sku,DOC048,0.29769248215110816,0
CHEM058,MOL02,2025-04,new_sku,DOC003,0.10999889693993166,0
CHEM058,MOL02,2025-04,new_sku,DOC004,0.10967805076722167,0
CHEM058,MOL02,2025-04,new_sku,DOC021,0.10747697618830845,0
CHEM058,MOL02,2025-04,new_sku,DOC026,0.10773560129760112,0
CHEM058,MOL02,2025-04,new_sku,DOC032,0.18364110604545203,0
CHEM058,MOL02,2025-04,new_sku,DOC039,0.14341898676347833,0
CHEM058,MOL02,2025-04,new_sku,DOC042,0.2380503819980067,0
CHEM128,MOL02,2025-06,new_sku,DOC004,0.07078519001083448,0
CHEM128,MOL02,2025-06,new_sku,DOC005,0.0672130721332533,0
CHEM128,MOL02,2025-06,new_sku,DOC006,0.07622216308598898,0
CHEM128,MOL02,2025-06,new_sku,DOC013,0.19956624237485093,0
CHEM128,MOL02,2025-06,new_sku,DOC016,0.06905134969551258,0
CHEM128,MOL02,2025-06,new_sku,DOC022,0.06468180509219697,0
CHEM128,MOL02,2025-06,new_sku,DOC030,0.10626634340927682,0
CHEM128,MOL02,2025-06,new_sku,DOC031,0.09466162803820563,0
CHEM128,MOL02,2025-06,new_sku,DOC034,0.07690759154028264,0
CHEM128,MOL02,2025-06,new_sku,DOC046,0.0718838862415549,0
CHEM128,MOL02,2025-06,new_sku,DOC048,0.10276072837804284,0
CHEM106,MOL05,2025-05,new_sku,DOC002,0.1310628533526341,0
CHEM106,MOL05,2025-05,new_sku,DOC004,0.2608943746804383,0
CHEM106,MOL05,2025-05,new_sku,DOC008,0.16840066716433633,0
CHEM106,MOL05,2025-05,new_sku,DOC019,0.17675656884633603,0
CHEM106,MOL05,2025-05,new_sku,DOC029,0.1382129369109517,0
CHEM106,MOL05,2025-05,new_sku,DOC035,0.12467259904530362,0
CHEM149,MOL04,2025-06,new_sku,DOC018,0.0702990456373735,0
CHEM149,MOL04,2025-06,new_sku,DOC022,0.1295785718926785,0
CHEM149,MOL04,2025-06,new_sku,DOC034,0.10538110388429554,0
CHEM149,MOL04,2025-06,new_sku,DOC036,0.25737839846461735,0
CHEM149,MOL04,2025-06,new_sku,DOC038,0.25772934729547553,0
CHEM149,MOL04,2025-06,new_sku,DOC039,0.09590114173702853,0
CHEM149,MOL04,2025-06,new_sku,DOC040,0.08373239108853109,0
CHEM135,MOL03,2025-04,new_sku,DOC008,0.10134123534399345,0
CHEM135,MOL03,2025-04,new_sku,DOC019,0.11028142533713607,0
CHEM135,MOL03,2025-04,new_sku,DOC020,0.2905081385968781,0
CHEM135,MOL03,2025-04,new_sku,DOC031,0.12270830485500259,0
CHEM135,MOL03,2025-04,new_sku,DOC033,0.2294738522703239,0
CHEM135,MOL03,2025-04,new_sku,DOC043,0.1456870435966658,0
CHEM134,MOL05,2025-01,new_sku,DOC002,0.14232749896590505,0
CHEM134,MOL05,2025-01,new_sku,DOC004,0.2880179021608081,0
CHEM134,MOL05,2025-01,new_sku,DOC008,0.13983402366770067,0
CHEM134,MOL05,2025-01,new_sku,DOC019,0.17215752437637438,0
CHEM134,MOL05,2025-01,new_sku,DOC029,0.12212435222494782,0
CHEM134,MOL05,2025-01,new_sku,DOC035,0.13553869860426399,0
CHEM117,MOL05,2025-04,new_sku,DOC003,0.060958488495306926,0
CHEM117,MOL05,2025-04,new_sku,DOC005,0.0504718353078155,0
CHEM117,MOL05,2025-04,new_sku,DOC012,0.06511680248738,0
CHEM117,MOL05,2025-04,new_sku,DOC018,0.05091862721414009,0
CHEM117,MOL05,2025-04,new_sku,DOC024,0.0518443092393143,0
CHEM117,MOL05,2025-04,new_sku,DOC036,0.18564170541180477,0
CHEM117,MOL05,2025-04,new_sku,DOC037,0.1198642298364307,0
CHEM117,MOL05,2025-04,new_sku,DOC038,0.24191151305392994,0
CHEM117,MOL05,2025-04,new_sku,DOC045,0.11935167616116726,0
CHEM117,MOL05,2025-04,new_sku,DOC048,0.05392081279271056,0
CHEM078,MOL05,2025-03,new_sku,DOC002,0.12938918540030628,0
CHEM078,MOL05,2025-03,new_sku,DOC004,0.10048699376192885,0
CHEM078,MOL05,2025-03,new_sku,DOC017,0.12181892426017785,0
CHEM078,MOL05,2025-03,new_sku,DOC035,0.5553495541730238,0
CHEM078,MOL05,2025-03,new_sku,DOC048,0.09295534240456334,0
CHEM149,MOL02,2025-05,new_sku,DOC003,0.06545238303916691,0
CHEM149,MOL02,2025-05,new_sku,DOC005,0.06677348203264674,0
CHEM149,MOL02,2025-05,new_sku,DOC006,0.07754695584018205,0
CHEM149,MOL02,2025-05,new_sku,DOC009,0.09646718108365195,0
CHEM149,MOL02,2025-05,new_sku,DOC016,0.10843870789891269,0
CHEM149,MOL02,2025-05,new_sku,DOC021,0.05758118175207906,0
CHEM149,MOL02,2025-05,new_sku,DOC022,0.10257153408478654,0
CHEM149,MOL02,2025-05,new_sku,DOC023,0.0782994111062611,0
CHEM149,MOL02,2025-05,new_sku,DOC026,0.06605512951360207,0
CHEM149,MOL02,2025-05,new_sku,DOC032,0.05463954178635302,0
CHEM149,MOL02,2025-05,new_sku,DOC034,0.08341735312465805,0
CHEM149,MOL02,2025-05,new_sku,DOC039,0.07591322457695157,0
CHEM149,MOL02,2025-05,new_sku,DOC048,0.06684391416074828,0
CHEM130,MOL01,2025-03,new_sku,DOC015,0.2070015655873312,0
CHEM130,MOL01,2025-03,new_sku,DOC016,0.2068182621651096,0
CHEM130,MOL01,2025-03,new_sku,DOC023,0.3165268137344777,0
CHEM130,MOL01,2025-03,new_sku,DOC041,0.2696533585130814,0
CHEM072,MOL03,2025-03,new_sku,DOC006,0.06690378216851868,0
CHEM072,MOL03,2025-03,new_sku,DOC012,0.056171019188990465,0
CHEM072,MOL03,2025-03,new_sku,DOC015,0.10251163423007843,0
CHEM072,MOL03,2025-03,new_sku,DOC019,0.044559804653094295,0
CHEM072,MOL03,2025-03,new_sku,DOC024,0.04336495992364209,0
CHEM072,MOL03,2025-03,new_sku,DOC025,0.0977985206450609,0
CHEM072,MOL03,2025-03,new_sku,DOC027,0.28423082889074147,0
CHEM072,MOL03,2025-03,new_sku,DOC031,0.06990826669084911,0
CHEM072,MOL03,2025-03,new_sku,DOC033,0.049126347150402316,0
CHEM072,MOL03,2025-03,new_sku,DOC037,0.04874849632765274,0
CHEM072,MOL03,2025-03,new_sku,DOC041,0.054960645194519056,0
CHEM072,MOL03,2025-03,new_sku,DOC043,0.08171569493645045,0
CHEM045,MOL05,2025-06,new_sku,DOC002,0.25311963139733623,0
CHEM045,MOL05,2025-06,new_sku,DOC004,0.11147223238505219,0
CHEM045,MOL05,2025-06,new_sku,DOC008,0.05200985431205708,0
CHEM045,MOL05,2025-06,new_sku,DOC017,0.07709079429345041,0
CHEM045,MOL05,2025-06,new_sku,DOC019,0.08769075314847441,0
CHEM045,MOL05,2025-06,new_sku,DOC024,0.06765111769910868,0
CHEM045,MOL05,2025-06,new_sku,DOC029,0.05427711720695434,0
CHEM045,MOL05,2025-06,new_sku,DOC035,0.09097313340918123,0
CHEM045,MOL05,2025-06,new_sku,DOC037,0.055103346129442815,0
CHEM045,MOL05,2025-06,new_sku,DOC045,0.05535252020702469,0
CHEM045,MOL05,2025-06,new_sku,DOC048,0.09525949981191795,0
CHEM095,MOL02,2025-03,new_sku,DOC004,0.1752520455743842,0
CHEM095,MOL02,2025-03,new_sku,DOC031,0.14513637467953353,0
CHEM095,MOL02,2025-03,new_sku,DOC032,0.2126803997477225,0
CHEM095,MOL02,2025-03,new_sku,DOC039,0.1506044726743454,0
CHEM095,MOL02,2025-03,new_sku,DOC042,0.31632670732401447,0
CHEM038,MOL05,2025-02,new_sku,DOC002,0.09009403215453524,0
CHEM038,MOL05,2025-02,new_sku,DOC004,0.06891855974765401,0
CHEM038,MOL05,2025-02,new_sku,DOC008,0.048958412044331996,0
CHEM038,MOL05,2025-02,new_sku,DOC012,0.043545024040927575,0
CHEM038,MOL05,2025-02,new_sku,DOC017,0.04318066954692574,0
CHEM038,MOL05,2025-02,new_sku,DOC019,0.09304931550822111,0
CHEM038,MOL05,2025-02,new_sku,DOC024,0.17317171450400076,0
CHEM038,MOL05,2025-02,new_sku,DOC029,0.06134232377164722,0
CHEM038,MOL05,2025-02,new_sku,DOC037,0.06905754543163917,0
CHEM038,MOL05,2025-02,new_sku,DOC038,0.053687936300776486,0
CHEM038,MOL05,2025-02,new_sku,DOC044,0.0581967686738346,0
CHEM038,MOL05,2025-02,new_sku,DOC045,0.07280264855119072,0
CHEM038,MOL05,2025-02,new_sku,DOC047,0.04447887251903278,0
CHEM038,MOL05,2025-02,new_sku,DOC048,0.07951617720528262,0
CHEM068,MOL01,2025-01,new_sku,DOC015,0.18579096835140213,0
CHEM068,MOL01,2025-01,new_sku,DOC016,0.20220073501631294,0
CHEM068,MOL01,2025-01,new_sku,DOC023,0.34104329711633474,0
CHEM068,MOL01,2025-01,new_sku,DOC041,0.2709649995159502,0
CHEM103,MOL04,2025-03,new_sku,DOC001,0.11148664219740048,0
CHEM103,MOL04,2025-03,new_sku,DOC002,0.11528976038208527,0
CHEM103,MOL04,2025-03,new_sku,DOC020,0.4634801786504688,0
CHEM103,MOL04,2025-03,new_sku,DOC027,0.10027192941341667,0
CHEM103,MOL04,2025-03,new_sku,DOC035,0.10534490423438422,0
CHEM103,MOL04,2025-03,new_sku,DOC049,0.10412658512224443,0
CHEM060,MOL04,2025-06,new_sku,DOC001,0.056205704713639795,0
CHEM060,MOL04,2025-06,new_sku,DOC002,0.07402676021317763,0
CHEM060,MOL04,2025-06,new_sku,DOC013,0.11630037113526831,0
CHEM060,MOL04,2025-06,new_sku,DOC017,0.22344599445243943,0
CHEM060,MOL04,2025-06,new_sku,DOC022,0.06283567593964744,0
CHEM060,MOL04,2025-06,new_sku,DOC025,0.18912624525406865,0
CHEM060,MOL04,2025-06,new_sku,DOC027,0.09427570380622753,0
CHEM060,MOL04,2025-06,new_sku,DOC034,0.12058361001066811,0
CHEM060,MOL04,2025-06,new_sku,DOC035,0.06319993447486301,0
CHEM068,MOL02,2025-05,new_sku,DOC005,0.22223628246125526,0
CHEM068,MOL02,2025-05,new_sku,DOC006,0.15584416174570961,0
CHEM068,MOL02,2025-05,new_sku,DOC013,0.10391087388123894,0
CHEM068,MOL02,2025-05,new_sku,DOC016,0.1036469619128865,0
CHEM068,MOL02,2025-05,new_sku,DOC023,0.17481687998814743,0
CHEM068,MOL02,2025-05,new_sku,DOC034,0.13695368045393608,0
CHEM068,MOL02,2025-05,new_sku,DOC048,0.10259115955682606,0
CHEM011,MOL01,2025-05,new_sku,DOC010,0.07958671488762102,0
CHEM011,MOL01,2025-05,new_sku,DOC016,0.04710398118681745,0
CHEM011,MOL01,2025-05,new_sku,DOC026,0.0478807469823647,0
CHEM011,MOL01,2025-05,new_sku,DOC029,0.10165803086230432,0
CHEM011,MOL01,2025-05,new_sku,DOC030,0.04291592443815304,0
CHEM011,MOL01,2025-05,new_sku,DOC032,0.4067267867320087,0
CHEM011,MOL01,2025-05,new_sku,DOC042,0.048285616377553506,0
CHEM011,MOL01,2025-05,new_sku,DOC043,0.04675430798524427,0
CHEM011,MOL01,2025-05,new_sku,DOC045,0.05697864791022755,0
CHEM011,MOL01,2025-05,new_sku,DOC049,0.05974186479128161,0
CHEM011,MOL01,2025-05,new_sku,DOC050,0.06236737784642388,0
CHEM070,MOL03,2025-03,new_sku,DOC006,0.16119532573786222,0
CHEM070,MOL03,2025-03,new_sku,DOC009,0.09371725873265348,0
CHEM070,MOL03,2025-03,new_sku,DOC012,0.19751540201527748,0
CHEM070,MOL03,2025-03,new_sku,DOC024,0.07885022758706414,0
CHEM070,MOL03,2025-03,new_sku,DOC037,0.23987460365045907,0
CHEM070,MOL03,2025-03,new_sku,DOC041,0.22884718227668369,0
CHEM066,MOL05,2025-04,new_sku,DOC002,0.1013035827903953,0
CHEM066,MOL05,2025-04,new_sku,DOC004,0.3963213223548397,0
CHEM066,MOL05,2025-04,new_sku,DOC008,0.08204725108300866,0
CHEM066,MOL05,2025-04,new_sku,DOC019,0.13980788194908159,0
CHEM066,MOL05,2025-04,new_sku,DOC024,0.07005814638922328,0
CHEM066,MOL05,2025-04,new_sku,DOC029,0.07732813043289809,0
CHEM066,MOL05,2025-04,new_sku,DOC035,0.06956183988805596,0
CHEM066,MOL05,2025-04,new_sku,DOC048,0.06357184511249737,0
CHEM050,MOL05,2025-03,new_sku,DOC003,0.062273966465735076,0
CHEM050,MOL05,2025-03,new_sku,DOC005,0.051448587127409316,0
CHEM050,MOL05,2025-03,new_sku,DOC012,0.06589600870325638,0
CHEM050,MOL05,2025-03,new_sku,DOC018,0.051851288297101804,0
CHEM050,MOL05,2025-03,new_sku,DOC024,0.05139978725386918,0
CHEM050,MOL05,2025-03,new_sku,DOC036,0.22088391551821865,0
CHEM050,MOL05,2025-03,new_sku,DOC037,0.11372864638195428,0
CHEM050,MOL05,2025-03,new_sku,DOC038,0.21605132242737918,0
CHEM050,MOL05,2025-03,new_sku,DOC045,0.11284282163192995,0
CHEM050,MOL05,2025-03,new_sku,DOC048,0.05362365619314627,0
CHEM004,MOL04,2025-01,new_sku,DOC001,0.2764003031138322,0
CHEM004,MOL04,2025-01,new_sku,DOC002,0.08639064545016525,0
CHEM004,MOL04,2025-01,new_sku,DOC013,0.08692641906083139,0
CHEM004,MOL04,2025-01,new_sku,DOC017,0.0727378034404304,0
CHEM004,MOL04,2025-01,new_sku,DOC020,0.05761253150673463,0
CHEM004,MOL04,2025-01,new_sku,DOC025,0.06140416472899946,0
CHEM004,MOL04,2025-01,new_sku,DOC027,0.12894719899609913,0
CHEM004,MOL04,2025-01,new_sku,DOC035,0.22958093370290758,0
CHEM115,MOL03,2025-02,new_sku,DOC006,0.12099754550967025,0
CHEM115,MOL03,2025-02,new_sku,DOC012,0.23603562708433254,0
CHEM115,MOL03,2025-02,new_sku,DOC024,0.02204041720169167,0
CHEM115,MOL03,2025-02,new_sku,DOC025,0.029111542779728806,0
CHEM115,MOL03,2025-02,new_sku,DOC027,0.02410528046300847,0
CHEM115,MOL03,2025-02,new_sku,DOC037,0.05011200570362515,0
CHEM115,MOL03,2025-02,new_sku,DOC041,0.5175975812579431,0
CHEM050,MOL01,2025-01,new_sku,DOC016,0.1688714458674763,0
CHEM050,MOL01,2025-01,new_sku,DOC023,0.12141282545069663,0
CHEM050,MOL01,2025-01,new_sku,DOC026,0.12904937593120896,0
CHEM050,MOL01,2025-01,new_sku,DOC028,0.10606309357807663,0
CHEM050,MOL01,2025-01,new_sku,DOC032,0.09778706720569816,0
CHEM050,MOL01,2025-01,new_sku,DOC041,0.1455496743710955,0
CHEM050,MOL01,2025-01,new_sku,DOC045,0.23126651759574793,0
CHEM023,MOL05,2025-02,new_sku,DOC004,0.4298254067623142,0
CHEM023,MOL05,2025-02,new_sku,DOC035,0.5701745932376857,0
CHEM048,MOL01,2025-06,new_sku,DOC001,0.190169195719898,0
CHEM048,MOL01,2025-06,new_sku,DOC015,0.22478306059211464,0
CHEM048,MOL01,2025-06,new_sku,DOC016,0.07020966930063624,0
CHEM048,MOL01,2025-06,new_sku,DOC030,0.12508763119543656,0
CHEM048,MOL01,2025-06,new_sku,DOC033,0.09483566389319477,0
CHEM048,MOL01,2025-06,new_sku,DOC041,0.06464223212025337,0
CHEM048,MOL01,2025-06,new_sku,DOC043,0.15047049499316076,0
CHEM048,MOL01,2025-06,new_sku,DOC046,0.07980205218530569,0
CHEM076,MOL04,2025-06,new_sku,DOC002,0.12290041391123353,0
CHEM076,MOL04,2025-06,new_sku,DOC011,0.15114618737297295,0
CHEM076,MOL04,2025-06,new_sku,DOC014,0.14726915557027728,0
CHEM076,MOL04,2025-06,new_sku,DOC020,0.25644912557907196,0
CHEM076,MOL04,2025-06,new_sku,DOC049,0.2028977193987911,0
CHEM076,MOL04,2025-06,new_sku,DOC050,0.11933739816765324,0
CHEM071,MOL04,2025-06,new_sku,DOC002,0.1501503628087726,0
CHEM071,MOL04,2025-06,new_sku,DOC010,0.06854427344668493,0
CHEM071,MOL04,2025-06,new_sku,DOC013,0.10289177078154259,0
CHEM071,MOL04,2025-06,new_sku,DOC017,0.07066506371526632,0
CHEM071,MOL04,2025-06,new_sku,DOC022,0.16510291006437927,0
CHEM071,MOL04,2025-06,new_sku,DOC027,0.07984405054828815,0
CHEM071,MOL04,2025-06,new_sku,DOC034,0.08627825548571239,0
CHEM071,MOL04,2025-06,new_sku,DOC038,0.08597787635849524,0
CHEM071,MOL04,2025-06,new_sku,DOC039,0.12662379037700122,0
CHEM071,MOL04,2025-06,new_sku,DOC047,0.0639216464138572,0
CHEM046,MOL04,2025-01,new_sku,DOC013,0.155774473285524,0
CHEM046,MOL04,2025-01,new_sku,DOC017,0.2169635137123227,0
CHEM046,MOL04,2025-01,new_sku,DOC025,0.2794057867360136,0
CHEM046,MOL04,2025-01,new_sku,DOC027,0.14734951531834017,0
CHEM046,MOL04,2025-01,new_sku,DOC034,0.2005067109477996,0
CHEM037,MOL05,2025-04,new_sku,DOC007,0.31800510675978605,0
CHEM037,MOL05,2025-04,new_sku,DOC008,0.16341548976872003,0
CHEM037,MOL05,2025-04,new_sku,DOC019,0.09805450901949553,0
CHEM037,MOL05,2025-04,new_sku,DOC029,0.16020322092015576,0
CHEM037,MOL05,2025-04,new_sku,DOC044,0.11454839816137787,0
CHEM037,MOL05,2025-04,new_sku,DOC047,0.1457732753704647,0
CHEM009,MOL01,2025-01,new_sku,DOC001,0.07855289741637997,0
CHEM009,MOL01,2025-01,new_sku,DOC015,0.06337808647780185,0
CHEM009,MOL01,2025-01,new_sku,DOC029,0.07078815703255507,0
CHEM009,MOL01,2025-01,new_sku,DOC030,0.25601983176577775,0
CHEM009,MOL01,2025-01,new_sku,DOC032,0.06705194156736947,0
CHEM009,MOL01,2025-01,new_sku,DOC033,0.09744255175165806,0
CHEM009,MOL01,2025-01,new_sku,DOC043,0.21917625685821346,0
CHEM009,MOL01,2025-01,new_sku,DOC046,0.08953168842741457,0
CHEM009,MOL01,2025-01,new_sku,DOC049,0.058058588702829754,0
CHEM005,MOL04,2025-02,new_sku,DOC013,0.12244035509712027,0
CHEM005,MOL04,2025-02,new_sku,DOC017,0.19960092374875552,0
CHEM005,MOL04,2025-02,new_sku,DOC025,0.32596139365564086,0
CHEM005,MOL04,2025-02,new_sku,DOC027,0.12087726432348676,0
CHEM005,MOL04,2025-02,new_sku,DOC034,0.1297868294235706,0
CHEM005,MOL04,2025-02,new_sku,DOC035,0.10133323375142596,0
CHEM148,MOL01,2025-05,new_sku,DOC016,0.21821249967339204,0
CHEM148,MOL01,2025-05,new_sku,DOC023,0.08630098418284113,0
CHEM148,MOL01,2025-05,new_sku,DOC029,0.06894045519639595,0
CHEM148,MOL01,2025-05,new_sku,DOC030,0.07187053641907296,0
CHEM148,MOL01,2025-05,new_sku,DOC032,0.12291746519202196,0
CHEM148,MOL01,2025-05,new_sku,DOC041,0.11566002592471311,0
CHEM148,MOL01,2025-05,new_sku,DOC043,0.0846606074775714,0
CHEM148,MOL01,2025-05,new_sku,DOC045,0.23143742593399144,0
CHEM112,MOL04,2025-06,new_sku,DOC001,0.11172388251357393,0
CHEM112,MOL04,2025-06,new_sku,DOC002,0.07490712871397628,0
CHEM112,MOL04,2025-06,new_sku,DOC013,0.1090068338710087,0
CHEM112,MOL04,2025-06,new_sku,DOC017,0.1089059526239628,0
CHEM112,MOL04,2025-06,new_sku,DOC022,0.03834017995317361,0
CHEM112,MOL04,2025-06,new_sku,DOC025,0.08035615874823301,0
CHEM112,MOL04,2025-06,new_sku,DOC027,0.2769919850590327,0
CHEM112,MOL04,2025-06,new_sku,DOC034,0.04588207577785003,0
CHEM112,MOL04,2025-06,new_sku,DOC035,0.1538858027391889,0
CHEM058,MOL01,2025-04,new_sku,DOC010,0.16377799606609622,0
CHEM058,MOL01,2025-04,new_sku,DOC026,0.06145074612371677,0
CHEM058,MOL01,2025-04,new_sku,DOC029,0.14886912289434476,0
CHEM058,MOL01,2025-04,new_sku,DOC032,0.10474608996059777,0
CHEM058,MOL01,2025-04,new_sku,DOC042,0.13578031228883136,0
CHEM058,MOL01,2025-04,new_sku,DOC049,0.11995635208229136,0
CHEM058,MOL01,2025-04,new_sku,DOC050,0.26541938058412184,0
CHEM103,MOL01,2025-06,new_sku,DOC001,0.10154425029360829,0
CHEM103,MOL01,2025-06,new_sku,DOC029,0.1027066779989656,0
CHEM103,MOL01,2025-06,new_sku,DOC030,0.21008958070856115,0
CHEM103,MOL01,2025-06,new_sku,DOC033,0.16015436817199147,0
CHEM103,MOL01,2025-06,new_sku,DOC043,0.16389081400359842,0
CHEM103,MOL01,2025-06,new_sku,DOC046,0.16677374484655816,0
CHEM103,MOL01,2025-06,new_sku,DOC049,0.09484056397671682,0
CHEM092,MOL04,2025-01,new_sku,DOC010,0.0745101182451421,0
CHEM092,MOL04,2025-01,new_sku,DOC011,0.16740302101886803,0
CHEM092,MOL04,2025-01,new_sku,DOC014,0.1586672555491201,0
CHEM092,MOL04,2025-01,new_sku,DOC020,0.10915229303382942,0
CHEM092,MOL04,2025-01,new_sku,DOC047,0.08629941051069175,0
CHEM092,MOL04,2025-01,new_sku,DOC049,0.29259381103666593,0
CHEM092,MOL04,2025-01,new_sku,DOC050,0.11137409060568267,0
CHEM062,MOL04,2025-04,new_sku,DOC002,0.05394374958037616,0
CHEM062,MOL04,2025-04,new_sku,DOC010,0.06484285712802916,0
CHEM062,MOL04,2025-04,new_sku,DOC018,0.0763028576606554,0
CHEM062,MOL04,2025-04,new_sku,DOC022,0.12985089415618098,0
CHEM062,MOL04,2025-04,new_sku,DOC034,0.0625027090802677,0
CHEM062,MOL04,2025-04,new_sku,DOC036,0.08699855403706623,0
CHEM062,MOL04,2025-04,new_sku,DOC038,0.20463568712594787,0
CHEM062,MOL04,2025-04,new_sku,DOC039,0.19638170957835838,0
CHEM062,MOL04,2025-04,new_sku,DOC040,0.07102935619813244,0
CHEM062,MOL04,2025-04,new_sku,DOC047,0.05351162545498562,0
CHEM079,MOL04,2025-05,new_sku,DOC001,0.21980913885049988,0
CHEM079,MOL04,2025-05,new_sku,DOC002,0.04102875880193485,0
CHEM079,MOL04,2025-05,new_sku,DOC013,0.04825753321923773,0
CHEM079,MOL04,2025-05,new_sku,DOC017,0.048011411291722914,0
CHEM079,MOL04,2025-05,new_sku,DOC025,0.041790389143534314,0
CHEM079,MOL04,2025-05,new_sku,DOC027,0.079276962757988,0
CHEM079,MOL04,2025-05,new_sku,DOC035,0.5218258059350823,0
CHEM010,MOL03,2025-01,new_sku,DOC007,0.055140851440513464,0
CHEM010,MOL03,2025-01,new_sku,DOC008,0.4526053874220326,0
CHEM010,MOL03,2025-01,new_sku,DOC011,0.09304256969135571,0
CHEM010,MOL03,2025-01,new_sku,DOC014,0.09051392141936805,0
CHEM010,MOL03,2025-01,new_sku,DOC019,0.0807284347872502,0
CHEM010,MOL03,2025-01,new_sku,DOC020,0.050657908485902826,0
CHEM010,MOL03,2025-01,new_sku,DOC024,0.047470506749655944,0
CHEM010,MOL03,2025-01,new_sku,DOC031,0.044998160877919746,0
CHEM010,MOL03,2025-01,new_sku,DOC043,0.03659589068973546,0
CHEM010,MOL03,2025-01,new_sku,DOC044,0.04824636843626607,0
CHEM104,MOL01,2025-02,new_sku,DOC016,0.18543896860627176,0
CHEM104,MOL01,2025-02,new_sku,DOC023,0.33607810770502317,0
CHEM104,MOL01,2025-02,new_sku,DOC041,0.33305323254308977,0
CHEM104,MOL01,2025-02,new_sku,DOC045,0.14542969114561527,0
CHEM010,MOL02,2025-04,new_sku,DOC004,0.21173048937469408,0
CHEM010,MOL02,2025-04,new_sku,DOC030,0.12808293551079952,0
CHEM010,MOL02,2025-04,new_sku,DOC031,0.15641101922372605,0
CHEM010,MOL02,2025-04,new_sku,DOC032,0.1829730928151376,0
CHEM010,MOL02,2025-04,new_sku,DOC039,0.12483440514306278,0
CHEM010,MOL02,2025-04,new_sku,DOC042,0.1959680579325799,0
CHEM045,MOL01,2025-03,new_sku,DOC001,0.08802091274261044,0
CHEM045,MOL01,2025-03,new_sku,DOC015,0.07890461831463985,0
CHEM045,MOL01,2025-03,new_sku,DOC016,0.06181446044994137,0
CHEM045,MOL01,2025-03,new_sku,DOC029,0.055186733149550624,0
CHEM045,MOL01,2025-03,new_sku,DOC030,0.15950484981644464,0
CHEM045,MOL01,2025-03,new_sku,DOC032,0.06548272716999713,0
CHEM045,MOL01,2025-03,new_sku,DOC033,0.07549275887542253,0
CHEM045,MOL01,2025-03,new_sku,DOC043,0.29334793450978547,0
CHEM045,MOL01,2025-03,new_sku,DOC045,0.056280158545870394,0
CHEM045,MOL01,2025-03,new_sku,DOC046,0.06596484642573759,0
CHEM044,MOL05,2025-01,new_sku,DOC002,0.11239423305917756,0
CHEM044,MOL05,2025-01,new_sku,DOC004,0.08450530795118914,0
CHEM044,MOL05,2025-01,new_sku,DOC008,0.05078612368441975,0
CHEM044,MOL05,2025-01,new_sku,DOC012,0.04145501886650941,0
CHEM044,MOL05,2025-01,new_sku,DOC017,0.04537259523050272,0
CHEM044,MOL05,2025-01,new_sku,DOC019,0.1084322854358842,0
CHEM044,MOL05,2025-01,new_sku,DOC024,0.11652084235957973,0
CHEM044,MOL05,2025-01,new_sku,DOC029,0.061027906658018716,0
CHEM044,MOL05,2025-01,new_sku,DOC035,0.04215529882647625,0
CHEM044,MOL05,2025-01,new_sku,DOC037,0.05906963170783828,0
CHEM044,MOL05,2025-01,new_sku,DOC038,0.04590889452336175,0
CHEM044,MOL05,2025-01,new_sku,DOC044,0.050969022682717434,0
CHEM044,MOL05,2025-01,new_sku,DOC045,0.061229296956938045,0
CHEM044,MOL05,2025-01,new_sku,DOC047,0.04067497934316952,0
CHEM044,MOL05,2025-01,new_sku,DOC048,0.0794985627142175,0
CHEM128,MOL05,2025-05,new_sku,DOC002,0.15679227365943368,0
CHEM128,MOL05,2025-05,new_sku,DOC004,0.083815646649767,0
CHEM128,MOL05,2025-05,new_sku,DOC005,0.07958595722217864,0
CHEM128,MOL05,2025-05,new_sku,DOC012,0.07837542164071018,0
CHEM128,MOL05,2025-05,new_sku,DOC017,0.2141197927257902,0
CHEM128,MOL05,2025-05,new_sku,DOC035,0.26563352194424733,0
CHEM128,MOL05,2025-05,new_sku,DOC048,0.12167738615787302,0
CHEM031,MOL05,2025-05,new_sku,DOC004,0.13418168870923358,0
CHEM031,MOL05,2025-05,new_sku,DOC007,0.11338963674465513,0
CHEM031,MOL05,2025-05,new_sku,DOC008,0.3400948600398484,0
CHEM031,MOL05,2025-05,new_sku,DOC019,0.1404371268935375,0
CHEM031,MOL05,2025-05,new_sku,DOC029,0.17944303840247944,0
CHEM031,MOL05,2025-05,new_sku,DOC047,0.09245364921024604,0
CHEM055,MOL01,2025-05,new_sku,DOC010,0.13742912010559843,0
CHEM055,MOL01,2025-05,new_sku,DOC016,0.09902984378379551,0
CHEM055,MOL01,2025-05,new_sku,DOC026,0.3064982293555237,0
CHEM055,MOL01,2025-05,new_sku,DOC028,0.19156264266734382,0
CHEM055,MOL01,2025-05,new_sku,DOC032,0.12567136469617543,0
CHEM055,MOL01,2025-05,new_sku,DOC045,0.13980879939156318,0
CHEM017,MOL01,2025-03,new_sku,DOC010,0.07423119486986457,0
CHEM017,MOL01,2025-03,new_sku,DOC016,0.07842490613336622,0
CHEM017,MOL01,2025-03,new_sku,DOC026,0.058263654816955925,0
CHEM017,MOL01,2025-03,new_sku,DOC029,0.08672784606412468,0
CHEM017,MOL01,2025-03,new_sku,DOC030,0.05864420595208977,0
CHEM017,MOL01,2025-03,new_sku,DOC032,0.30861652644684123,0
CHEM017,MOL01,2025-03,new_sku,DOC041,0.05556272976126416,0
CHEM017,MOL01,2025-03,new_sku,DOC043,0.06664174353981303,0
CHEM017,MOL01,2025-03,new_sku,DOC045,0.09711055134182547,0
CHEM017,MOL01,2025-03,new_sku,DOC049,0.05801960683845805,0
CHEM017,MOL01,2025-03,new_sku,DOC050,0.057757034235396895,0
CHEM097,MOL02,2025-01,new_sku,DOC004,0.43744030882612356,0
CHEM097,MOL02,2025-01,new_sku,DOC013,0.06176483567969104,0
CHEM097,MOL02,2025-01,new_sku,DOC030,0.15112650648961887,0
CHEM097,MOL02,2025-01,new_sku,DOC031,0.15699467446069035,0
CHEM097,MOL02,2025-01,new_sku,DOC032,0.06413474529335131,0
CHEM097,MOL02,2025-01,new_sku,DOC046,0.07346837731354916,0
CHEM097,MOL02,2025-01,new_sku,DOC048,0.05507055193697569,0
CHEM002,MOL01,2025-02,new_sku,DOC001,0.09134236206584352,0
CHEM002,MOL01,2025-02,new_sku,DOC015,0.06486076435301223,0
CHEM002,MOL01,2025-02,new_sku,DOC030,0.1410943934353453,0
CHEM002,MOL01,2025-02,new_sku,DOC033,0.2585294489777754,0
CHEM002,MOL01,2025-02,new_sku,DOC043,0.10381722646284605,0
CHEM002,MOL01,2025-02,new_sku,DOC046,0.3403558047051775,0
CHEM073,MOL04,2025-06,new_sku,DOC001,0.07427712832884924,0
CHEM073,MOL04,2025-06,new_sku,DOC002,0.1987341245641127,0
CHEM073,MOL04,2025-06,new_sku,DOC013,0.10935168198361381,0
CHEM073,MOL04,2025-06,new_sku,DOC017,0.07133407549221116,0
CHEM073,MOL04,2025-06,new_sku,DOC020,0.08057275823607607,0
CHEM073,MOL04,2025-06,new_sku,DOC022,0.08670997505904646,0
CHEM073,MOL04,2025-06,new_sku,DOC027,0.09667742586862695,0
CHEM073,MOL04,2025-06,new_sku,DOC034,0.06626716709325552,0
CHEM073,MOL04,2025-06,new_sku,DOC035,0.07611296683643394,0
CHEM073,MOL04,2025-06,new_sku,DOC039,0.07502191292124212,0
CHEM073,MOL04,2025-06,new_sku,DOC049,0.06494078361653212,0
CHEM053,MOL02,2025-06,new_sku,DOC004,0.2788859728912178,0
CHEM053,MOL02,2025-06,new_sku,DOC032,0.24822334643180485,0
CHEM053,MOL02,2025-06,new_sku,DOC042,0.47289068067697726,0
CHEM023,MOL03,2025-03,new_sku,DOC015,0.13513642696058797,0
CHEM023,MOL03,2025-03,new_sku,DOC020,0.15174887586337377,0
CHEM023,MOL03,2025-03,new_sku,DOC027,0.12302665967548695,0
CHEM023,MOL03,2025-03,new_sku,DOC033,0.43846492330470443,0
CHEM023,MOL03,2025-03,new_sku,DOC043,0.15162311419584684,0
CHEM143,MOL02,2025-02,new_sku,DOC004,0.2804517414645034,0
CHEM143,MOL02,2025-02,new_sku,DOC030,0.1649895127225833,0
CHEM143,MOL02,2025-02,new_sku,DOC031,0.1887926539919685,0
CHEM143,MOL02,2025-02,new_sku,DOC032,0.18091593581849322,0
CHEM143,MOL02,2025-02,new_sku,DOC042,0.1848501560024515,0
CHEM025,MOL05,2025-03,new_sku,DOC007,0.536893583069363,0
CHEM025,MOL05,2025-03,new_sku,DOC008,0.10005140185056774,0
CHEM025,MOL05,2025-03,new_sku,DOC029,0.1085774416628414,0
CHEM025,MOL05,2025-03,new_sku,DOC044,0.10419848602349516,0
CHEM025,MOL05,2025-03,new_sku,DOC047,0.15027908739373272,0
CHEM057,MOL04,2025-06,new_sku,DOC001,0.35794764143086494,0
CHEM057,MOL04,2025-06,new_sku,DOC020,0.3270732579114483,0
CHEM057,MOL04,2025-06,new_sku,DOC035,0.31497910065768675,0
CHEM094,MOL03,2025-02,new_sku,DOC006,0.4850432980516523,0
CHEM094,MOL03,2025-02,new_sku,DOC012,0.15445006009281595,0
CHEM094,MOL03,2025-02,new_sku,DOC015,0.029693597982375586,0
CHEM094,MOL03,2025-02,new_sku,DOC024,0.0276891909495231,0
CHEM094,MOL03,2025-02,new_sku,DOC025,0.049054213486720316,0
CHEM094,MOL03,2025-02,new_sku,DOC027,0.03795709013043134,0
CHEM094,MOL03,2025-02,new_sku,DOC031,0.028358381557390372,0
CHEM094,MOL03,2025-02,new_sku,DOC037,0.05205945253252743,0
CHEM094,MOL03,2025-02,new_sku,DOC041,0.1356947152165636,0
CHEM086,MOL05,2025-04,new_sku,DOC005,0.40688690474966843,0
CHEM086,MOL05,2025-04,new_sku,DOC012,0.2488068170908334,0
CHEM086,MOL05,2025-04,new_sku,DOC017,0.19403944622189653,0
CHEM086,MOL05,2025-04,new_sku,DOC048,0.15026683193760165,0
CHEM114,MOL05,2025-05,new_sku,DOC002,0.09896845460986879,0
CHEM114,MOL05,2025-05,new_sku,DOC004,0.279710310637359,0
CHEM114,MOL05,2025-05,new_sku,DOC008,0.19116978693639836,0
CHEM114,MOL05,2025-05,new_sku,DOC019,0.192728151035237,0
CHEM114,MOL05,2025-05,new_sku,DOC024,0.09400156559421884,0
CHEM114,MOL05,2025-05,new_sku,DOC029,0.14342173118691795,0
CHEM051,MOL03,2025-02,new_sku,DOC006,0.053759990016707164,0
CHEM051,MOL03,2025-02,new_sku,DOC015,0.40207746123787663,0
CHEM051,MOL03,2025-02,new_sku,DOC025,0.09373255381883464,0
CHEM051,MOL03,2025-02,new_sku,DOC027,0.21068072301938504,0
CHEM051,MOL03,2025-02,new_sku,DOC031,0.06849465784192202,0
CHEM051,MOL03,2025-02,new_sku,DOC033,0.077734026776592,0
CHEM051,MOL03,2025-02,new_sku,DOC043,0.09352058728868252,0
CHEM059,MOL01,2025-02,new_sku,DOC016,0.4187618622725198,0
CHEM059,MOL01,2025-02,new_sku,DOC023,0.12453484476981239,0
CHEM059,MOL01,2025-02,new_sku,DOC032,0.05591616104854496,0
CHEM059,MOL01,2025-02,new_sku,DOC041,0.24045561798988307,0
CHEM059,MOL01,2025-02,new_sku,DOC045,0.16033151391923972,0
CHEM125,MOL01,2025-04,new_sku,DOC016,0.17605608377156248,0
CHEM125,MOL01,2025-04,new_sku,DOC023,0.23313746681858058,0
CHEM125,MOL01,2025-04,new_sku,DOC041,0.4754587342154177,0
CHEM125,MOL01,2025-04,new_sku,DOC045,0.11534771519443926,0
CHEM117,MOL02,2025-04,new_sku,DOC003,0.0722792511837,0
CHEM117,MOL02,2025-04,new_sku,DOC005,0.059845093800132414,0
CHEM117,MOL02,2025-04,new_sku,DOC006,0.06976543474271205,0
CHEM117,MOL02,2025-04,new_sku,DOC009,0.1130515104776423,0
CHEM117,MOL02,2025-04,new_sku,DOC016,0.0994864242443452,0
CHEM117,MOL02,2025-04,new_sku,DOC021,0.06260443753195191,0
CHEM117,MOL02,2025-04,new_sku,DOC022,0.10242183968061083,0
CHEM117,MOL02,2025-04,new_sku,DOC023,0.06865860876728247,0
CHEM117,MOL02,2025-04,new_sku,DOC026,0.07299913396559538,0
CHEM117,MOL02,2025-04,new_sku,DOC032,0.056868255946624535,0
CHEM117,MOL02,2025-04,new_sku,DOC034,0.07529721153104166,0
CHEM117,MOL02,2025-04,new_sku,DOC039,0.08278820808068245,0
CHEM117,MOL02,2025-04,new_sku,DOC048,0.06393459004767878,0
CHEM118,MOL04,2025-02,new_sku,DOC001,0.290686565972163,0
CHEM118,MOL04,2025-02,new_sku,DOC002,0.08613902477836682,0
CHEM118,MOL04,2025-02,new_sku,DOC013,0.0853709857057087,0
CHEM118,MOL04,2025-02,new_sku,DOC017,0.07352136594489878,0
CHEM118,MOL04,2025-02,new_sku,DOC020,0.06713341118222382,0
CHEM118,MOL04,2025-02,new_sku,DOC025,0.063607481779821,0
CHEM118,MOL04,2025-02,new_sku,DOC027,0.11951119182741829,0
CHEM118,MOL04,2025-02,new_sku,DOC035,0.21402997280939962,0
CHEM142,MOL02,2025-01,new_sku,DOC004,0.15676310168591284,0
CHEM142,MOL02,2025-01,new_sku,DOC013,0.07095369409675956,0
CHEM142,MOL02,2025-01,new_sku,DOC016,0.054818275115860675,0
CHEM142,MOL02,2025-01,new_sku,DOC022,0.06735012427349368,0
CHEM142,MOL02,2025-01,new_sku,DOC030,0.08784078361230599,0
CHEM142,MOL02,2025-01,new_sku,DOC031,0.22525681199583963,0
CHEM142,MOL02,2025-01,new_sku,DOC032,0.10387717237071573,0
CHEM142,MOL02,2025-01,new_sku,DOC034,0.04834064696023093,0
CHEM142,MOL02,2025-01,new_sku,DOC039,0.0640571656501848,0
CHEM142,MOL02,2025-01,new_sku,DOC046,0.04785605805211804,0
CHEM142,MOL02,2025-01,new_sku,DOC048,0.0728861661865781,0
CHEM126,MOL02,2025-05,new_sku,DOC003,0.09063809617986289,0
CHEM126,MOL02,2025-05,new_sku,DOC004,0.07090277297761464,0
CHEM126,MOL02,2025-05,new_sku,DOC009,0.08249259189296407,0
CHEM126,MOL02,2025-05,new_sku,DOC021,0.0844630686051053,0
CHEM126,MOL02,2025-05,new_sku,DOC022,0.07845835371240223,0
CHEM126,MOL02,2025-05,new_sku,DOC026,0.08830349989268521,0
CHEM126,MOL02,2025-05,new_sku,DOC031,0.07024822155557969,0
CHEM126,MOL02,2025-05,new_sku,DOC032,0.19329135849683138,0
CHEM126,MOL02,2025-05,new_sku,DOC039,0.1546857198772751,0
CHEM126,MOL02,2025-05,new_sku,DOC042,0.08651631680967942,0
CHEM064,MOL03,2025-04,new_sku,DOC007,0.048097784964702774,0
CHEM064,MOL03,2025-04,new_sku,DOC008,0.07709371519496636,0
CHEM064,MOL03,2025-04,new_sku,DOC011,0.05440639301845575,0
CHEM064,MOL03,2025-04,new_sku,DOC014,0.056769976776808895,0
CHEM064,MOL03,2025-04,new_sku,DOC019,0.20107707262935248,0
CHEM064,MOL03,2025-04,new_sku,DOC020,0.05155097208933708,0
CHEM064,MOL03,2025-04,new_sku,DOC024,0.1634120214980078,0
CHEM064,MOL03,2025-04,new_sku,DOC027,0.047351207839017875,0
CHEM064,MOL03,2025-04,new_sku,DOC031,0.10464902064789937,0
CHEM064,MOL03,2025-04,new_sku,DOC037,0.05479156846964104,0
CHEM064,MOL03,2025-04,new_sku,DOC043,0.0665970453093399,0
CHEM064,MOL03,2025-04,new_sku,DOC044,0.0742032215624706,0
CHEM039,MOL05,2025-01,new_sku,DOC003,0.05131591967037872,0
CHEM039,MOL05,2025-01,new_sku,DOC004,0.05049554194040981,0
CHEM039,MOL05,2025-01,new_sku,DOC007,0.09943439675572238,0
CHEM039,MOL05,2025-01,new_sku,DOC008,0.07508210361618643,0
CHEM039,MOL05,2025-01,new_sku,DOC018,0.05910256441498941,0
CHEM039,MOL05,2025-01,new_sku,DOC019,0.07058848828898834,0
CHEM039,MOL05,2025-01,new_sku,DOC024,0.08493228789926112,0
CHEM039,MOL05,2025-01,new_sku,DOC029,0.11922588014617197,0
CHEM039,MOL05,2025-01,new_sku,DOC044,0.2057621843178227,0
CHEM039,MOL05,2025-01,new_sku,DOC047,0.18406063295006916,0
CHEM076,MOL02,2025-06,new_sku,DOC004,0.322186383430309,0
CHEM076,MOL02,2025-06,new_sku,DOC030,0.15210990308508682,0
CHEM076,MOL02,2025-06,new_sku,DOC031,0.17574777132792765,0
CHEM076,MOL02,2025-06,new_sku,DOC032,0.1350338457422444,0
CHEM076,MOL02,2025-06,new_sku,DOC042,0.10617664181906572,0
CHEM076,MOL02,2025-06,new_sku,DOC046,0.10874545459536648,0
CHEM123,MOL03,2025-02,new_sku,DOC007,0.12303308044466807,0
CHEM123,MOL03,2025-02,new_sku,DOC008,0.11253033759484739,0
CHEM123,MOL03,2025-02,new_sku,DOC011,0.39478780166476035,0
CHEM123,MOL03,2025-02,new_sku,DOC014,0.2502585221291935,0
CHEM123,MOL03,2025-02,new_sku,DOC019,0.05943406905930819,0
CHEM123,MOL03,2025-02,new_sku,DOC044,0.05995618910722259,0
CHEM150,MOL01,2025-04,new_sku,DOC010,0.10736816370795899,0
CHEM150,MOL01,2025-04,new_sku,DOC029,0.1246003288621369,0
CHEM150,MOL01,2025-04,new_sku,DOC042,0.3825246133404988,0
CHEM150,MOL01,2025-04,new_sku,DOC049,0.173736142058858,0
CHEM150,MOL01,2025-04,new_sku,DOC050,0.21177075203054727,0
CHEM104,MOL02,2025-03,new_sku,DOC005,0.13645750171403276,0
CHEM104,MOL02,2025-03,new_sku,DOC006,0.1354804874246529,0
CHEM104,MOL02,2025-03,new_sku,DOC009,0.05426863849693423,0
CHEM104,MOL02,2025-03,new_sku,DOC013,0.056934098269831965,0
CHEM104,MOL02,2025-03,new_sku,DOC016,0.11735758481964033,0
CHEM104,MOL02,2025-03,new_sku,DOC022,0.08141761285963063,0
CHEM104,MOL02,2025-03,new_sku,DOC023,0.21269162208704456,0
CHEM104,MOL02,2025-03,new_sku,DOC034,0.13108968175890837,0
CHEM104,MOL02,2025-03,new_sku,DOC048,0.07430277256932422,0
CHEM019,MOL04,2025-06,new_sku,DOC013,0.11467531558631498,0
CHEM019,MOL04,2025-06,new_sku,DOC017,0.13035990392281296,0
CHEM019,MOL04,2025-06,new_sku,DOC022,0.12947531636623621,0
CHEM019,MOL04,2025-06,new_sku,DOC025,0.13219396767020306,0
CHEM019,MOL04,2025-06,new_sku,DOC034,0.26940527716006196,0
CHEM019,MOL04,2025-06,new_sku,DOC036,0.1111333153925456,0
CHEM019,MOL04,2025-06,new_sku,DOC038,0.1127569039018252,0
CHEM009,MOL03,2025-04,new_sku,DOC008,0.07165114287157597,0
CHEM009,MOL03,2025-04,new_sku,DOC015,0.06105804445534475,0
CHEM009,MOL03,2025-04,new_sku,DOC019,0.11746381515942952,0
CHEM009,MOL03,2025-04,new_sku,DOC020,0.10776297182580026,0
CHEM009,MOL03,2025-04,new_sku,DOC024,0.06477645654034615,0
CHEM009,MOL03,2025-04,new_sku,DOC027,0.07790919395123568,0
CHEM009,MOL03,2025-04,new_sku,DOC031,0.19434983353666904,0
CHEM009,MOL03,2025-04,new_sku,DOC033,0.09387553312735043,0
CHEM009,MOL03,2025-04,new_sku,DOC043,0.21115300853224817,0
CHEM086,MOL01,2025-05,new_sku,DOC016,0.22792436013417844,0
CHEM086,MOL01,2025-05,new_sku,DOC023,0.44626962188962654,0
CHEM086,MOL01,2025-05,new_sku,DOC041,0.32580601797619513,0
CHEM029,MOL04,2025-03,new_sku,DOC010,0.13162041678675074,0
CHEM029,MOL04,2025-03,new_sku,DOC011,0.0904391705066876,0
CHEM029,MOL04,2025-03,new_sku,DOC014,0.10517832148733726,0
CHEM029,MOL04,2025-03,new_sku,DOC018,0.059496683048292594,0
CHEM029,MOL04,2025-03,new_sku,DOC039,0.0550478836875086,0
CHEM029,MOL04,2025-03,new_sku,DOC047,0.27431164421768695,0
CHEM029,MOL04,2025-03,new_sku,DOC049,0.07352992276677707,0
CHEM029,MOL04,2025-03,new_sku,DOC050,0.21037595749895924,0
CHEM011,MOL03,2025-03,new_sku,DOC007,0.05780201775074228,0
CHEM011,MOL03,2025-03,new_sku,DOC008,0.07078928176705795,0
CHEM011,MOL03,2025-03,new_sku,DOC009,0.05271209203445939,0
CHEM011,MOL03,2025-03,new_sku,DOC011,0.05944500048661807,0
CHEM011,MOL03,2025-03,new_sku,DOC014,0.06389023983307397,0
CHEM011,MOL03,2025-03,new_sku,DOC019,0.10634368880422582,0
CHEM011,MOL03,2025-03,new_sku,DOC021,0.04813000644249632,0
CHEM011,MOL03,2025-03,new_sku,DOC024,0.23999702894783662,0
CHEM011,MOL03,2025-03,new_sku,DOC031,0.06879081168165352,0
CHEM011,MOL03,2025-03,new_sku,DOC037,0.05777335074356028,0
CHEM011,MOL03,2025-03,new_sku,DOC043,0.050211447697099676,0
CHEM011,MOL03,2025-03,new_sku,DOC044,0.12411503381117613,0
CHEM086,MOL02,2025-05,new_sku,DOC005,0.24820214417023248,0
CHEM086,MOL02,2025-05,new_sku,DOC006,0.15277421655465576,0
CHEM086,MOL02,2025-05,new_sku,DOC013,0.08866100735802497,0
CHEM086,MOL02,2025-05,new_sku,DOC016,0.09711045345522706,0
CHEM086,MOL02,2025-05,new_sku,DOC023,0.19013959420345297,0
CHEM086,MOL02,2025-05,new_sku,DOC034,0.1314493986183408,0
CHEM086,MOL02,2025-05,new_sku,DOC048,0.09166318564006597,0
CHEM014,MOL01,2025-03,new_sku,DOC010,0.2995525795231968,0
CHEM014,MOL01,2025-03,new_sku,DOC026,0.30140087134829957,0
CHEM014,MOL01,2025-03,new_sku,DOC028,0.33227465690700636,0
CHEM014,MOL01,2025-03,new_sku,DOC032,0.13516064389704827,0
CHEM014,MOL01,2025-03,new_sku,DOC050,0.13161124832444893,0
CHEM137,MOL05,2025-03,new_sku,DOC004,0.42389929399006815,0
CHEM137,MOL05,2025-03,new_sku,DOC035,0.5761007060099319,0
CHEM095,MOL01,2025-02,new_sku,DOC010,0.08565590209461779,0
CHEM095,MOL01,2025-02,new_sku,DOC029,0.26028229296971306,0
CHEM095,MOL01,2025-02,new_sku,DOC032,0.08808742819296016,0
CHEM095,MOL01,2025-02,new_sku,DOC042,0.13101539281462649,0
CHEM095,MOL01,2025-02,new_sku,DOC049,0.2617912827235625,0
CHEM095,MOL01,2025-02,new_sku,DOC050,0.17316770120451996,0
CHEM122,MOL03,2025-04,new_sku,DOC006,0.11160843565668664,0
CHEM122,MOL03,2025-04,new_sku,DOC012,0.09564847325244605,0
CHEM122,MOL03,2025-04,new_sku,DOC015,0.06264170463387098,0
CHEM122,MOL03,2025-04,new_sku,DOC019,0.07053778714824673,0
CHEM122,MOL03,2025-04,new_sku,DOC024,0.090884184546727,0
CHEM122,MOL03,2025-04,new_sku,DOC025,0.07288964617877736,0
CHEM122,MOL03,2025-04,new_sku,DOC027,0.09464579034904731,0
CHEM122,MOL03,2025-04,new_sku,DOC031,0.09760743351994067,0
CHEM122,MOL03,2025-04,new_sku,DOC037,0.12340195738928124,0
CHEM122,MOL03,2025-04,new_sku,DOC041,0.0984032607072721,0
CHEM122,MOL03,2025-04,new_sku,DOC043,0.0817313266177039,0
CHEM075,MOL02,2025-01,new_sku,DOC004,0.07747163837192161,0
CHEM075,MOL02,2025-01,new_sku,DOC006,0.023207415421047466,0
CHEM075,MOL02,2025-01,new_sku,DOC013,0.04281138205781472,0
CHEM075,MOL02,2025-01,new_sku,DOC016,0.026945270561348822,0
CHEM075,MOL02,2025-01,new_sku,DOC022,0.031170035895754747,0
CHEM075,MOL02,2025-01,new_sku,DOC030,0.05992552443776158,0
CHEM075,MOL02,2025-01,new_sku,DOC031,0.5835189967824557,0
CHEM075,MOL02,2025-01,new_sku,DOC032,0.0376058723603348,0
CHEM075,MOL02,2025-01,new_sku,DOC034,0.02475727484756987,0
CHEM075,MOL02,2025-01,new_sku,DOC039,0.026620308201392804,0
CHEM075,MOL02,2025-01,new_sku,DOC046,0.027161531761595074,0
CHEM075,MOL02,2025-01,new_sku,DOC048,0.03880474930100288,0
CHEM134,MOL03,2025-04,new_sku,DOC008,0.08709266293758355,0
CHEM134,MOL03,2025-04,new_sku,DOC015,0.06945309543194189,0
CHEM134,MOL03,2025-04,new_sku,DOC019,0.10722467143126113,0
CHEM134,MOL03,2025-04,new_sku,DOC020,0.23215690532611635,0
CHEM134,MOL03,2025-04,new_sku,DOC027,0.0788456363812064,0
CHEM134,MOL03,2025-04,new_sku,DOC031,0.12581952729824594,0
CHEM134,MOL03,2025-04,new_sku,DOC033,0.15012362028424622,0
CHEM134,MOL03,2025-04,new_sku,DOC043,0.1492838809093985,0
CHEM114,MOL04,2025-03,new_sku,DOC002,0.13145808814936086,0
CHEM114,MOL04,2025-03,new_sku,DOC011,0.13643390683078735,0
CHEM114,MOL04,2025-03,new_sku,DOC014,0.13242553078645095,0
CHEM114,MOL04,2025-03,new_sku,DOC020,0.425402415907311,0
CHEM114,MOL04,2025-03,new_sku,DOC049,0.1742800583260899,0
CHEM074,MOL01,2025-02,new_sku,DOC016,0.18139458829724545,0
CHEM074,MOL01,2025-02,new_sku,DOC023,0.14305992310373644,0
CHEM074,MOL01,2025-02,new_sku,DOC026,0.15204824877488426,0
CHEM074,MOL01,2025-02,new_sku,DOC028,0.1266846825072029,0
CHEM074,MOL01,2025-02,new_sku,DOC041,0.16583106368743644,0
CHEM074,MOL01,2025-02,new_sku,DOC045,0.23098149362949455,0
CHEM074,MOL02,2025-02,new_sku,DOC003,0.0810648914068081,0
CHEM074,MOL02,2025-02,new_sku,DOC005,0.06672582246039314,0
CHEM074,MOL02,2025-02,new_sku,DOC006,0.07483061641953517,0
CHEM074,MOL02,2025-02,new_sku,DOC009,0.1240285553100333,0
CHEM074,MOL02,2025-02,new_sku,DOC016,0.09803900109391192,0
CHEM074,MOL02,2025-02,new_sku,DOC021,0.0712291810355045,0
CHEM074,MOL02,2025-02,new_sku,DOC022,0.09678798607038082,0
CHEM074,MOL02,2025-02,new_sku,DOC023,0.07732012343543082,0
CHEM074,MOL02,2025-02,new_sku,DOC026,0.08217807690900465,0
CHEM074,MOL02,2025-02,new_sku,DOC034,0.0792784358624996,0
CHEM074,MOL02,2025-02,new_sku,DOC039,0.08259341078907566,0
CHEM074,MOL02,2025-02,new_sku,DOC048,0.06592389920742234,0
CHEM061,MOL01,2025-01,new_sku,DOC010,0.07880613913725597,0
CHEM061,MOL01,2025-01,new_sku,DOC029,0.22011909262877943,0
CHEM061,MOL01,2025-01,new_sku,DOC030,0.09583264104759463,0
CHEM061,MOL01,2025-01,new_sku,DOC032,0.15542969121081945,0
CHEM061,MOL01,2025-01,new_sku,DOC042,0.07414002517283412,0
CHEM061,MOL01,2025-01,new_sku,DOC043,0.10087344686278249,0
CHEM061,MOL01,2025-01,new_sku,DOC045,0.06741000699893233,0
CHEM061,MOL01,2025-01,new_sku,DOC049,0.12014569751328102,0
CHEM061,MOL01,2025-01,new_sku,DOC050,0.08724325942772054,0
CHEM033,MOL04,2025-03,new_sku,DOC010,0.08672770763036447,0
CHEM033,MOL04,2025-03,new_sku,DOC011,0.10105766161342801,0
CHEM033,MOL04,2025-03,new_sku,DOC014,0.1266050619265981,0
CHEM033,MOL04,2025-03,new_sku,DOC018,0.04239902546147636,0
CHEM033,MOL04,2025-03,new_sku,DOC039,0.044232968562813946,0
CHEM033,MOL04,2025-03,new_sku,DOC047,0.1530282429582318,0
CHEM033,MOL04,2025-03,new_sku,DOC049,0.07861370889468539,0
CHEM033,MOL04,2025-03,new_sku,DOC050,0.367335622952402,0
CHEM053,MOL05,2025-06,new_sku,DOC004,0.09999794387205634,0
CHEM053,MOL05,2025-06,new_sku,DOC007,0.14499824277147574,0
CHEM053,MOL05,2025-06,new_sku,DOC008,0.2682108788052784,0
CHEM053,MOL05,2025-06,new_sku,DOC019,0.11393383480341829,0
CHEM053,MOL05,2025-06,new_sku,DOC029,0.17720267724794053,0
CHEM053,MOL05,2025-06,new_sku,DOC044,0.09289912673451474,0
CHEM053,MOL05,2025-06,new_sku,DOC047,0.10275729576531593,0
CHEM089,MOL02,2025-03,new_sku,DOC003,0.1837669457755696,0
CHEM089,MOL02,2025-03,new_sku,DOC009,0.2522457130312117,0
CHEM089,MOL02,2025-03,new_sku,DOC021,0.1669804466855607,0
CHEM089,MOL02,2025-03,new_sku,DOC022,0.09572758475380598,0
CHEM089,MOL02,2025-03,new_sku,DOC026,0.19085466635034437,0
CHEM089,MOL02,2025-03,new_sku,DOC039,0.11042464340350779,0
CHEM042,MOL05,2025-03,new_sku,DOC002,0.05294982065334708,0
CHEM042,MOL05,2025-03,new_sku,DOC005,0.13707723402878075,0
CHEM042,MOL05,2025-03,new_sku,DOC012,0.31329516165343746,0
CHEM042,MOL05,2025-03,new_sku,DOC017,0.060815137249002844,0
CHEM042,MOL05,2025-03,new_sku,DOC036,0.06716781957748591,0
CHEM042,MOL05,2025-03,new_sku,DOC037,0.11055382562364213,0
CHEM042,MOL05,2025-03,new_sku,DOC038,0.07428337109283717,0
CHEM042,MOL05,2025-03,new_sku,DOC045,0.09896249950628866,0
CHEM042,MOL05,2025-03,new_sku,DOC048,0.08489513061517794,0
CHEM040,MOL01,2025-06,new_sku,DOC010,0.0710966401699651,0
CHEM040,MOL01,2025-06,new_sku,DOC029,0.42596965800610387,0
CHEM040,MOL01,2025-06,new_sku,DOC032,0.08543183097619175,0
CHEM040,MOL01,2025-06,new_sku,DOC042,0.09219098890498097,0
CHEM040,MOL01,2025-06,new_sku,DOC049,0.20947313794027825,0
CHEM040,MOL01,2025-06,new_sku,DOC050,0.11583774400248012,0
CHEM085,MOL03,2025-04,new_sku,DOC006,0.24333327098352225,0
CHEM085,MOL03,2025-04,new_sku,DOC012,0.24299300164864987,0
CHEM085,MOL03,2025-04,new_sku,DOC025,0.13124949393382035,0
CHEM085,MOL03,2025-04,new_sku,DOC027,0.08140407579851335,0
CHEM085,MOL03,2025-04,new_sku,DOC037,0.09295702070092236,0
CHEM085,MOL03,2025-04,new_sku,DOC041,0.2080631369345719,0
CHEM022,MOL05,2025-04,new_sku,DOC003,0.15998740984751708,0
CHEM022,MOL05,2025-04,new_sku,DOC007,0.04667587294522236,0
CHEM022,MOL05,2025-04,new_sku,DOC018,0.32117562483248885,0
CHEM022,MOL05,2025-04,new_sku,DOC024,0.05824744138457132,0
CHEM022,MOL05,2025-04,new_sku,DOC029,0.04374205367689887,0
CHEM022,MOL05,2025-04,new_sku,DOC036,0.04715042772346512,0
CHEM022,MOL05,2025-04,new_sku,DOC037,0.045491080423458216,0
CHEM022,MOL05,2025-04,new_sku,DOC038,0.05875727154647329,0
CHEM022,MOL05,2025-04,new_sku,DOC044,0.09436550726102588,0
CHEM022,MOL05,2025-04,new_sku,DOC045,0.04782604976007421,0
CHEM022,MOL05,2025-04,new_sku,DOC047,0.07658126059880477,0
CHEM131,MOL01,2025-06,new_sku,DOC001,0.2691426017881971,0
CHEM131,MOL01,2025-06,new_sku,DOC015,0.14318795041125648,0
CHEM131,MOL01,2025-06,new_sku,DOC030,0.1716521175559162,0
CHEM131,MOL01,2025-06,new_sku,DOC033,0.13809294768452862,0
CHEM131,MOL01,2025-06,new_sku,DOC043,0.17239262621256388,0
CHEM131,MOL01,2025-06,new_sku,DOC046,0.10553175634753784,0
CHEM115,MOL05,2025-01,new_sku,DOC002,0.04474309390636966,0
CHEM115,MOL05,2025-01,new_sku,DOC005,0.1244955165147317,0
CHEM115,MOL05,2025-01,new_sku,DOC012,0.4002606865147522,0
CHEM115,MOL05,2025-01,new_sku,DOC017,0.053213641396474574,0
CHEM115,MOL05,2025-01,new_sku,DOC024,0.03737534299035587,0
CHEM115,MOL05,2025-01,new_sku,DOC036,0.04879521650914831,0
CHEM115,MOL05,2025-01,new_sku,DOC037,0.08497812831618745,0
CHEM115,MOL05,2025-01,new_sku,DOC038,0.05528203998362422,0
CHEM115,MOL05,2025-01,new_sku,DOC045,0.07635894319712835,0
CHEM115,MOL05,2025-01,new_sku,DOC048,0.0744973906712277,0
CHEM107,MOL04,2025-03,new_sku,DOC010,0.27636485551489365,0
CHEM107,MOL04,2025-03,new_sku,DOC011,0.060250143308690766,0
CHEM107,MOL04,2025-03,new_sku,DOC014,0.06697086455393757,0
CHEM107,MOL04,2025-03,new_sku,DOC018,0.08485127587816742,0
CHEM107,MOL04,2025-03,new_sku,DOC039,0.06451449183404259,0
CHEM107,MOL04,2025-03,new_sku,DOC040,0.049478382881626065,0
CHEM107,MOL04,2025-03,new_sku,DOC047,0.2466383118174688,0
CHEM107,MOL04,2025-03,new_sku,DOC049,0.053630918486696544,0
CHEM107,MOL04,2025-03,new_sku,DOC050,0.09730075572447668,0
CHEM107,MOL02,2025-05,new_sku,DOC003,0.1469562976847004,0
CHEM107,MOL02,2025-05,new_sku,DOC009,0.11606836962411869,0
CHEM107,MOL02,2025-05,new_sku,DOC021,0.1493674001840774,0
CHEM107,MOL02,2025-05,new_sku,DOC026,0.14290938207038237,0
CHEM107,MOL02,2025-05,new_sku,DOC032,0.1425500886446702,0
CHEM107,MOL02,2025-05,new_sku,DOC039,0.14482552279085958,0
CHEM107,MOL02,2025-05,new_sku,DOC042,0.15732293900119132,0
CHEM054,MOL03,2025-04,new_sku,DOC006,0.0848639335625658,0
CHEM054,MOL03,2025-04,new_sku,DOC009,0.07395051618477362,0
CHEM054,MOL03,2025-04,new_sku,DOC012,0.08218385898669588,0
CHEM054,MOL03,2025-04,new_sku,DOC019,0.0650713788421771,0
CHEM054,MOL03,2025-04,new_sku,DOC024,0.11815748925898031,0
CHEM054,MOL03,2025-04,new_sku,DOC027,0.05809382762660977,0
CHEM054,MOL03,2025-04,new_sku,DOC031,0.07110772525536399,0
CHEM054,MOL03,2025-04,new_sku,DOC037,0.23897891658468848,0
CHEM054,MOL03,2025-04,new_sku,DOC041,0.08762948450531483,0
CHEM054,MOL03,2025-04,new_sku,DOC043,0.05715855701831337,0
CHEM054,MOL03,2025-04,new_sku,DOC044,0.06280431217451689,0
CHEM017,MOL05,2025-04,new_sku,DOC002,0.053122563927935754,0
CHEM017,MOL05,2025-04,new_sku,DOC003,0.035096812357256015,0
CHEM017,MOL05,2025-04,new_sku,DOC004,0.04688351847767226,0
CHEM017,MOL05,2025-04,new_sku,DOC008,0.03889342052360086,0
CHEM017,MOL05,2025-04,new_sku,DOC012,0.03185390850555605,0
CHEM017,MOL05,2025-04,new_sku,DOC018,0.03537497361277122,0
CHEM017,MOL05,2025-04,new_sku,DOC019,0.06682313874168772,0
CHEM017,MOL05,2025-04,new_sku,DOC024,0.3357263095754522,0
CHEM017,MOL05,2025-04,new_sku,DOC029,0.051506929740834144,0
CHEM017,MOL05,2025-04,new_sku,DOC037,0.05379400405574652,0
CHEM017,MOL05,2025-04,new_sku,DOC038,0.045540048512904774,0
CHEM017,MOL05,2025-04,new_sku,DOC044,0.05632794269823121,0
CHEM017,MOL05,2025-04,new_sku,DOC045,0.05767313005051228,0
CHEM017,MOL05,2025-04,new_sku,DOC047,0.040277934902437834,0
CHEM017,MOL05,2025-04,new_sku,DOC048,0.05110536431740121,0
CHEM105,MOL03,2025-04,new_sku,DOC009,0.17685266649838724,0
CHEM105,MOL03,2025-04,new_sku,DOC021,0.14977686793623562,0
CHEM105,MOL03,2025-04,new_sku,DOC028,0.14848508655806464,0
CHEM105,MOL03,2025-04,new_sku,DOC037,0.06061720222300207,0
CHEM105,MOL03,2025-04,new_sku,DOC040,0.40810920158058367,0
CHEM105,MOL03,2025-04,new_sku,DOC044,0.056158975203726764,0
CHEM119,MOL05,2025-02,new_sku,DOC002,0.26223654949164443,0
CHEM119,MOL05,2025-02,new_sku,DOC004,0.2910856288839574,0
CHEM119,MOL05,2025-02,new_sku,DOC035,0.44667782162439823,0
CHEM119,MOL02,2025-01,new_sku,DOC004,0.11252389451623233,0
CHEM119,MOL02,2025-01,new_sku,DOC013,0.09599039473314122,0
CHEM119,MOL02,2025-01,new_sku,DOC030,0.20217632484049164,0
CHEM119,MOL02,2025-01,new_sku,DOC031,0.11196238138801673,0
CHEM119,MOL02,2025-01,new_sku,DOC046,0.47734700452211815,0
CHEM008,MOL01,2025-03,new_sku,DOC010,0.11254379292185453,0
CHEM008,MOL01,2025-03,new_sku,DOC016,0.12827862937948045,0
CHEM008,MOL01,2025-03,new_sku,DOC026,0.19021026622765735,0
CHEM008,MOL01,2025-03,new_sku,DOC028,0.13808962325401927,0
CHEM008,MOL01,2025-03,new_sku,DOC032,0.12925332899016537,0
CHEM008,MOL01,2025-03,new_sku,DOC041,0.09799192036887601,0
CHEM008,MOL01,2025-03,new_sku,DOC045,0.203632438857947,0
CHEM093,MOL05,2025-04,new_sku,DOC004,0.06924162696593204,0
CHEM093,MOL05,2025-04,new_sku,DOC007,0.11451065669535275,0
CHEM093,MOL05,2025-04,new_sku,DOC008,0.18044293568085112,0
CHEM093,MOL05,2025-04,new_sku,DOC019,0.09512016695162323,0
CHEM093,MOL05,2025-04,new_sku,DOC024,0.07295416571842558,0
CHEM093,MOL05,2025-04,new_sku,DOC029,0.27989507208280184,0
CHEM093,MOL05,2025-04,new_sku,DOC044,0.09055954347138895,0
CHEM093,MOL05,2025-04,new_sku,DOC047,0.09727583243362452,0
CHEM091,MOL02,2025-01,new_sku,DOC004,0.12771369422503506,0
CHEM091,MOL02,2025-01,new_sku,DOC013,0.13662348581165554,0
CHEM091,MOL02,2025-01,new_sku,DOC030,0.2962421907949512,0
CHEM091,MOL02,2025-01,new_sku,DOC031,0.14717302457803533,0
CHEM091,MOL02,2025-01,new_sku,DOC046,0.1955621574059906,0
CHEM091,MOL02,2025-01,new_sku,DOC048,0.09668544718433228,0
CHEM073,MOL03,2025-04,new_sku,DOC006,0.036059014064604156,0
CHEM073,MOL03,2025-04,new_sku,DOC008,0.047136633056205725,0
CHEM073,MOL03,2025-04,new_sku,DOC015,0.03948507772910079,0
CHEM073,MOL03,2025-04,new_sku,DOC019,0.10534512746304966,0
CHEM073,MOL03,2025-04,new_sku,DOC020,0.04696808224802451,0
CHEM073,MOL03,2025-04,new_sku,DOC024,0.06639004053293596,0
CHEM073,MOL03,2025-04,new_sku,DOC027,0.05635593703296931,0
CHEM073,MOL03,2025-04,new_sku,DOC031,0.37547040341262683,0
CHEM073,MOL03,2025-04,new_sku,DOC033,0.04285314003691869,0
CHEM073,MOL03,2025-04,new_sku,DOC037,0.0413780688585944,0
CHEM073,MOL03,2025-04,new_sku,DOC043,0.10478086196659035,0
CHEM073,MOL03,2025-04,new_sku,DOC044,0.037777613598379715,0
CHEM142,MOL01,2025-04,new_sku,DOC001,0.0672611442722604,0
CHEM142,MOL01,2025-04,new_sku,DOC010,0.06390700281574398,0
CHEM142,MOL01,2025-04,new_sku,DOC016,0.07379291752131008,0
CHEM142,MOL01,2025-04,new_sku,DOC029,0.11147310290305083,0
CHEM142,MOL01,2025-04,new_sku,DOC030,0.11824574353005655,0
CHEM142,MOL01,2025-04,new_sku,DOC032,0.13983292244963927,0
CHEM142,MOL01,2025-04,new_sku,DOC033,0.06875650472709038,0
CHEM142,MOL01,2025-04,new_sku,DOC043,0.13977946886194054,0
CHEM142,MOL01,2025-04,new_sku,DOC045,0.07627255325278752,0
CHEM142,MOL01,2025-04,new_sku,DOC046,0.06442081837254336,0
CHEM142,MOL01,2025-04,new_sku,DOC049,0.07625782129357699,0
CHEM030,MOL02,2025-01,new_sku,DOC003,0.061983241937004115,0
CHEM030,MOL02,2025-01,new_sku,DOC005,0.06640691012938757,0
CHEM030,MOL02,2025-01,new_sku,DOC006,0.07876210723704169,0
CHEM030,MOL02,2025-01,new_sku,DOC009,0.09049909425035213,0
CHEM030,MOL02,2025-01,new_sku,DOC016,0.11533990614056956,0
CHEM030,MOL02,2025-01,new_sku,DOC021,0.05446717752316189,0
CHEM030,MOL02,2025-01,new_sku,DOC022,0.1084547762095049,0
CHEM030,MOL02,2025-01,new_sku,DOC023,0.07768874114207554,0
CHEM030,MOL02,2025-01,new_sku,DOC026,0.06245747552146778,0
CHEM030,MOL02,2025-01,new_sku,DOC032,0.054395130078983896,0
CHEM030,MOL02,2025-01,new_sku,DOC034,0.08558522463430732,0
CHEM030,MOL02,2025-01,new_sku,DOC039,0.0756074800162287,0
CHEM030,MOL02,2025-01,new_sku,DOC048,0.06835273517991497,0
CHEM080,MOL03,2025-02,new_sku,DOC007,0.1191590616198392,0
CHEM080,MOL03,2025-02,new_sku,DOC008,0.06434400599641965,0
CHEM080,MOL03,2025-02,new_sku,DOC009,0.06806271422865691,0
CHEM080,MOL03,2025-02,new_sku,DOC011,0.0803323974674454,0
CHEM080,MOL03,2025-02,new_sku,DOC014,0.08950604722932208,0
CHEM080,MOL03,2025-02,new_sku,DOC019,0.06100860938149142,0
CHEM080,MOL03,2025-02,new_sku,DOC021,0.08647529959386395,0
CHEM080,MOL03,2025-02,new_sku,DOC024,0.07870707251513533,0
CHEM080,MOL03,2025-02,new_sku,DOC028,0.08339954937043548,0
CHEM080,MOL03,2025-02,new_sku,DOC040,0.06455613378827407,0
CHEM080,MOL03,2025-02,new_sku,DOC044,0.20444910880911651,0
CHEM079,MOL02,2025-02,new_sku,DOC004,0.12618325299085772,0
CHEM079,MOL02,2025-02,new_sku,DOC013,0.20619531701915264,0
CHEM079,MOL02,2025-02,new_sku,DOC030,0.2067695494125915,0
CHEM079,MOL02,2025-02,new_sku,DOC031,0.1519010547221212,0
CHEM079,MOL02,2025-02,new_sku,DOC046,0.17256591865897097,0
CHEM079,MOL02,2025-02,new_sku,DOC048,0.1363849071963059,0
CHEM109,MOL01,2025-01,new_sku,DOC001,0.07948864410827959,0
CHEM109,MOL01,2025-01,new_sku,DOC015,0.09277054604687851,0
CHEM109,MOL01,2025-01,new_sku,DOC016,0.18841176597384313,0
CHEM109,MOL01,2025-01,new_sku,DOC023,0.1117011297460537,0
CHEM109,MOL01,2025-01,new_sku,DOC030,0.08145062007236821,0
CHEM109,MOL01,2025-01,new_sku,DOC032,0.07923882025916841,0
CHEM109,MOL01,2025-01,new_sku,DOC041,0.14602180273159204,0
CHEM109,MOL01,2025-01,new_sku,DOC043,0.09818190300832046,0
CHEM109,MOL01,2025-01,new_sku,DOC045,0.12273476805349591,0
CHEM111,MOL01,2025-02,new_sku,DOC010,0.09887725240021673,0
CHEM111,MOL01,2025-02,new_sku,DOC029,0.2003446519438876,0
CHEM111,MOL01,2025-02,new_sku,DOC032,0.08882262413786668,0
CHEM111,MOL01,2025-02,new_sku,DOC042,0.15869631741869922,0
CHEM111,MOL01,2025-02,new_sku,DOC049,0.2025379078758546,0
CHEM111,MOL01,2025-02,new_sku,DOC050,0.2507212462234752,0
CHEM132,MOL05,2025-01,new_sku,DOC002,0.038980665114530307,0
CHEM132,MOL05,2025-01,new_sku,DOC003,0.04786788619898582,0
CHEM132,MOL05,2025-01,new_sku,DOC004,0.04555455198286598,0
CHEM132,MOL05,2025-01,new_sku,DOC007,0.06006271872660956,0
CHEM132,MOL05,2025-01,new_sku,DOC008,0.057323076705552166,0
CHEM132,MOL05,2025-01,new_sku,DOC018,0.05372600810373382,0
CHEM132,MOL05,2025-01,new_sku,DOC019,0.0662142527098693,0
CHEM132,MOL05,2025-01,new_sku,DOC024,0.10526061075919699,0
CHEM132,MOL05,2025-01,new_sku,DOC029,0.09020681511777447,0
CHEM132,MOL05,2025-01,new_sku,DOC037,0.041492462755633695,0
CHEM132,MOL05,2025-01,new_sku,DOC038,0.042612376711628035,0
CHEM132,MOL05,2025-01,new_sku,DOC044,0.20477190925845065,0
CHEM132,MOL05,2025-01,new_sku,DOC045,0.04377654547749281,0
CHEM132,MOL05,2025-01,new_sku,DOC047,0.10215012037767635,0
CHEM024,MOL02,2025-06,new_sku,DOC004,0.3426693282056106,0
CHEM024,MOL02,2025-06,new_sku,DOC030,0.2358262106948766,0
CHEM024,MOL02,2025-06,new_sku,DOC031,0.21686752827877928,0
CHEM024,MOL02,2025-06,new_sku,DOC046,0.20463693282073356,0
CHEM090,MOL03,2025-02,new_sku,DOC009,0.27006690404991907,0
CHEM090,MOL03,2025-02,new_sku,DOC021,0.1685618886768553,0
CHEM090,MOL03,2025-02,new_sku,DOC024,0.08929249616353885,0
CHEM090,MOL03,2025-02,new_sku,DOC028,0.14607434267514469,0
CHEM090,MOL03,2025-02,new_sku,DOC037,0.08521212344069184,0
CHEM090,MOL03,2025-02,new_sku,DOC040,0.14008360291315014,0
CHEM090,MOL03,2025-02,new_sku,DOC044,0.10070864208070016,0
CHEM062,MOL05,2025-05,new_sku,DOC002,0.044861919553591784,0
CHEM062,MOL05,2025-05,new_sku,DOC003,0.0724557682153737,0
CHEM062,MOL05,2025-05,new_sku,DOC012,0.04831699741357892,0
CHEM062,MOL05,2025-05,new_sku,DOC018,0.06345670608197304,0
CHEM062,MOL05,2025-05,new_sku,DOC019,0.04317697201627299,0
CHEM062,MOL05,2025-05,new_sku,DOC024,0.08292798927150828,0
CHEM062,MOL05,2025-05,new_sku,DOC036,0.07235170270606274,0
CHEM062,MOL05,2025-05,new_sku,DOC037,0.11299587196275006,0
CHEM062,MOL05,2025-05,new_sku,DOC038,0.17018375261362828,0
CHEM062,MOL05,2025-05,new_sku,DOC044,0.05977459025755558,0
CHEM062,MOL05,2025-05,new_sku,DOC045,0.12947489375740884,0
CHEM062,MOL05,2025-05,new_sku,DOC047,0.044502546727245115,0
CHEM062,MOL05,2025-05,new_sku,DOC048,0.05552028942305065,0
CHEM149,MOL01,2025-05,new_sku,DOC016,0.18115025870589152,0
CHEM149,MOL01,2025-05,new_sku,DOC023,0.1308016192118458,0
CHEM149,MOL01,2025-05,new_sku,DOC026,0.11034716322325495,0
CHEM149,MOL01,2025-05,new_sku,DOC028,0.09225833281015612,0
CHEM149,MOL01,2025-05,new_sku,DOC032,0.09127706629809876,0
CHEM149,MOL01,2025-05,new_sku,DOC041,0.15983875582629845,0
CHEM149,MOL01,2025-05,new_sku,DOC045,0.23432680392445435,0
CHEM073,MOL02,2025-05,new_sku,DOC004,0.11395361922482873,0
CHEM073,MOL02,2025-05,new_sku,DOC006,0.03567013700048407,0
CHEM073,MOL02,2025-05,new_sku,DOC013,0.06305666443345147,0
CHEM073,MOL02,2025-05,new_sku,DOC016,0.04227249532737351,0
CHEM073,MOL02,2025-05,new_sku,DOC022,0.050000527665871264,0
CHEM073,MOL02,2025-05,new_sku,DOC030,0.07994816054406113,0
CHEM073,MOL02,2025-05,new_sku,DOC031,0.37142115714423224,0
CHEM073,MOL02,2025-05,new_sku,DOC032,0.0630309034143493,0
CHEM073,MOL02,2025-05,new_sku,DOC034,0.038212366216561953,0
CHEM073,MOL02,2025-05,new_sku,DOC039,0.043260711700248554,0
CHEM073,MOL02,2025-05,new_sku,DOC046,0.03896576782224294,0
CHEM073,MOL02,2025-05,new_sku,DOC048,0.06020748950629483,0
CHEM055,MOL05,2025-06,new_sku,DOC003,0.20330071556068394,0
CHEM055,MOL05,2025-06,new_sku,DOC018,0.15200001018213102,0
CHEM055,MOL05,2025-06,new_sku,DOC024,0.08458380460075149,0
CHEM055,MOL05,2025-06,new_sku,DOC036,0.09059915822856389,0
CHEM055,MOL05,2025-06,new_sku,DOC037,0.08485601706179031,0
CHEM055,MOL05,2025-06,new_sku,DOC038,0.13573769083804882,0
CHEM055,MOL05,2025-06,new_sku,DOC044,0.08991574466890265,0
CHEM055,MOL05,2025-06,new_sku,DOC045,0.09077030167388324,0
CHEM055,MOL05,2025-06,new_sku,DOC047,0.06823655718524464,0
CHEM048,MOL04,2025-06,new_sku,DOC001,0.10232411927963583,0
CHEM048,MOL04,2025-06,new_sku,DOC002,0.07967108331026208,0
CHEM048,MOL04,2025-06,new_sku,DOC013,0.10875306449802684,0
CHEM048,MOL04,2025-06,new_sku,DOC017,0.08534935320474804,0
CHEM048,MOL04,2025-06,new_sku,DOC022,0.03609819706080229,0
CHEM048,MOL04,2025-06,new_sku,DOC025,0.06236546679029475,0
CHEM048,MOL04,2025-06,new_sku,DOC027,0.3502537336619686,0
CHEM048,MOL04,2025-06,new_sku,DOC034,0.041166033164285534,0
CHEM048,MOL04,2025-06,new_sku,DOC035,0.13401894902997605,0
CHEM091,MOL04,2025-04,new_sku,DOC001,0.24446103935395766,0
CHEM091,MOL04,2025-04,new_sku,DOC002,0.10071032172365472,0
CHEM091,MOL04,2025-04,new_sku,DOC013,0.09625401545759094,0
CHEM091,MOL04,2025-04,new_sku,DOC017,0.07913695092386176,0
CHEM091,MOL04,2025-04,new_sku,DOC020,0.07523095296739606,0
CHEM091,MOL04,2025-04,new_sku,DOC025,0.06729282079764717,0
CHEM091,MOL04,2025-04,new_sku,DOC027,0.1333824378788186,0
CHEM091,MOL04,2025-04,new_sku,DOC035,0.20353146089707308,0
CHEM093,MOL03,2025-05,new_sku,DOC007,0.10670711478253787,0
CHEM093,MOL03,2025-05,new_sku,DOC008,0.16814631585442735,0
CHEM093,MOL03,2025-05,new_sku,DOC011,0.17735223237087938,0
CHEM093,MOL03,2025-05,new_sku,DOC014,0.2012034332591866,0
CHEM093,MOL03,2025-05,new_sku,DOC019,0.08863802606638051,0
CHEM093,MOL03,2025-05,new_sku,DOC020,0.05261613242809955,0
CHEM093,MOL03,2025-05,new_sku,DOC024,0.06798256825904886,0
CHEM093,MOL03,2025-05,new_sku,DOC031,0.05296598221461228,0
CHEM093,MOL03,2025-05,new_sku,DOC044,0.08438819476482752,0
CHEM058,MOL05,2025-04,new_sku,DOC003,0.048979635819881615,0
CHEM058,MOL05,2025-04,new_sku,DOC004,0.04883677139914002,0
CHEM058,MOL05,2025-04,new_sku,DOC007,0.142280308714249,0
CHEM058,MOL05,2025-04,new_sku,DOC008,0.07905215021183963,0
CHEM058,MOL05,2025-04,new_sku,DOC018,0.056771832694779374,0
CHEM058,MOL05,2025-04,new_sku,DOC019,0.06560873820914481,0
CHEM058,MOL05,2025-04,new_sku,DOC024,0.07137758493119123,0
CHEM058,MOL05,2025-04,new_sku,DOC029,0.1162154667254347,0
CHEM058,MOL05,2025-04,new_sku,DOC044,0.14936488505326453,0
CHEM058,MOL05,2025-04,new_sku,DOC047,0.22151262624107512,0
CHEM049,MOL01,2025-04,new_sku,DOC010,0.11365750240807239,0
CHEM049,MOL01,2025-04,new_sku,DOC016,0.10632682580948737,0
CHEM049,MOL01,2025-04,new_sku,DOC026,0.25793105045469045,0
CHEM049,MOL01,2025-04,new_sku,DOC028,0.1700826704810613,0
CHEM049,MOL01,2025-04,new_sku,DOC032,0.11286737189786451,0
CHEM049,MOL01,2025-04,new_sku,DOC041,0.08569549126483776,0
CHEM049,MOL01,2025-04,new_sku,DOC045,0.1534390876839862,0
CHEM113,MOL05,2025-06,new_sku,DOC002,0.11279984577965083,0
CHEM113,MOL05,2025-06,new_sku,DOC004,0.07356779532023883,0
CHEM113,MOL05,2025-06,new_sku,DOC017,0.13854775181895398,0
CHEM113,MOL05,2025-06,new_sku,DOC035,0.5880448878119842,0
CHEM113,MOL05,2025-06,new_sku,DOC048,0.08703971926917223,0
CHEM072,MOL05,2025-05,new_sku,DOC002,0.14127707561791633,0
CHEM072,MOL05,2025-05,new_sku,DOC004,0.059729000295247865,0
CHEM072,MOL05,2025-05,new_sku,DOC005,0.06717960078159342,0
CHEM072,MOL05,2025-05,new_sku,DOC012,0.0678150227136806,0
CHEM072,MOL05,2025-05,new_sku,DOC017,0.20595560175646976,0
CHEM072,MOL05,2025-05,new_sku,DOC019,0.053796854824721414,0
CHEM072,MOL05,2025-05,new_sku,DOC024,0.052354324074220006,0
CHEM072,MOL05,2025-05,new_sku,DOC035,0.1133589932295228,0
CHEM072,MOL05,2025-05,new_sku,DOC037,0.05885384373380748,0
CHEM072,MOL05,2025-05,new_sku,DOC045,0.05762993849423041,0
CHEM072,MOL05,2025-05,new_sku,DOC048,0.1220497444785899,0
CHEM131,MOL03,2025-02,new_sku,DOC015,0.15742689478075428,0
CHEM131,MOL03,2025-02,new_sku,DOC019,0.06865882433514675,0
CHEM131,MOL03,2025-02,new_sku,DOC020,0.07082988315714334,0
CHEM131,MOL03,2025-02,new_sku,DOC025,0.07768682778997657,0
CHEM131,MOL03,2025-02,new_sku,DOC027,0.17475029646398282,0
CHEM131,MOL03,2025-02,new_sku,DOC031,0.10928628861042398,0
CHEM131,MOL03,2025-02,new_sku,DOC033,0.15182523307762547,0
CHEM131,MOL03,2025-02,new_sku,DOC043,0.18953575178494692,0
CHEM035,MOL01,2025-01,new_sku,DOC015,0.0684189702454194,0
CHEM035,MOL01,2025-01,new_sku,DOC016,0.29114397168448436,0
CHEM035,MOL01,2025-01,new_sku,DOC023,0.10853703054317226,0
CHEM035,MOL01,2025-01,new_sku,DOC030,0.06521083769317233,0
CHEM035,MOL01,2025-01,new_sku,DOC032,0.07793371308769817,0
CHEM035,MOL01,2025-01,new_sku,DOC041,0.15829421655004774,0
CHEM035,MOL01,2025-01,new_sku,DOC043,0.07712949033942083,0
CHEM035,MOL01,2025-01,new_sku,DOC045,0.15333176985658484,0
CHEM084,MOL02,2025-03,new_sku,DOC042,1.0,0
CHEM134,MOL04,2025-04,new_sku,DOC001,0.15109847075180313,0
CHEM134,MOL04,2025-04,new_sku,DOC002,0.14869778440836173,0
CHEM134,MOL04,2025-04,new_sku,DOC013,0.12112476291506934,0
CHEM134,MOL04,2025-04,new_sku,DOC020,0.38942925202254275,0
CHEM134,MOL04,2025-04,new_sku,DOC027,0.13225881503736805,0
CHEM134,MOL04,2025-04,new_sku,DOC035,0.1416051313377943,0
CHEM134,MOL04,2025-04,new_sku,DOC049,0.11578578352706081,0
CHEM128,MOL04,2025-05,new_sku,DOC001,0.09221320800697982,0
CHEM128,MOL04,2025-05,new_sku,DOC002,0.07221450470328113,0
CHEM128,MOL04,2025-05,new_sku,DOC013,0.10883524441354357,0
CHEM128,MOL04,2025-05,new_sku,DOC017,0.09861809142743959,0
CHEM128,MOL04,2025-05,new_sku,DOC022,0.03527480390744468,0
CHEM128,MOL04,2025-05,new_sku,DOC025,0.06986104836019315,0
CHEM128,MOL04,2025-05,new_sku,DOC027,0.35869685724292966,0
CHEM128,MOL04,2025-05,new_sku,DOC034,0.04194224645880512,0
CHEM128,MOL04,2025-05,new_sku,DOC035,0.12234399547938328,0
CHEM088,MOL05,2025-05,new_sku,DOC002,0.08994144734939866,0
CHEM088,MOL05,2025-05,new_sku,DOC005,0.09756061953721633,0
CHEM088,MOL05,2025-05,new_sku,DOC012,0.08606176858942016,0
CHEM088,MOL05,2025-05,new_sku,DOC017,0.4604422052142042,0
CHEM088,MOL05,2025-05,new_sku,DOC035,0.10446661127307498,0
CHEM088,MOL05,2025-05,new_sku,DOC037,0.06102054599998883,0
CHEM088,MOL05,2025-05,new_sku,DOC048,0.1005068020366969,0
CHEM097,MOL04,2025-04,new_sku,DOC001,0.12004490437949422,0
CHEM097,MOL04,2025-04,new_sku,DOC002,0.1673224497921252,0
CHEM097,MOL04,2025-04,new_sku,DOC013,0.12173578281847114,0
CHEM097,MOL04,2025-04,new_sku,DOC020,0.23188770247491564,0
CHEM097,MOL04,2025-04,new_sku,DOC027,0.12389833499468188,0
CHEM097,MOL04,2025-04,new_sku,DOC035,0.11710524982094543,0
CHEM097,MOL04,2025-04,new_sku,DOC049,0.11800557571936654,0
CHEM046,MOL05,2025-06,new_sku,DOC005,0.34921560622180375,0
CHEM046,MOL05,2025-06,new_sku,DOC012,0.24167896925355417,0
CHEM046,MOL05,2025-06,new_sku,DOC017,0.240144739359147,0
CHEM046,MOL05,2025-06,new_sku,DOC048,0.16896068516549512,0
CHEM126,MOL04,2025-02,new_sku,DOC010,0.1799329996639728,0
CHEM126,MOL04,2025-02,new_sku,DOC011,0.06870428251698621,0
CHEM126,MOL04,2025-02,new_sku,DOC014,0.07607852233775443,0
CHEM126,MOL04,2025-02,new_sku,DOC018,0.079086921726951,0
CHEM126,MOL04,2025-02,new_sku,DOC022,0.05958808347406477,0
CHEM126,MOL04,2025-02,new_sku,DOC038,0.05729185861916376,0
CHEM126,MOL04,2025-02,new_sku,DOC039,0.11748176136960968,0
CHEM126,MOL04,2025-02,new_sku,DOC040,0.051745281375150845,0
CHEM126,MOL04,2025-02,new_sku,DOC047,0.1498715951575694,0
CHEM126,MOL04,2025-02,new_sku,DOC049,0.06796082635105226,0
CHEM126,MOL04,2025-02,new_sku,DOC050,0.09225786740772488,0
CHEM041,MOL05,2025-01,new_sku,DOC003,0.2093671981484693,0
CHEM041,MOL05,2025-01,new_sku,DOC007,0.043545774283363474,0
CHEM041,MOL05,2025-01,new_sku,DOC018,0.3109121888766858,0
CHEM041,MOL05,2025-01,new_sku,DOC024,0.060080368298223684,0
CHEM041,MOL05,2025-01,new_sku,DOC036,0.05218500104695537,0
CHEM041,MOL05,2025-01,new_sku,DOC037,0.04935995219744183,0
CHEM041,MOL05,2025-01,new_sku,DOC038,0.06635035559524943,0
CHEM041,MOL05,2025-01,new_sku,DOC044,0.08737037775211763,0
CHEM041,MOL05,2025-01,new_sku,DOC045,0.0520435409814493,0
CHEM041,MOL05,2025-01,new_sku,DOC047,0.0687852428200441,0
CHEM127,MOL05,2025-04,new_sku,DOC002,0.10482786133599874,0
CHEM127,MOL05,2025-04,new_sku,DOC004,0.2759876602232944,0
CHEM127,MOL05,2025-04,new_sku,DOC008,0.19024309260029243,0
CHEM127,MOL05,2025-04,new_sku,DOC019,0.1882040097584337,0
CHEM127,MOL05,2025-04,new_sku,DOC024,0.09697287665117327,0
CHEM127,MOL05,2025-04,new_sku,DOC029,0.1437644994308074,0
CHEM098,MOL01,2025-04,new_sku,DOC001,0.10208144802429509,0
CHEM098,MOL01,2025-04,new_sku,DOC029,0.11513581413614254,0
CHEM098,MOL01,2025-04,new_sku,DOC030,0.19161809336608251,0
CHEM098,MOL01,2025-04,new_sku,DOC033,0.15763483018998461,0
CHEM098,MOL01,2025-04,new_sku,DOC043,0.15609445721047552,0
CHEM098,MOL01,2025-04,new_sku,DOC046,0.16771385348369305,0
CHEM098,MOL01,2025-04,new_sku,DOC049,0.10972150358932674,0
CHEM106,MOL03,2025-01,new_sku,DOC008,0.08885868886070522,0
CHEM106,MOL03,2025-01,new_sku,DOC019,0.09326778343386913,0
CHEM106,MOL03,2025-01,new_sku,DOC020,0.5097260029541292,0
CHEM106,MOL03,2025-01,new_sku,DOC031,0.09412903011511685,0
CHEM106,MOL03,2025-01,new_sku,DOC033,0.11234129577146561,0
CHEM106,MOL03,2025-01,new_sku,DOC043,0.10167719886471392,0
CHEM061,MOL03,2025-05,new_sku,DOC007,0.043399309602160575,0
CHEM061,MOL03,2025-05,new_sku,DOC008,0.09663991447654127,0
CHEM061,MOL03,2025-05,new_sku,DOC011,0.054369737878225646,0
CHEM061,MOL03,2025-05,new_sku,DOC014,0.05573119764265939,0
CHEM061,MOL03,2025-05,new_sku,DOC019,0.419541277971905,0
CHEM061,MOL03,2025-05,new_sku,DOC020,0.05509047548508809,0
CHEM061,MOL03,2025-05,new_sku,DOC024,0.07950376649227772,0
CHEM061,MOL03,2025-05,new_sku,DOC031,0.0840218703267396,0
CHEM061,MOL03,2025-05,new_sku,DOC043,0.05689339937556876,0
CHEM061,MOL03,2025-05,new_sku,DOC044,0.05480905074883401,0
CHEM079,MOL01,2025-03,new_sku,DOC001,0.392356921432421,0
CHEM079,MOL01,2025-03,new_sku,DOC015,0.27139189838562744,0
CHEM079,MOL01,2025-03,new_sku,DOC030,0.08637906036276086,0
CHEM079,MOL01,2025-03,new_sku,DOC033,0.08845024033047227,0
CHEM079,MOL01,2025-03,new_sku,DOC043,0.08933156470714149,0
CHEM079,MOL01,2025-03,new_sku,DOC046,0.07209031478157686,0
CHEM138,MOL03,2025-01,new_sku,DOC007,0.07737769072454628,0
CHEM138,MOL03,2025-01,new_sku,DOC008,0.20969206973677454,0
CHEM138,MOL03,2025-01,new_sku,DOC011,0.11410183055423102,0
CHEM138,MOL03,2025-01,new_sku,DOC014,0.10647588854526388,0
CHEM138,MOL03,2025-01,new_sku,DOC019,0.12224601006480139,0
CHEM138,MOL03,2025-01,new_sku,DOC020,0.19858742439434912,0
CHEM138,MOL03,2025-01,new_sku,DOC031,0.08978857435944701,0
CHEM138,MOL03,2025-01,new_sku,DOC043,0.08173051162058671,0
CHEM121,MOL05,2025-01,new_sku,DOC004,0.4902288865848678,0
CHEM121,MOL05,2025-01,new_sku,DOC035,0.5097711134151321,0
CHEM026,MOL02,2025-03,new_sku,DOC004,0.03971415809346031,0
CHEM026,MOL02,2025-03,new_sku,DOC005,0.04879111396569923,0
CHEM026,MOL02,2025-03,new_sku,DOC006,0.06800376618080226,0
CHEM026,MOL02,2025-03,new_sku,DOC013,0.17353710845456946,0
CHEM026,MOL02,2025-03,new_sku,DOC016,0.07280131400095281,0
CHEM026,MOL02,2025-03,new_sku,DOC022,0.06613704582433422,0
CHEM026,MOL02,2025-03,new_sku,DOC023,0.044359860409164155,0
CHEM026,MOL02,2025-03,new_sku,DOC030,0.044361060644220934,0
CHEM026,MOL02,2025-03,new_sku,DOC031,0.05910150631260064,0
CHEM026,MOL02,2025-03,new_sku,DOC032,0.039822197078117336,0
CHEM026,MOL02,2025-03,new_sku,DOC034,0.07558292063949103,0
CHEM026,MOL02,2025-03,new_sku,DOC039,0.03700073002962541,0
CHEM026,MOL02,2025-03,new_sku,DOC048,0.23078721836696214,0
CHEM055,MOL03,2025-03,new_sku,DOC009,0.30160852318659465,0
CHEM055,MOL03,2025-03,new_sku,DOC021,0.1515588407772645,0
CHEM055,MOL03,2025-03,new_sku,DOC024,0.09070413422853049,0
CHEM055,MOL03,2025-03,new_sku,DOC028,0.13337055507044682,0
CHEM055,MOL03,2025-03,new_sku,DOC037,0.09099604348611577,0
CHEM055,MOL03,2025-03,new_sku,DOC040,0.1353400195086137,0
CHEM055,MOL03,2025-03,new_sku,DOC044,0.09642188374243407,0
CHEM077,MOL04,2025-06,new_sku,DOC010,0.035110356530581685,0
CHEM077,MOL04,2025-06,new_sku,DOC018,0.046098510930651516,0
CHEM077,MOL04,2025-06,new_sku,DOC022,0.07048839610659885,0
CHEM077,MOL04,2025-06,new_sku,DOC034,0.043895534863875006,0
CHEM077,MOL04,2025-06,new_sku,DOC036,0.10272491621325192,0
CHEM077,MOL04,2025-06,new_sku,DOC038,0.5802463840837141,0
CHEM077,MOL04,2025-06,new_sku,DOC039,0.06846203640930094,0
CHEM077,MOL04,2025-06,new_sku,DOC040,0.05297386486202595,0
CHEM132,MOL04,2025-06,new_sku,DOC002,0.053809328349278,0
CHEM132,MOL04,2025-06,new_sku,DOC010,0.1489305917585613,0
CHEM132,MOL04,2025-06,new_sku,DOC011,0.07730059642156739,0
CHEM132,MOL04,2025-06,new_sku,DOC014,0.08556562757773316,0
CHEM132,MOL04,2025-06,new_sku,DOC018,0.0741639580149739,0
CHEM132,MOL04,2025-06,new_sku,DOC022,0.06425004393713582,0
CHEM132,MOL04,2025-06,new_sku,DOC038,0.05882258200269676,0
CHEM132,MOL04,2025-06,new_sku,DOC039,0.11846506628379952,0
CHEM132,MOL04,2025-06,new_sku,DOC047,0.14100912214224262,0
CHEM132,MOL04,2025-06,new_sku,DOC049,0.07847778333478041,0
CHEM132,MOL04,2025-06,new_sku,DOC050,0.0992053001772312,0
CHEM005,MOL05,2025-02,new_sku,DOC005,0.24117132916608727,0
CHEM005,MOL05,2025-02,new_sku,DOC012,0.18247230203150586,0
CHEM005,MOL05,2025-02,new_sku,DOC017,0.28057935821588514,0
CHEM005,MOL05,2025-02,new_sku,DOC035,0.14244429914414483,0
CHEM005,MOL05,2025-02,new_sku,DOC048,0.1533327114423769,0
CHEM112,MOL05,2025-06,new_sku,DOC002,0.14400311543312497,0
CHEM112,MOL05,2025-06,new_sku,DOC004,0.08118969210226593,0
CHEM112,MOL05,2025-06,new_sku,DOC005,0.07845367132520335,0
CHEM112,MOL05,2025-06,new_sku,DOC012,0.07658531660835659,0
CHEM112,MOL05,2025-06,new_sku,DOC017,0.2093632039608112,0
CHEM112,MOL05,2025-06,new_sku,DOC035,0.29583345932248856,0
CHEM112,MOL05,2025-06,new_sku,DOC048,0.1145715412477495,0
CHEM039,MOL03,2025-04,new_sku,DOC007,0.10925347898696251,0
CHEM039,MOL03,2025-04,new_sku,DOC008,0.08249641268383207,0
CHEM039,MOL03,2025-04,new_sku,DOC009,0.050850459877624585,0
CHEM039,MOL03,2025-04,new_sku,DOC011,0.09400391837688926,0
CHEM039,MOL03,2025-04,new_sku,DOC014,0.10866658001964875,0
CHEM039,MOL03,2025-04,new_sku,DOC019,0.07755905575560919,0
CHEM039,MOL03,2025-04,new_sku,DOC021,0.054173151004338546,0
CHEM039,MOL03,2025-04,new_sku,DOC024,0.09331929628046512,0
CHEM039,MOL03,2025-04,new_sku,DOC028,0.05193663752128081,0
CHEM039,MOL03,2025-04,new_sku,DOC031,0.05165994283886643,0
CHEM039,MOL03,2025-04,new_sku,DOC044,0.22608106665448272,0
CHEM062,MOL01,2025-02,new_sku,DOC010,0.09796859451726612,0
CHEM062,MOL01,2025-02,new_sku,DOC016,0.13173299590420795,0
CHEM062,MOL01,2025-02,new_sku,DOC023,0.07564504110985634,0
CHEM062,MOL01,2025-02,new_sku,DOC026,0.1306564454994303,0
CHEM062,MOL01,2025-02,new_sku,DOC028,0.10097168840439015,0
CHEM062,MOL01,2025-02,new_sku,DOC032,0.1346882721668633,0
CHEM062,MOL01,2025-02,new_sku,DOC041,0.09311732475293769,0
CHEM062,MOL01,2025-02,new_sku,DOC045,0.2352196376450482,0
CHEM063,MOL03,2025-04,new_sku,DOC007,0.3659362226906206,0
CHEM063,MOL03,2025-04,new_sku,DOC008,0.08256408970230346,0
CHEM063,MOL03,2025-04,new_sku,DOC011,0.13363410574314064,0
CHEM063,MOL03,2025-04,new_sku,DOC014,0.15526581129442776,0
CHEM063,MOL03,2025-04,new_sku,DOC019,0.06554923018182049,0
CHEM063,MOL03,2025-04,new_sku,DOC024,0.06971767926914477,0
CHEM063,MOL03,2025-04,new_sku,DOC044,0.1273328611185423,0
CHEM041,MOL03,2025-02,new_sku,DOC007,0.05740786460790742,0
CHEM041,MOL03,2025-02,new_sku,DOC009,0.14830823983043573,0
CHEM041,MOL03,2025-02,new_sku,DOC021,0.221321582180648,0
CHEM041,MOL03,2025-02,new_sku,DOC024,0.07920597820614138,0
CHEM041,MOL03,2025-02,new_sku,DOC028,0.18552601783900655,0
CHEM041,MOL03,2025-02,new_sku,DOC037,0.06507289167404035,0
CHEM041,MOL03,2025-02,new_sku,DOC040,0.1279741065159363,0
CHEM041,MOL03,2025-02,new_sku,DOC044,0.1151833191458843,0
CHEM006,MOL01,2025-01,new_sku,DOC010,0.08063480346546852,0
CHEM006,MOL01,2025-01,new_sku,DOC029,0.20679041994562505,0
CHEM006,MOL01,2025-01,new_sku,DOC030,0.09561858550381253,0
CHEM006,MOL01,2025-01,new_sku,DOC032,0.1718546428023332,0
CHEM006,MOL01,2025-01,new_sku,DOC042,0.07264932472730265,0
CHEM006,MOL01,2025-01,new_sku,DOC043,0.10216537226771089,0
CHEM006,MOL01,2025-01,new_sku,DOC045,0.07082705362508863,0
CHEM006,MOL01,2025-01,new_sku,DOC049,0.11331997615668446,0
CHEM006,MOL01,2025-01,new_sku,DOC050,0.08613982150597413,0
CHEM102,MOL02,2025-02,new_sku,DOC004,0.3403744242051877,0
CHEM102,MOL02,2025-02,new_sku,DOC030,0.1457431220291504,0
CHEM102,MOL02,2025-02,new_sku,DOC031,0.1787781228730356,0
CHEM102,MOL02,2025-02,new_sku,DOC032,0.13645821912629302,0
CHEM102,MOL02,2025-02,new_sku,DOC042,0.09878481362204045,0
CHEM102,MOL02,2025-02,new_sku,DOC046,0.09986129814429276,0
CHEM129,MOL01,2025-05,new_sku,DOC001,0.15782770649551897,0
CHEM129,MOL01,2025-05,new_sku,DOC015,0.5435700398680678,0
CHEM129,MOL01,2025-05,new_sku,DOC030,0.07773931521656034,0
CHEM129,MOL01,2025-05,new_sku,DOC033,0.07311442199731216,0
CHEM129,MOL01,2025-05,new_sku,DOC043,0.08464472978181663,0
CHEM129,MOL01,2025-05,new_sku,DOC046,0.06310378664072407,0
CHEM085,MOL05,2025-06,new_sku,DOC002,0.05015870510567357,0
CHEM085,MOL05,2025-06,new_sku,DOC005,0.5167381249701203,0
CHEM085,MOL05,2025-06,new_sku,DOC012,0.16121166097629297,0
CHEM085,MOL05,2025-06,new_sku,DOC017,0.08077377555204997,0
CHEM085,MOL05,2025-06,new_sku,DOC037,0.06167155269875489,0
CHEM085,MOL05,2025-06,new_sku,DOC045,0.058089216819971826,0
CHEM085,MOL05,2025-06,new_sku,DOC048,0.07135696387713644,0
CHEM109,MOL02,2025-02,new_sku,DOC004,0.033732577564025805,0
CHEM109,MOL02,2025-02,new_sku,DOC005,0.05666743416969568,0
CHEM109,MOL02,2025-02,new_sku,DOC006,0.08652875737614378,0
CHEM109,MOL02,2025-02,new_sku,DOC013,0.11801662604735688,0
CHEM109,MOL02,2025-02,new_sku,DOC016,0.08570341441773041,0
CHEM109,MOL02,2025-02,new_sku,DOC022,0.06741168625824707,0
CHEM109,MOL02,2025-02,new_sku,DOC023,0.050809821584516864,0
CHEM109,MOL02,2025-02,new_sku,DOC030,0.03704968323269359,0
CHEM109,MOL02,2025-02,new_sku,DOC031,0.04738192374678048,0
CHEM109,MOL02,2025-02,new_sku,DOC032,0.036043595343118594,0
CHEM109,MOL02,2025-02,new_sku,DOC034,0.09905062048873145,0
CHEM109,MOL02,2025-02,new_sku,DOC039,0.03526099348058023,0
CHEM109,MOL02,2025-02,new_sku,DOC048,0.24634286629037913,0
CHEM015,MOL04,2025-05,new_sku,DOC010,0.11406052159574799,0
CHEM015,MOL04,2025-05,new_sku,DOC011,0.03995892646303175,0
CHEM015,MOL04,2025-05,new_sku,DOC014,0.045836334390395014,0
CHEM015,MOL04,2025-05,new_sku,DOC018,0.035875624150852915,0
CHEM015,MOL04,2025-05,new_sku,DOC039,0.03463673907938617,0
CHEM015,MOL04,2025-05,new_sku,DOC047,0.6214574545015192,0
CHEM015,MOL04,2025-05,new_sku,DOC049,0.03519446806577983,0
CHEM015,MOL04,2025-05,new_sku,DOC050,0.07297993175328697,0
CHEM082,MOL05,2025-04,new_sku,DOC002,0.12219182516669387,0
CHEM082,MOL05,2025-04,new_sku,DOC004,0.09008605862164154,0
CHEM082,MOL05,2025-04,new_sku,DOC008,0.05284588469451414,0
CHEM082,MOL05,2025-04,new_sku,DOC012,0.04324666048133712,0
CHEM082,MOL05,2025-04,new_sku,DOC017,0.0479469321768089,0
CHEM082,MOL05,2025-04,new_sku,DOC019,0.11319098864137792,0
CHEM082,MOL05,2025-04,new_sku,DOC024,0.11587581862720295,0
CHEM082,MOL05,2025-04,new_sku,DOC029,0.06300925429148231,0
CHEM082,MOL05,2025-04,new_sku,DOC035,0.04477886148830395,0
CHEM082,MOL05,2025-04,new_sku,DOC037,0.06087457031160532,0
CHEM082,MOL05,2025-04,new_sku,DOC038,0.047221317235226844,0
CHEM082,MOL05,2025-04,new_sku,DOC044,0.052148975499170476,0
CHEM082,MOL05,2025-04,new_sku,DOC045,0.06297876076499521,0
CHEM082,MOL05,2025-04,new_sku,DOC048,0.08360409199963938,0
CHEM100,MOL01,2025-04,new_sku,DOC010,0.10373654358905823,0
CHEM100,MOL01,2025-04,new_sku,DOC029,0.30268955840767886,0
CHEM100,MOL01,2025-04,new_sku,DOC032,0.10799634665491657,0
CHEM100,MOL01,2025-04,new_sku,DOC042,0.12221768760965511,0
CHEM100,MOL01,2025-04,new_sku,DOC049,0.18249615573261924,0
CHEM100,MOL01,2025-04,new_sku,DOC050,0.180863708006072,0
CHEM113,MOL03,2025-06,new_sku,DOC006,0.05681170680548124,0
CHEM113,MOL03,2025-06,new_sku,DOC015,0.3523084838640798,0
CHEM113,MOL03,2025-06,new_sku,DOC025,0.09499460639691902,0
CHEM113,MOL03,2025-06,new_sku,DOC027,0.2225368128460822,0
CHEM113,MOL03,2025-06,new_sku,DOC031,0.07656177350315276,0
CHEM113,MOL03,2025-06,new_sku,DOC033,0.08959539771860957,0
CHEM113,MOL03,2025-06,new_sku,DOC043,0.10719121886567544,0
CHEM071,MOL01,2025-04,new_sku,DOC010,0.0846943910294078,0
CHEM071,MOL01,2025-04,new_sku,DOC016,0.13622810417447687,0
CHEM071,MOL01,2025-04,new_sku,DOC029,0.10464371870358848,0
CHEM071,MOL01,2025-04,new_sku,DOC030,0.09786104598352574,0
CHEM071,MOL01,2025-04,new_sku,DOC032,0.21598255848752432,0
CHEM071,MOL01,2025-04,new_sku,DOC041,0.09219085899502734,0
CHEM071,MOL01,2025-04,new_sku,DOC043,0.11643131211919465,0
CHEM071,MOL01,2025-04,new_sku,DOC045,0.15196801050725486,0
CHEM086,MOL04,2025-01,new_sku,DOC013,0.15803880497597264,0
CHEM086,MOL04,2025-01,new_sku,DOC017,0.21098565011449344,0
CHEM086,MOL04,2025-01,new_sku,DOC025,0.2527271733752503,0
CHEM086,MOL04,2025-01,new_sku,DOC027,0.14393898918580386,0
CHEM086,MOL04,2025-01,new_sku,DOC034,0.23430938234847973,0
CHEM103,MOL02,2025-06,new_sku,DOC004,0.30625800998067093,0
CHEM103,MOL02,2025-06,new_sku,DOC030,0.2766188797985188,0
CHEM103,MOL02,2025-06,new_sku,DOC031,0.19753693977071612,0
CHEM103,MOL02,2025-06,new_sku,DOC046,0.21958617045009413,0
CHEM133,MOL02,2025-05,new_sku,DOC003,0.22233540382636433,0
CHEM133,MOL02,2025-05,new_sku,DOC009,0.125522800556151,0
CHEM133,MOL02,2025-05,new_sku,DOC021,0.24774711369790733,0
CHEM133,MOL02,2025-05,new_sku,DOC026,0.2100989177905607,0
CHEM133,MOL02,2025-05,new_sku,DOC032,0.08363431795224795,0
CHEM133,MOL02,2025-05,new_sku,DOC039,0.11066144617676871,0
CHEM143,MOL05,2025-06,new_sku,DOC004,0.10682498241699202,0
CHEM143,MOL05,2025-06,new_sku,DOC007,0.06746725907965313,0
CHEM143,MOL05,2025-06,new_sku,DOC008,0.3761497747436379,0
CHEM143,MOL05,2025-06,new_sku,DOC019,0.11888718964843721,0
CHEM143,MOL05,2025-06,new_sku,DOC024,0.06380501560454976,0
CHEM143,MOL05,2025-06,new_sku,DOC029,0.14725267310563703,0
CHEM143,MOL05,2025-06,new_sku,DOC044,0.06007392033318497,0
CHEM143,MOL05,2025-06,new_sku,DOC047,0.059539185067908014,0
CHEM135,MOL04,2025-04,new_sku,DOC001,0.190530544003412,0
CHEM135,MOL04,2025-04,new_sku,DOC002,0.15848487420316007,0
CHEM135,MOL04,2025-04,new_sku,DOC020,0.4758533132226948,0
CHEM135,MOL04,2025-04,new_sku,DOC035,0.17513126857073325,0
CHEM127,MOL04,2025-02,new_sku,DOC002,0.1177689160570161,0
CHEM127,MOL04,2025-02,new_sku,DOC011,0.12026039263614974,0
CHEM127,MOL04,2025-02,new_sku,DOC014,0.11645953288212853,0
CHEM127,MOL04,2025-02,new_sku,DOC020,0.4937281563061321,0
CHEM127,MOL04,2025-02,new_sku,DOC049,0.1517830021185735,0
CHEM056,MOL03,2025-06,new_sku,DOC006,0.16046514688292232,0
CHEM056,MOL03,2025-06,new_sku,DOC009,0.0734469434764037,0
CHEM056,MOL03,2025-06,new_sku,DOC012,0.21316930371549142,0
CHEM056,MOL03,2025-06,new_sku,DOC024,0.06404569998166942,0
CHEM056,MOL03,2025-06,new_sku,DOC025,0.06469124078817032,0
CHEM056,MOL03,2025-06,new_sku,DOC037,0.17068550030880822,0
CHEM056,MOL03,2025-06,new_sku,DOC041,0.25349616484653464,0
CHEM047,MOL04,2025-02,new_sku,DOC010,0.13257787289098366,0
CHEM047,MOL04,2025-02,new_sku,DOC018,0.18970678978201794,0
CHEM047,MOL04,2025-02,new_sku,DOC022,0.07511054476819198,0
CHEM047,MOL04,2025-02,new_sku,DOC036,0.06987318702065845,0
CHEM047,MOL04,2025-02,new_sku,DOC038,0.09850112185946214,0
CHEM047,MOL04,2025-02,new_sku,DOC039,0.17810189886775254,0
CHEM047,MOL04,2025-02,new_sku,DOC040,0.10257951242946894,0
CHEM047,MOL04,2025-02,new_sku,DOC047,0.09152614274413487,0
CHEM047,MOL04,2025-02,new_sku,DOC050,0.06202292963732945,0
CHEM003,MOL04,2025-02,new_sku,DOC018,0.0679766962938632,0
CHEM003,MOL04,2025-02,new_sku,DOC022,0.10183459609418956,0
CHEM003,MOL04,2025-02,new_sku,DOC034,0.09144155760286805,0
CHEM003,MOL04,2025-02,new_sku,DOC036,0.3865387396411021,0
CHEM003,MOL04,2025-02,new_sku,DOC038,0.1831909894174861,0
CHEM003,MOL04,2025-02,new_sku,DOC039,0.08281644628356764,0
CHEM003,MOL04,2025-02,new_sku,DOC040,0.0862009746669234,0
CHEM055,MOL04,2025-06,new_sku,DOC010,0.09918172187679636,0
CHEM055,MOL04,2025-06,new_sku,DOC018,0.16896129217791372,0
CHEM055,MOL04,2025-06,new_sku,DOC022,0.0903131998587915,0
CHEM055,MOL04,2025-06,new_sku,DOC036,0.10070888038880528,0
CHEM055,MOL04,2025-06,new_sku,DOC038,0.15088430332183644,0
CHEM055,MOL04,2025-06,new_sku,DOC039,0.17380865441738322,0
CHEM055,MOL04,2025-06,new_sku,DOC040,0.14029105254092555,0
CHEM055,MOL04,2025-06,new_sku,DOC047,0.0758508954175479,0
CHEM012,MOL01,2025-03,new_sku,DOC001,0.14364671194049644,0
CHEM012,MOL01,2025-03,new_sku,DOC015,0.22907337025017008,0
CHEM012,MOL01,2025-03,new_sku,DOC016,0.10769800062290226,0
CHEM012,MOL01,2025-03,new_sku,DOC023,0.10347786242805966,0
CHEM012,MOL01,2025-03,new_sku,DOC030,0.10254778320546028,0
CHEM012,MOL01,2025-03,new_sku,DOC033,0.08615721816112117,0
CHEM012,MOL01,2025-03,new_sku,DOC041,0.10979579797829654,0
CHEM012,MOL01,2025-03,new_sku,DOC043,0.11760325541349359,0
CHEM144,MOL01,2025-05,new_sku,DOC001,0.16062364492786943,0
CHEM144,MOL01,2025-05,new_sku,DOC015,0.2415630168243439,0
CHEM144,MOL01,2025-05,new_sku,DOC016,0.1440082061478421,0
CHEM144,MOL01,2025-05,new_sku,DOC023,0.16241656541839525,0
CHEM144,MOL01,2025-05,new_sku,DOC041,0.16105761674837296,0
CHEM144,MOL01,2025-05,new_sku,DOC043,0.13033094993317632,0
CHEM034,MOL01,2025-03,new_sku,DOC010,0.0988416757130496,0
CHEM034,MOL01,2025-03,new_sku,DOC029,0.36346243894393276,0
CHEM034,MOL01,2025-03,new_sku,DOC032,0.14259509151075314,0
CHEM034,MOL01,2025-03,new_sku,DOC042,0.08784032469337194,0
CHEM034,MOL01,2025-03,new_sku,DOC043,0.05667731330797403,0
CHEM034,MOL01,2025-03,new_sku,DOC049,0.13066775698905403,0
CHEM034,MOL01,2025-03,new_sku,DOC050,0.11991539884186453,0
CHEM037,MOL03,2025-01,new_sku,DOC007,0.1794402553032274,0
CHEM037,MOL03,2025-01,new_sku,DOC008,0.09221020851954824,0
CHEM037,MOL03,2025-01,new_sku,DOC011,0.3204135834713595,0
CHEM037,MOL03,2025-01,new_sku,DOC014,0.2879708353797409,0
CHEM037,MOL03,2025-01,new_sku,DOC019,0.05532906786110736,0
CHEM037,MOL03,2025-01,new_sku,DOC044,0.06463604946501651,0
CHEM081,MOL04,2025-02,new_sku,DOC001,0.07892415854413046,0
CHEM081,MOL04,2025-02,new_sku,DOC002,0.18487823178461338,0
CHEM081,MOL04,2025-02,new_sku,DOC013,0.10746809200009338,0
CHEM081,MOL04,2025-02,new_sku,DOC017,0.07159188899956696,0
CHEM081,MOL04,2025-02,new_sku,DOC020,0.09010730329774874,0
CHEM081,MOL04,2025-02,new_sku,DOC022,0.08237831206751972,0
CHEM081,MOL04,2025-02,new_sku,DOC027,0.0987338730382558,0
CHEM081,MOL04,2025-02,new_sku,DOC034,0.06474761472537187,0
CHEM081,MOL04,2025-02,new_sku,DOC035,0.08021658420453925,0
CHEM081,MOL04,2025-02,new_sku,DOC039,0.07274658668837837,0
CHEM081,MOL04,2025-02,new_sku,DOC049,0.06820735464978205,0
CHEM049,MOL02,2025-01,new_sku,DOC003,0.12361417410299855,0
CHEM049,MOL02,2025-01,new_sku,DOC009,0.3531476927016646,0
CHEM049,MOL02,2025-01,new_sku,DOC016,0.05132686332944369,0
CHEM049,MOL02,2025-01,new_sku,DOC021,0.0907977417372838,0
CHEM049,MOL02,2025-01,new_sku,DOC022,0.06327668324301203,0
CHEM049,MOL02,2025-01,new_sku,DOC026,0.12451036391162978,0
CHEM049,MOL02,2025-01,new_sku,DOC032,0.05448416359325074,0
CHEM049,MOL02,2025-01,new_sku,DOC039,0.0983167508110536,0
CHEM049,MOL02,2025-01,new_sku,DOC048,0.04052556656966325,0
CHEM112,MOL01,2025-04,new_sku,DOC001,0.18318654883529026,0
CHEM112,MOL01,2025-04,new_sku,DOC015,0.3017584867486617,0
CHEM112,MOL01,2025-04,new_sku,DOC016,0.06728217769454152,0
CHEM112,MOL01,2025-04,new_sku,DOC030,0.10420791785877602,0
CHEM112,MOL01,2025-04,new_sku,DOC033,0.08623770897449176,0
CHEM112,MOL01,2025-04,new_sku,DOC041,0.06386135525618186,0
CHEM112,MOL01,2025-04,new_sku,DOC043,0.12017824742690002,0
CHEM112,MOL01,2025-04,new_sku,DOC046,0.07328755720515684,0
CHEM092,MOL05,2025-04,new_sku,DOC004,0.04355637863156674,0
CHEM092,MOL05,2025-04,new_sku,DOC007,0.035204812727015755,0
CHEM092,MOL05,2025-04,new_sku,DOC008,0.6877940531485932,0
CHEM092,MOL05,2025-04,new_sku,DOC019,0.053813742150945296,0
CHEM092,MOL05,2025-04,new_sku,DOC024,0.030668892670626485,0
CHEM092,MOL05,2025-04,new_sku,DOC029,0.08804666493356457,0
CHEM092,MOL05,2025-04,new_sku,DOC044,0.030390324425115547,0
CHEM092,MOL05,2025-04,new_sku,DOC047,0.03052513131257248,0
CHEM029,MOL02,2025-01,new_sku,DOC003,0.12942785987249172,0
CHEM029,MOL02,2025-01,new_sku,DOC021,0.13018235836682254,0
CHEM029,MOL02,2025-01,new_sku,DOC026,0.126750252358228,0
CHEM029,MOL02,2025-01,new_sku,DOC032,0.16095441105467342,0
CHEM029,MOL02,2025-01,new_sku,DOC039,0.14319515672298605,0
CHEM029,MOL02,2025-01,new_sku,DOC042,0.30948996162479825,0
CHEM070,MOL05,2025-06,new_sku,DOC002,0.05316162936319242,0
CHEM070,MOL05,2025-06,new_sku,DOC005,0.0893303439107166,0
CHEM070,MOL05,2025-06,new_sku,DOC012,0.13765006965591872,0
CHEM070,MOL05,2025-06,new_sku,DOC017,0.05306091321256269,0
CHEM070,MOL05,2025-06,new_sku,DOC024,0.05495135674991516,0
CHEM070,MOL05,2025-06,new_sku,DOC036,0.10068221572070465,0
CHEM070,MOL05,2025-06,new_sku,DOC037,0.16717053740759744,0
CHEM070,MOL05,2025-06,new_sku,DOC038,0.11709660718066577,0
CHEM070,MOL05,2025-06,new_sku,DOC045,0.146153076068276,0
CHEM070,MOL05,2025-06,new_sku,DOC048,0.08074325073045052,0
CHEM002,MOL05,2025-05,new_sku,DOC002,0.21512413131993827,0
CHEM002,MOL05,2025-05,new_sku,DOC004,0.3004598359433575,0
CHEM002,MOL05,2025-05,new_sku,DOC019,0.21346510781627537,0
CHEM002,MOL05,2025-05,new_sku,DOC035,0.2709509249204289,0
CHEM020,MOL02,2025-04,new_sku,DOC003,0.07717791886550202,0
CHEM020,MOL02,2025-04,new_sku,DOC005,0.049499602231193755,0
CHEM020,MOL02,2025-04,new_sku,DOC006,0.05916074200088255,0
CHEM020,MOL02,2025-04,new_sku,DOC009,0.1289704726844346,0
CHEM020,MOL02,2025-04,new_sku,DOC016,0.08961371785157599,0
CHEM020,MOL02,2025-04,new_sku,DOC021,0.06471061786038708,0
CHEM020,MOL02,2025-04,new_sku,DOC022,0.10917935279791072,0
CHEM020,MOL02,2025-04,new_sku,DOC023,0.05492267616682326,0
CHEM020,MOL02,2025-04,new_sku,DOC026,0.07758975634206783,0
CHEM020,MOL02,2025-04,new_sku,DOC032,0.062039230121623254,0
CHEM020,MOL02,2025-04,new_sku,DOC034,0.06469452473702757,0
CHEM020,MOL02,2025-04,new_sku,DOC039,0.10176523371376735,0
CHEM020,MOL02,2025-04,new_sku,DOC048,0.06067615462680397,0
CHEM096,MOL05,2025-01,new_sku,DOC003,0.1754832674226594,0
CHEM096,MOL05,2025-01,new_sku,DOC007,0.08339317175344699,0
CHEM096,MOL05,2025-01,new_sku,DOC018,0.3050338377077174,0
CHEM096,MOL05,2025-01,new_sku,DOC024,0.08093176915104512,0
CHEM096,MOL05,2025-01,new_sku,DOC038,0.07672641872590819,0
CHEM096,MOL05,2025-01,new_sku,DOC044,0.1414512327809685,0
CHEM096,MOL05,2025-01,new_sku,DOC047,0.1369803024582544,0
CHEM069,MOL05,2025-06,new_sku,DOC003,0.048338904738191524,0
CHEM069,MOL05,2025-06,new_sku,DOC004,0.046712708765694465,0
CHEM069,MOL05,2025-06,new_sku,DOC007,0.16104817789365644,0
CHEM069,MOL05,2025-06,new_sku,DOC008,0.0757052323043083,0
CHEM069,MOL05,2025-06,new_sku,DOC018,0.05631179012347193,0
CHEM069,MOL05,2025-06,new_sku,DOC019,0.061726654454445404,0
CHEM069,MOL05,2025-06,new_sku,DOC024,0.0667451151963664,0
CHEM069,MOL05,2025-06,new_sku,DOC029,0.1065114800410768,0
CHEM069,MOL05,2025-06,new_sku,DOC044,0.1382193850007104,0
CHEM069,MOL05,2025-06,new_sku,DOC047,0.23868055148207845,0
CHEM012,MOL05,2025-04,new_sku,DOC002,0.09053682616993321,0
CHEM012,MOL05,2025-04,new_sku,DOC005,0.07660979661846602,0
CHEM012,MOL05,2025-04,new_sku,DOC012,0.07100381727367483,0
CHEM012,MOL05,2025-04,new_sku,DOC017,0.5066350041173374,0
CHEM012,MOL05,2025-04,new_sku,DOC035,0.10662661734183705,0
CHEM012,MOL05,2025-04,new_sku,DOC037,0.0538796804825518,0
CHEM012,MOL05,2025-04,new_sku,DOC048,0.09470825799619971,0
CHEM104,MOL03,2025-06,new_sku,DOC006,0.17991558901230958,0
CHEM104,MOL03,2025-06,new_sku,DOC009,0.07206775119924275,0
CHEM104,MOL03,2025-06,new_sku,DOC012,0.25903793582752693,0
CHEM104,MOL03,2025-06,new_sku,DOC025,0.0761559732319836,0
CHEM104,MOL03,2025-06,new_sku,DOC037,0.1329143983584649,0
CHEM104,MOL03,2025-06,new_sku,DOC041,0.2799083523704723,0
CHEM034,MOL03,2025-06,new_sku,DOC007,0.09215008830513668,0
CHEM034,MOL03,2025-06,new_sku,DOC008,0.13358330190253234,0
CHEM034,MOL03,2025-06,new_sku,DOC011,0.10850382972652542,0
CHEM034,MOL03,2025-06,new_sku,DOC014,0.11999791239497865,0
CHEM034,MOL03,2025-06,new_sku,DOC019,0.12904403829927158,0
CHEM034,MOL03,2025-06,new_sku,DOC020,0.056394993642035575,0
CHEM034,MOL03,2025-06,new_sku,DOC024,0.11130715843093957,0
CHEM034,MOL03,2025-06,new_sku,DOC031,0.07006047764935117,0
CHEM034,MOL03,2025-06,new_sku,DOC043,0.05369969176998198,0
CHEM034,MOL03,2025-06,new_sku,DOC044,0.125258507879247,0
CHEM132,MOL02,2025-04,new_sku,DOC003,0.08090781402740331,0
CHEM132,MOL02,2025-04,new_sku,DOC004,0.07699774342677132,0
CHEM132,MOL02,2025-04,new_sku,DOC009,0.07575198298549449,0
CHEM132,MOL02,2025-04,new_sku,DOC021,0.07547067368595269,0
CHEM132,MOL02,2025-04,new_sku,DOC022,0.0786703931509448,0
CHEM132,MOL02,2025-04,new_sku,DOC026,0.07905517888431358,0
CHEM132,MOL02,2025-04,new_sku,DOC031,0.07540586722608678,0
CHEM132,MOL02,2025-04,new_sku,DOC032,0.22597725890375547,0
CHEM132,MOL02,2025-04,new_sku,DOC039,0.14505349363368394,0
CHEM132,MOL02,2025-04,new_sku,DOC042,0.0867095940755936,0
CHEM109,MOL03,2025-05,new_sku,DOC006,0.14240143026100444,0
CHEM109,MOL03,2025-05,new_sku,DOC012,0.1097321488870096,0
CHEM109,MOL03,2025-05,new_sku,DOC015,0.06944709785001697,0
CHEM109,MOL03,2025-05,new_sku,DOC019,0.055582327625532287,0
CHEM109,MOL03,2025-05,new_sku,DOC024,0.06516632079869389,0
CHEM109,MOL03,2025-05,new_sku,DOC025,0.09330188945431564,0
CHEM109,MOL03,2025-05,new_sku,DOC027,0.10762007377933729,0
CHEM109,MOL03,2025-05,new_sku,DOC031,0.07797700920086974,0
CHEM109,MOL03,2025-05,new_sku,DOC037,0.09596326379160512,0
CHEM109,MOL03,2025-05,new_sku,DOC041,0.10931045309803865,0
CHEM109,MOL03,2025-05,new_sku,DOC043,0.0734979852535764,0
CHEM110,MOL01,2025-01,new_sku,DOC010,0.04698603869192001,0
CHEM110,MOL01,2025-01,new_sku,DOC029,0.8137944084783552,0
CHEM110,MOL01,2025-01,new_sku,DOC030,0.032474715808105056,0
CHEM110,MOL01,2025-01,new_sku,DOC032,0.06641548933563948,0
CHEM110,MOL01,2025-01,new_sku,DOC042,0.05021652477244596,0
CHEM110,MOL01,2025-01,new_sku,DOC043,0.0333611213455691,0
CHEM110,MOL01,2025-01,new_sku,DOC049,0.0926366562441354,0
CHEM110,MOL01,2025-01,new_sku,DOC050,0.06411504532382986,0
CHEM135,MOL05,2025-01,new_sku,DOC002,0.16968742084393723,0
CHEM135,MOL05,2025-01,new_sku,DOC004,0.2716612287781175,0
CHEM135,MOL05,2025-01,new_sku,DOC008,0.17773084965610628,0
CHEM135,MOL05,2025-01,new_sku,DOC019,0.1934100305756473,0
CHEM135,MOL05,2025-01,new_sku,DOC035,0.1875104701461918,0
CHEM033,MOL03,2025-02,new_sku,DOC007,0.28606355031786734,0
CHEM033,MOL03,2025-02,new_sku,DOC008,0.09254848384490093,0
CHEM033,MOL03,2025-02,new_sku,DOC011,0.1523694043421475,0
CHEM033,MOL03,2025-02,new_sku,DOC014,0.1908884251275135,0
CHEM033,MOL03,2025-02,new_sku,DOC019,0.07076985514250464,0
CHEM033,MOL03,2025-02,new_sku,DOC024,0.07286170169603247,0
CHEM033,MOL03,2025-02,new_sku,DOC044,0.13449857952903363,0
CHEM132,MOL01,2025-05,new_sku,DOC010,0.1673398989304547,0
CHEM132,MOL01,2025-05,new_sku,DOC026,0.07254508959295772,0
CHEM132,MOL01,2025-05,new_sku,DOC028,0.06571703160773845,0
CHEM132,MOL01,2025-05,new_sku,DOC029,0.13991467339729338,0
CHEM132,MOL01,2025-05,new_sku,DOC032,0.20736833088612247,0
CHEM132,MOL01,2025-05,new_sku,DOC042,0.0795691738296868,0
CHEM132,MOL01,2025-05,new_sku,DOC045,0.06789931619854178,0
CHEM132,MOL01,2025-05,new_sku,DOC049,0.0881784204068561,0
CHEM132,MOL01,2025-05,new_sku,DOC050,0.11146806515034866,0
CHEM025,MOL04,2025-06,new_sku,DOC010,0.09701847150705634,0
CHEM025,MOL04,2025-06,new_sku,DOC011,0.17862853005379387,0
CHEM025,MOL04,2025-06,new_sku,DOC014,0.19664155369212272,0
CHEM025,MOL04,2025-06,new_sku,DOC047,0.13458980388617287,0
CHEM025,MOL04,2025-06,new_sku,DOC049,0.12160839384057026,0
CHEM025,MOL04,2025-06,new_sku,DOC050,0.27151324702028395,0
CHEM030,MOL04,2025-02,new_sku,DOC018,0.07034897802503046,0
CHEM030,MOL04,2025-02,new_sku,DOC022,0.14367519435670778,0
CHEM030,MOL04,2025-02,new_sku,DOC034,0.11337881293160554,0
CHEM030,MOL04,2025-02,new_sku,DOC036,0.2192798836936086,0
CHEM030,MOL04,2025-02,new_sku,DOC038,0.2714383905298066,0
CHEM030,MOL04,2025-02,new_sku,DOC039,0.10016082062783825,0
CHEM030,MOL04,2025-02,new_sku,DOC040,0.08171791983540277,0
CHEM117,MOL04,2025-05,new_sku,DOC018,0.06705697587074655,0
CHEM117,MOL04,2025-05,new_sku,DOC022,0.11375759317516855,0
CHEM117,MOL04,2025-05,new_sku,DOC034,0.08363088949860349,0
CHEM117,MOL04,2025-05,new_sku,DOC036,0.24447971285735423,0
CHEM117,MOL04,2025-05,new_sku,DOC038,0.31858389318886354,0
CHEM117,MOL04,2025-05,new_sku,DOC039,0.0919509679176982,0
CHEM117,MOL04,2025-05,new_sku,DOC040,0.08053996749156546,0
CHEM067,MOL01,2025-04,new_sku,DOC015,0.22943767602310497,0
CHEM067,MOL01,2025-04,new_sku,DOC016,0.20663973538799374,0
CHEM067,MOL01,2025-04,new_sku,DOC023,0.30273607178551626,0
CHEM067,MOL01,2025-04,new_sku,DOC041,0.261186516803385,0
CHEM002,MOL04,2025-01,new_sku,DOC001,0.21608420631504585,0
CHEM002,MOL04,2025-01,new_sku,DOC002,0.15301880572173956,0
CHEM002,MOL04,2025-01,new_sku,DOC020,0.2805358618250936,0
CHEM002,MOL04,2025-01,new_sku,DOC027,0.15763245973452036,0
CHEM002,MOL04,2025-01,new_sku,DOC035,0.19272866640360062,0
CHEM125,MOL03,2025-05,new_sku,DOC006,0.18678007770027552,0
CHEM125,MOL03,2025-05,new_sku,DOC009,0.05113584893670779,0
CHEM125,MOL03,2025-05,new_sku,DOC012,0.3158676914918655,0
CHEM125,MOL03,2025-05,new_sku,DOC025,0.059808806933426106,0
CHEM125,MOL03,2025-05,new_sku,DOC027,0.05005556426224137,0
CHEM125,MOL03,2025-05,new_sku,DOC037,0.11404318228424629,0
CHEM125,MOL03,2025-05,new_sku,DOC041,0.4223088283912373,0
CHEM054,MOL04,2025-06,new_sku,DOC002,0.05993383883544934,0
CHEM054,MOL04,2025-06,new_sku,DOC010,0.03790037007885616,0
CHEM054,MOL04,2025-06,new_sku,DOC013,0.05282367549297396,0
CHEM054,MOL04,2025-06,new_sku,DOC017,0.04084703128571024,0
CHEM054,MOL04,2025-06,new_sku,DOC018,0.038040224785897574,0
CHEM054,MOL04,2025-06,new_sku,DOC022,0.44489066675723293,0
CHEM054,MOL04,2025-06,new_sku,DOC027,0.04018493704012418,0
CHEM054,MOL04,2025-06,new_sku,DOC034,0.06813547011378975,0
CHEM054,MOL04,2025-06,new_sku,DOC036,0.048684094169449466,0
CHEM054,MOL04,2025-06,new_sku,DOC038,0.08302883711235538,0
CHEM054,MOL04,2025-06,new_sku,DOC039,0.08553085432816097,0
CHEM121,MOL01,2025-04,new_sku,DOC001,0.11065883835964671,0
CHEM121,MOL01,2025-04,new_sku,DOC030,0.12824411485274537,0
CHEM121,MOL01,2025-04,new_sku,DOC033,0.25043655052037933,0
CHEM121,MOL01,2025-04,new_sku,DOC043,0.10497753207669579,0
CHEM121,MOL01,2025-04,new_sku,DOC046,0.4056829641905328,0
CHEM125,MOL04,2025-04,new_sku,DOC002,0.07098233018115735,0
CHEM125,MOL04,2025-04,new_sku,DOC013,0.08057241695848348,0
CHEM125,MOL04,2025-04,new_sku,DOC017,0.08184604026075613,0
CHEM125,MOL04,2025-04,new_sku,DOC022,0.1191984857391646,0
CHEM125,MOL04,2025-04,new_sku,DOC025,0.07709783249268023,0
CHEM125,MOL04,2025-04,new_sku,DOC027,0.06452520467617036,0
CHEM125,MOL04,2025-04,new_sku,DOC034,0.24361628236213118,0
CHEM125,MOL04,2025-04,new_sku,DOC036,0.09306624397052003,0
CHEM125,MOL04,2025-04,new_sku,DOC038,0.10123890604691839,0
CHEM125,MOL04,2025-04,new_sku,DOC039,0.06785625731201829,0
CHEM125,MOL02,2025-06,new_sku,DOC005,0.11867143733620891,0
CHEM125,MOL02,2025-06,new_sku,DOC006,0.15171859853612846,0
CHEM125,MOL02,2025-06,new_sku,DOC009,0.041536867481563516,0
CHEM125,MOL02,2025-06,new_sku,DOC013,0.05077122390463301,0
CHEM125,MOL02,2025-06,new_sku,DOC016,0.12702132490214973,0
CHEM125,MOL02,2025-06,new_sku,DOC022,0.07511072941593235,0
CHEM125,MOL02,2025-06,new_sku,DOC023,0.16820452486067625,0
CHEM125,MOL02,2025-06,new_sku,DOC034,0.15351031141333732,0
CHEM125,MOL02,2025-06,new_sku,DOC039,0.04275837021364335,0
CHEM125,MOL02,2025-06,new_sku,DOC048,0.07069661193572714,0
CHEM121,MOL03,2025-04,new_sku,DOC020,0.23084902499330762,0
CHEM121,MOL03,2025-04,new_sku,DOC031,0.14867192321738548,0
CHEM121,MOL03,2025-04,new_sku,DOC033,0.43721011915116675,0
CHEM121,MOL03,2025-04,new_sku,DOC043,0.18326893263814018,0
CHEM057,MOL05,2025-06,new_sku,DOC004,0.44997846736330366,0
CHEM057,MOL05,2025-06,new_sku,DOC035,0.5500215326366964,0
CHEM120,MOL02,2025-03,new_sku,DOC003,0.09711707057263198,0
CHEM120,MOL02,2025-03,new_sku,DOC006,0.059610791721098164,0
CHEM120,MOL02,2025-03,new_sku,DOC009,0.17388419134301325,0
CHEM120,MOL02,2025-03,new_sku,DOC016,0.07880612175420965,0
CHEM120,MOL02,2025-03,new_sku,DOC021,0.08269642200685558,0
CHEM120,MOL02,2025-03,new_sku,DOC022,0.08491550382869632,0
CHEM120,MOL02,2025-03,new_sku,DOC023,0.05958092236110558,0
CHEM120,MOL02,2025-03,new_sku,DOC026,0.09899167919451111,0
CHEM120,MOL02,2025-03,new_sku,DOC032,0.05797400745842368,0
CHEM120,MOL02,2025-03,new_sku,DOC034,0.06330220793911938,0
CHEM120,MOL02,2025-03,new_sku,DOC039,0.08648689729340309,0
CHEM120,MOL02,2025-03,new_sku,DOC048,0.05663418452693228,0
CHEM093,MOL04,2025-02,new_sku,DOC010,0.0712931141360039,0
CHEM093,MOL04,2025-02,new_sku,DOC011,0.1769119433533058,0
CHEM093,MOL04,2025-02,new_sku,DOC014,0.20070393200804437,0
CHEM093,MOL04,2025-02,new_sku,DOC020,0.052485509289356955,0
CHEM093,MOL04,2025-02,new_sku,DOC039,0.05350046383356469,0
CHEM093,MOL04,2025-02,new_sku,DOC047,0.09042175287011346,0
CHEM093,MOL04,2025-02,new_sku,DOC049,0.22138546469270584,0
CHEM093,MOL04,2025-02,new_sku,DOC050,0.13329781981690497,0
CHEM023,MOL04,2025-02,new_sku,DOC001,0.3026086953951779,0
CHEM023,MOL04,2025-02,new_sku,DOC020,0.24015801843312,0
CHEM023,MOL04,2025-02,new_sku,DOC027,0.19470219225025565,0
CHEM023,MOL04,2025-02,new_sku,DOC035,0.2625310939214464,0
CHEM127,MOL03,2025-02,new_sku,DOC008,0.12343085583188883,0
CHEM127,MOL03,2025-02,new_sku,DOC011,0.06945180035749665,0
CHEM127,MOL03,2025-02,new_sku,DOC014,0.0672567588559959,0
CHEM127,MOL03,2025-02,new_sku,DOC019,0.12210788669360037,0
CHEM127,MOL03,2025-02,new_sku,DOC020,0.28513385488765547,0
CHEM127,MOL03,2025-02,new_sku,DOC024,0.06291658211571834,0
CHEM127,MOL03,2025-02,new_sku,DOC031,0.09942827207909741,0
CHEM127,MOL03,2025-02,new_sku,DOC033,0.07793911402080378,0
CHEM127,MOL03,2025-02,new_sku,DOC043,0.09233487515774327,0
CHEM013,MOL01,2025-03,new_sku,DOC001,0.07816274569957914,0
CHEM013,MOL01,2025-03,new_sku,DOC015,0.09453955506436731,0
CHEM013,MOL01,2025-03,new_sku,DOC016,0.21507488174533756,0
CHEM013,MOL01,2025-03,new_sku,DOC023,0.17000745940671969,0
CHEM013,MOL01,2025-03,new_sku,DOC041,0.22737850112769525,0
CHEM013,MOL01,2025-03,new_sku,DOC043,0.08694757771806241,0
CHEM013,MOL01,2025-03,new_sku,DOC045,0.12788927923823865,0
CHEM041,MOL02,2025-05,new_sku,DOC003,0.23701982350331638,0
CHEM041,MOL02,2025-05,new_sku,DOC009,0.1273549806380621,0
CHEM041,MOL02,2025-05,new_sku,DOC021,0.19005286453151807,0
CHEM041,MOL02,2025-05,new_sku,DOC022,0.05560243131993284,0
CHEM041,MOL02,2025-05,new_sku,DOC026,0.21612304463657567,0
CHEM041,MOL02,2025-05,new_sku,DOC032,0.06872110226566189,0
CHEM041,MOL02,2025-05,new_sku,DOC039,0.10512575310493312,0
CHEM087,MOL04,2025-01,new_sku,DOC001,0.28574142459074325,0
CHEM087,MOL04,2025-01,new_sku,DOC002,0.08644790919181433,0
CHEM087,MOL04,2025-01,new_sku,DOC013,0.08602146640372475,0
CHEM087,MOL04,2025-01,new_sku,DOC017,0.07293347801206357,0
CHEM087,MOL04,2025-01,new_sku,DOC020,0.06254273216090578,0
CHEM087,MOL04,2025-01,new_sku,DOC025,0.06234133661727068,0
CHEM087,MOL04,2025-01,new_sku,DOC027,0.12345076116922805,0
CHEM087,MOL04,2025-01,new_sku,DOC035,0.22052089185424967,0
CHEM144,MOL02,2025-04,new_sku,DOC005,0.15444405055694774,0
CHEM144,MOL02,2025-04,new_sku,DOC006,0.15267623285022625,0
CHEM144,MOL02,2025-04,new_sku,DOC013,0.1785910399041958,0
CHEM144,MOL02,2025-04,new_sku,DOC016,0.11031180580379231,0
CHEM144,MOL02,2025-04,new_sku,DOC023,0.12441280329094229,0
CHEM144,MOL02,2025-04,new_sku,DOC034,0.14234401571667923,0
CHEM144,MOL02,2025-04,new_sku,DOC048,0.13722005187721636,0
CHEM091,MOL01,2025-05,new_sku,DOC001,0.22403740640472822,0
CHEM091,MOL01,2025-05,new_sku,DOC015,0.1164429778446074,0
CHEM091,MOL01,2025-05,new_sku,DOC030,0.19127195097183278,0
CHEM091,MOL01,2025-05,new_sku,DOC033,0.1768417566325751,0
CHEM091,MOL01,2025-05,new_sku,DOC043,0.16513910164267062,0
CHEM091,MOL01,2025-05,new_sku,DOC046,0.1262668065035859,0
CHEM113,MOL04,2025-01,new_sku,DOC001,0.18201249226530505,0
CHEM113,MOL04,2025-01,new_sku,DOC002,0.06446920963128475,0
CHEM113,MOL04,2025-01,new_sku,DOC013,0.08058965875816165,0
CHEM113,MOL04,2025-01,new_sku,DOC017,0.0791850732970657,0
CHEM113,MOL04,2025-01,new_sku,DOC025,0.06534162857550535,0
CHEM113,MOL04,2025-01,new_sku,DOC027,0.1530709828788454,0
CHEM113,MOL04,2025-01,new_sku,DOC034,0.03924193884275494,0
CHEM113,MOL04,2025-01,new_sku,DOC035,0.3360890157510771,0
CHEM027,MOL05,2025-01,new_sku,DOC003,0.24230716788539428,0
CHEM027,MOL05,2025-01,new_sku,DOC018,0.22617665356743413,0
CHEM027,MOL05,2025-01,new_sku,DOC024,0.07423634094922058,0
CHEM027,MOL05,2025-01,new_sku,DOC036,0.0668401770728923,0
CHEM027,MOL05,2025-01,new_sku,DOC037,0.06366981814680207,0
CHEM027,MOL05,2025-01,new_sku,DOC038,0.08951600606014984,0
CHEM027,MOL05,2025-01,new_sku,DOC044,0.09649008564215475,0
CHEM027,MOL05,2025-01,new_sku,DOC045,0.06751503758191624,0
CHEM027,MOL05,2025-01,new_sku,DOC047,0.07324871309403581,0
CHEM043,MOL01,2025-02,new_sku,DOC016,0.21773388571536245,0
CHEM043,MOL01,2025-02,new_sku,DOC023,0.1780944315972796,0
CHEM043,MOL01,2025-02,new_sku,DOC026,0.1377669262971408,0
CHEM043,MOL01,2025-02,new_sku,DOC041,0.2093645470072074,0
CHEM043,MOL01,2025-02,new_sku,DOC045,0.25704020938300975,0
CHEM022,MOL03,2025-03,new_sku,DOC007,0.06610288028460601,0
CHEM022,MOL03,2025-03,new_sku,DOC009,0.13004353954845976,0
CHEM022,MOL03,2025-03,new_sku,DOC021,0.2142251781515476,0
CHEM022,MOL03,2025-03,new_sku,DOC024,0.08249066170112272,0
CHEM022,MOL03,2025-03,new_sku,DOC028,0.18742008582793557,0
CHEM022,MOL03,2025-03,new_sku,DOC037,0.06442496419463414,0
CHEM022,MOL03,2025-03,new_sku,DOC040,0.1216512298139807,0
CHEM022,MOL03,2025-03,new_sku,DOC044,0.13364146047771355,0
CHEM063,MOL02,2025-05,new_sku,DOC032,0.22026770431614418,0
CHEM063,MOL02,2025-05,new_sku,DOC039,0.19475464033518952,0
CHEM063,MOL02,2025-05,new_sku,DOC042,0.5849776553486662,0
CHEM036,MOL04,2025-04,new_sku,DOC010,0.06177931270068982,0
CHEM036,MOL04,2025-04,new_sku,DOC011,0.19030558215156898,0
CHEM036,MOL04,2025-04,new_sku,DOC014,0.29820783304642035,0
CHEM036,MOL04,2025-04,new_sku,DOC039,0.0402994799839162,0
CHEM036,MOL04,2025-04,new_sku,DOC047,0.08612617445972148,0
CHEM036,MOL04,2025-04,new_sku,DOC049,0.1362027551780415,0
CHEM036,MOL04,2025-04,new_sku,DOC050,0.1870788624796417,0
CHEM133,MOL03,2025-01,new_sku,DOC007,0.07242585764034977,0
CHEM133,MOL03,2025-01,new_sku,DOC009,0.12290005011474675,0
CHEM133,MOL03,2025-01,new_sku,DOC021,0.24257053343576485,0
CHEM133,MOL03,2025-01,new_sku,DOC024,0.07961026270247148,0
CHEM133,MOL03,2025-01,new_sku,DOC028,0.2223937091285175,0
CHEM133,MOL03,2025-01,new_sku,DOC040,0.1294992842085537,0
CHEM133,MOL03,2025-01,new_sku,DOC044,0.13060030276959603,0
CHEM003,MOL05,2025-01,new_sku,DOC003,0.06546345567535328,0
CHEM003,MOL05,2025-01,new_sku,DOC005,0.06446005887154868,0
CHEM003,MOL05,2025-01,new_sku,DOC012,0.08079603024024752,0
CHEM003,MOL05,2025-01,new_sku,DOC018,0.055223932112311004,0
CHEM003,MOL05,2025-01,new_sku,DOC036,0.3140221617190533,0
CHEM003,MOL05,2025-01,new_sku,DOC037,0.10754993752672,0
CHEM003,MOL05,2025-01,new_sku,DOC038,0.14882345442980338,0
CHEM003,MOL05,2025-01,new_sku,DOC045,0.10448281975293851,0
CHEM003,MOL05,2025-01,new_sku,DOC048,0.05917814967202428,0
CHEM101,MOL01,2025-06,new_sku,DOC001,0.04782618752279347,0
CHEM101,MOL01,2025-06,new_sku,DOC015,0.03304336373430224,0
CHEM101,MOL01,2025-06,new_sku,DOC030,0.058368330438042126,0
CHEM101,MOL01,2025-06,new_sku,DOC033,0.17524734677111922,0
CHEM101,MOL01,2025-06,new_sku,DOC043,0.045303907239953034,0
CHEM101,MOL01,2025-06,new_sku,DOC046,0.6402108642937899,0
CHEM142,MOL03,2025-06,new_sku,DOC008,0.06533395597092059,0
CHEM142,MOL03,2025-06,new_sku,DOC011,0.044287414585948225,0
CHEM142,MOL03,2025-06,new_sku,DOC014,0.045268251754544124,0
CHEM142,MOL03,2025-06,new_sku,DOC019,0.18716257363990196,0
CHEM142,MOL03,2025-06,new_sku,DOC020,0.05666215659906436,0
CHEM142,MOL03,2025-06,new_sku,DOC024,0.09639782662249974,0
CHEM142,MOL03,2025-06,new_sku,DOC027,0.05694586172973965,0
CHEM142,MOL03,2025-06,new_sku,DOC031,0.2049463876072547,0
CHEM142,MOL03,2025-06,new_sku,DOC033,0.046471512795442316,0
CHEM142,MOL03,2025-06,new_sku,DOC037,0.05007989253723056,0
CHEM142,MOL03,2025-06,new_sku,DOC043,0.09447489225260806,0
CHEM142,MOL03,2025-06,new_sku,DOC044,0.051969273904845785,0
CHEM003,MOL03,2025-05,new_sku,DOC006,0.11333664725742591,0
CHEM003,MOL03,2025-05,new_sku,DOC009,0.15096390127305132,0
CHEM003,MOL03,2025-05,new_sku,DOC012,0.12927262184386437,0
CHEM003,MOL03,2025-05,new_sku,DOC021,0.09350236359592011,0
CHEM003,MOL03,2025-05,new_sku,DOC028,0.09036666916952975,0
CHEM003,MOL03,2025-05,new_sku,DOC037,0.17207853358489855,0
CHEM003,MOL03,2025-05,new_sku,DOC040,0.11204590352532148,0
CHEM003,MOL03,2025-05,new_sku,DOC041,0.1384333597499884,0
CHEM115,MOL02,2025-05,new_sku,DOC005,0.11682201892772752,0
CHEM115,MOL02,2025-05,new_sku,DOC006,0.19253643780817725,0
CHEM115,MOL02,2025-05,new_sku,DOC013,0.04892598463322959,0
CHEM115,MOL02,2025-05,new_sku,DOC016,0.124441460987038,0
CHEM115,MOL02,2025-05,new_sku,DOC022,0.06770918218773476,0
CHEM115,MOL02,2025-05,new_sku,DOC023,0.14596300554667457,0
CHEM115,MOL02,2025-05,new_sku,DOC034,0.19685098439179663,0
CHEM115,MOL02,2025-05,new_sku,DOC039,0.03684531102884093,0
CHEM115,MOL02,2025-05,new_sku,DOC048,0.06990561448878077,0
CHEM078,MOL04,2025-05,new_sku,DOC001,0.3596282204745014,0
CHEM078,MOL04,2025-05,new_sku,DOC002,0.061545714952599265,0
CHEM078,MOL04,2025-05,new_sku,DOC013,0.06556937087192548,0
CHEM078,MOL04,2025-05,new_sku,DOC017,0.057944817916223135,0
CHEM078,MOL04,2025-05,new_sku,DOC020,0.03999169514324672,0
CHEM078,MOL04,2025-05,new_sku,DOC025,0.049403735146637054,0
CHEM078,MOL04,2025-05,new_sku,DOC027,0.10175692354995877,0
CHEM078,MOL04,2025-05,new_sku,DOC035,0.2641595219449082,0
CHEM096,MOL03,2025-06,new_sku,DOC007,0.0904959040349845,0
CHEM096,MOL03,2025-06,new_sku,DOC009,0.11980104384996444,0
CHEM096,MOL03,2025-06,new_sku,DOC021,0.21449791794599243,0
CHEM096,MOL03,2025-06,new_sku,DOC024,0.08782485976343461,0
CHEM096,MOL03,2025-06,new_sku,DOC028,0.2060638794485977,0
CHEM096,MOL03,2025-06,new_sku,DOC040,0.12781753026313525,0
CHEM096,MOL03,2025-06,new_sku,DOC044,0.1534988646938911,0
CHEM032,MOL01,2025-06,new_sku,DOC001,0.18157465481846358,0
CHEM032,MOL01,2025-06,new_sku,DOC015,0.21020298299301285,0
CHEM032,MOL01,2025-06,new_sku,DOC016,0.0742225433244779,0
CHEM032,MOL01,2025-06,new_sku,DOC030,0.13003840257089977,0
CHEM032,MOL01,2025-06,new_sku,DOC033,0.09567009529545883,0
CHEM032,MOL01,2025-06,new_sku,DOC041,0.067805946326231,0
CHEM032,MOL01,2025-06,new_sku,DOC043,0.15967002600316016,0
CHEM032,MOL01,2025-06,new_sku,DOC046,0.08081534866829593,0
CHEM060,MOL03,2025-03,new_sku,DOC006,0.15581524902476995,0
CHEM060,MOL03,2025-03,new_sku,DOC012,0.1191364617111595,0
CHEM060,MOL03,2025-03,new_sku,DOC015,0.08740992095118029,0
CHEM060,MOL03,2025-03,new_sku,DOC025,0.22129381311598484,0
CHEM060,MOL03,2025-03,new_sku,DOC027,0.11031060206079166,0
CHEM060,MOL03,2025-03,new_sku,DOC031,0.06075280395946154,0
CHEM060,MOL03,2025-03,new_sku,DOC037,0.07106623168897647,0
CHEM060,MOL03,2025-03,new_sku,DOC041,0.11078287693713454,0
CHEM060,MOL03,2025-03,new_sku,DOC043,0.06343204055054118,0
CHEM084,MOL05,2025-05,new_sku,DOC007,0.43255286488096323,0
CHEM084,MOL05,2025-05,new_sku,DOC008,0.13563773736969348,0
CHEM084,MOL05,2025-05,new_sku,DOC029,0.1397621190097221,0
CHEM084,MOL05,2025-05,new_sku,DOC044,0.12411206038457656,0
CHEM084,MOL05,2025-05,new_sku,DOC047,0.16793521835504463,0
CHEM117,MOL01,2025-02,new_sku,DOC016,0.17074558548201002,0
CHEM117,MOL01,2025-02,new_sku,DOC023,0.11783672437112701,0
CHEM117,MOL01,2025-02,new_sku,DOC026,0.12528623843211187,0
CHEM117,MOL01,2025-02,new_sku,DOC028,0.1025238018003182,0
CHEM117,MOL01,2025-02,new_sku,DOC032,0.09760129314828722,0
CHEM117,MOL01,2025-02,new_sku,DOC041,0.14312530228317485,0
CHEM117,MOL01,2025-02,new_sku,DOC045,0.24288105448297076,0
CHEM021,MOL01,2025-01,new_sku,DOC010,0.09054359891683954,0
CHEM021,MOL01,2025-01,new_sku,DOC029,0.10971926511537972,0
CHEM021,MOL01,2025-01,new_sku,DOC042,0.44001794490144897,0
CHEM021,MOL01,2025-01,new_sku,DOC049,0.15879818783314745,0
CHEM021,MOL01,2025-01,new_sku,DOC050,0.2009210032331843,0
CHEM122,MOL02,2025-04,new_sku,DOC004,0.03778986012170386,0
CHEM122,MOL02,2025-04,new_sku,DOC005,0.04390808544222434,0
CHEM122,MOL02,2025-04,new_sku,DOC006,0.06312848895463107,0
CHEM122,MOL02,2025-04,new_sku,DOC013,0.08590458699042515,0
CHEM122,MOL02,2025-04,new_sku,DOC016,0.09081940968588681,0
CHEM122,MOL02,2025-04,new_sku,DOC022,0.095290462051228,0
CHEM122,MOL02,2025-04,new_sku,DOC023,0.042017590095935885,0
CHEM122,MOL02,2025-04,new_sku,DOC030,0.0378935865008974,0
CHEM122,MOL02,2025-04,new_sku,DOC031,0.05520917619352275,0
CHEM122,MOL02,2025-04,new_sku,DOC032,0.045422758408438596,0
CHEM122,MOL02,2025-04,new_sku,DOC034,0.074087876740384,0
CHEM122,MOL02,2025-04,new_sku,DOC039,0.04341146054995605,0
CHEM122,MOL02,2025-04,new_sku,DOC048,0.2851166582647661,0
CHEM068,MOL05,2025-04,new_sku,DOC005,0.3586125052513901,0
CHEM068,MOL05,2025-04,new_sku,DOC012,0.2421251892521251,0
CHEM068,MOL05,2025-04,new_sku,DOC017,0.23371565245735945,0
CHEM068,MOL05,2025-04,new_sku,DOC048,0.16554665303912536,0
CHEM031,MOL03,2025-05,new_sku,DOC007,0.09377360354488944,0
CHEM031,MOL03,2025-05,new_sku,DOC008,0.2812595708799173,0
CHEM031,MOL03,2025-05,new_sku,DOC011,0.15602271151968672,0
CHEM031,MOL03,2025-05,new_sku,DOC014,0.1401510336654427,0
CHEM031,MOL03,2025-05,new_sku,DOC019,0.11614196710016957,0
CHEM031,MOL03,2025-05,new_sku,DOC020,0.13208074479146295,0
CHEM031,MOL03,2025-05,new_sku,DOC031,0.08057036849843137,0
CHEM134,MOL02,2025-01,new_sku,DOC004,0.24339019444129661,0
CHEM134,MOL02,2025-01,new_sku,DOC013,0.0979717476248481,0
CHEM134,MOL02,2025-01,new_sku,DOC030,0.28079497511276236,0
CHEM134,MOL02,2025-01,new_sku,DOC031,0.17071155914110522,0
CHEM134,MOL02,2025-01,new_sku,DOC046,0.20713152367998774,0
CHEM037,MOL02,2025-05,new_sku,DOC032,0.14840297417121473,0
CHEM037,MOL02,2025-05,new_sku,DOC042,0.8515970258287852,0
CHEM012,MOL04,2025-04,new_sku,DOC001,0.05941879716068299,0
CHEM012,MOL04,2025-04,new_sku,DOC002,0.06025668818681074,0
CHEM012,MOL04,2025-04,new_sku,DOC013,0.10401238881813836,0
CHEM012,MOL04,2025-04,new_sku,DOC017,0.33719038715055166,0
CHEM012,MOL04,2025-04,new_sku,DOC022,0.03849660466890218,0
CHEM012,MOL04,2025-04,new_sku,DOC025,0.15578716534047696,0
CHEM012,MOL04,2025-04,new_sku,DOC027,0.11910131120167507,0
CHEM012,MOL04,2025-04,new_sku,DOC034,0.05477142591580302,0
CHEM012,MOL04,2025-04,new_sku,DOC035,0.07096523155695907,0
CHEM116,MOL03,2025-04,new_sku,DOC015,0.10546870541565377,0
CHEM116,MOL03,2025-04,new_sku,DOC019,0.0765658923633597,0
CHEM116,MOL03,2025-04,new_sku,DOC020,0.09731419381329784,0
CHEM116,MOL03,2025-04,new_sku,DOC027,0.11186584107705795,0
CHEM116,MOL03,2025-04,new_sku,DOC031,0.11242628292374661,0
CHEM116,MOL03,2025-04,new_sku,DOC033,0.30879689345424455,0
CHEM116,MOL03,2025-04,new_sku,DOC043,0.1875621909526396,0
CHEM139,MOL01,2025-06,new_sku,DOC001,0.2762240380134506,0
CHEM139,MOL01,2025-06,new_sku,DOC015,0.3094821780701381,0
CHEM139,MOL01,2025-06,new_sku,DOC030,0.11190257426577925,0
CHEM139,MOL01,2025-06,new_sku,DOC033,0.09803336852808059,0
CHEM139,MOL01,2025-06,new_sku,DOC043,0.12351360531293348,0
CHEM139,MOL01,2025-06,new_sku,DOC046,0.08084423580961801,0
CHEM023,MOL02,2025-06,new_sku,DOC004,0.13903044243970633,0
CHEM023,MOL02,2025-06,new_sku,DOC030,0.20169877375172007,0
CHEM023,MOL02,2025-06,new_sku,DOC046,0.6592707838085736,0
CHEM114,MOL01,2025-05,new_sku,DOC029,0.16581725185750248,0
CHEM114,MOL01,2025-05,new_sku,DOC030,0.1696123178485226,0
CHEM114,MOL01,2025-05,new_sku,DOC032,0.11331456431073678,0
CHEM114,MOL01,2025-05,new_sku,DOC033,0.1224367211558497,0
CHEM114,MOL01,2025-05,new_sku,DOC043,0.1525738824651632,0
CHEM114,MOL01,2025-05,new_sku,DOC046,0.12455003181521442,0
CHEM114,MOL01,2025-05,new_sku,DOC049,0.15169523054701092,0
CHEM044,MOL01,2025-05,new_sku,DOC001,0.06901498436330938,0
CHEM044,MOL01,2025-05,new_sku,DOC010,0.07157126109616328,0
CHEM044,MOL01,2025-05,new_sku,DOC016,0.09883506980143023,0
CHEM044,MOL01,2025-05,new_sku,DOC029,0.10354412880906828,0
CHEM044,MOL01,2025-05,new_sku,DOC030,0.10519882324536818,0
CHEM044,MOL01,2025-05,new_sku,DOC032,0.17623580559859545,0
CHEM044,MOL01,2025-05,new_sku,DOC041,0.07201984896295621,0
CHEM044,MOL01,2025-05,new_sku,DOC043,0.12766891843504077,0
CHEM044,MOL01,2025-05,new_sku,DOC045,0.10388582139192308,0
CHEM044,MOL01,2025-05,new_sku,DOC049,0.07202533829614507,0
CHEM007,MOL01,2025-03,new_sku,DOC010,0.08639651671264699,0
CHEM007,MOL01,2025-03,new_sku,DOC016,0.13896608007920355,0
CHEM007,MOL01,2025-03,new_sku,DOC023,0.08124506383139068,0
CHEM007,MOL01,2025-03,new_sku,DOC026,0.1273801727510754,0
CHEM007,MOL01,2025-03,new_sku,DOC028,0.09864471404673264,0
CHEM007,MOL01,2025-03,new_sku,DOC032,0.11137020021480613,0
CHEM007,MOL01,2025-03,new_sku,DOC041,0.10041882743046525,0
CHEM007,MOL01,2025-03,new_sku,DOC045,0.25557842493367927,0
CHEM097,MOL01,2025-01,new_sku,DOC001,0.08155987580879508,0
CHEM097,MOL01,2025-01,new_sku,DOC015,0.06754371555116746,0
CHEM097,MOL01,2025-01,new_sku,DOC029,0.09867812426372792,0
CHEM097,MOL01,2025-01,new_sku,DOC030,0.20237200354721094,0
CHEM097,MOL01,2025-01,new_sku,DOC032,0.0858822003067815,0
CHEM097,MOL01,2025-01,new_sku,DOC033,0.10309932833697459,0
CHEM097,MOL01,2025-01,new_sku,DOC043,0.18230964527945398,0
CHEM097,MOL01,2025-01,new_sku,DOC046,0.09838077422458452,0
CHEM097,MOL01,2025-01,new_sku,DOC049,0.08017433268130403,0
CHEM142,MOL04,2025-01,new_sku,DOC001,0.05615349864670061,0
CHEM142,MOL04,2025-01,new_sku,DOC002,0.12860856840750023,0
CHEM142,MOL04,2025-01,new_sku,DOC010,0.05335326710474313,0
CHEM142,MOL04,2025-01,new_sku,DOC011,0.05470409997078443,0
CHEM142,MOL04,2025-01,new_sku,DOC013,0.07974012187594874,0
CHEM142,MOL04,2025-01,new_sku,DOC014,0.055915636363856144,0
CHEM142,MOL04,2025-01,new_sku,DOC017,0.05496467795896113,0
CHEM142,MOL04,2025-01,new_sku,DOC020,0.06998946107228701,0
CHEM142,MOL04,2025-01,new_sku,DOC022,0.07569031022690544,0
CHEM142,MOL04,2025-01,new_sku,DOC027,0.0703398954784447,0
CHEM142,MOL04,2025-01,new_sku,DOC034,0.05432682722501222,0
CHEM142,MOL04,2025-01,new_sku,DOC035,0.05720985723850598,0
CHEM142,MOL04,2025-01,new_sku,DOC039,0.0719895737776231,0
CHEM142,MOL04,2025-01,new_sku,DOC047,0.053349758988884305,0
CHEM142,MOL04,2025-01,new_sku,DOC049,0.06366444566384279,0
CHEM105,MOL02,2025-01,new_sku,DOC003,0.2213070781616951,0
CHEM105,MOL02,2025-01,new_sku,DOC009,0.24187954790822883,0
CHEM105,MOL02,2025-01,new_sku,DOC021,0.20484826053701338,0
CHEM105,MOL02,2025-01,new_sku,DOC026,0.23493087387185463,0
CHEM105,MOL02,2025-01,new_sku,DOC039,0.09703423952120807,0
CHEM146,MOL04,2025-04,new_sku,DOC001,0.05569669267784184,0
CHEM146,MOL04,2025-04,new_sku,DOC002,0.13030585316703067,0
CHEM146,MOL04,2025-04,new_sku,DOC010,0.0533563676366105,0
CHEM146,MOL04,2025-04,new_sku,DOC011,0.05402968944603009,0
CHEM146,MOL04,2025-04,new_sku,DOC013,0.08027605428019072,0
CHEM146,MOL04,2025-04,new_sku,DOC014,0.05528097443732044,0
CHEM146,MOL04,2025-04,new_sku,DOC017,0.055124805740738386,0
CHEM146,MOL04,2025-04,new_sku,DOC020,0.06824152560412468,0
CHEM146,MOL04,2025-04,new_sku,DOC022,0.07700855633630707,0
CHEM146,MOL04,2025-04,new_sku,DOC027,0.07031089834322884,0
CHEM146,MOL04,2025-04,new_sku,DOC034,0.05482516248133521,0
CHEM146,MOL04,2025-04,new_sku,DOC035,0.05683811104618138,0
CHEM146,MOL04,2025-04,new_sku,DOC039,0.07283958139816375,0
CHEM146,MOL04,2025-04,new_sku,DOC047,0.05319069665413739,0
CHEM146,MOL04,2025-04,new_sku,DOC049,0.06267503075075904,0
CHEM001,MOL04,2025-05,new_sku,DOC018,0.0670248808671993,0
CHEM001,MOL04,2025-05,new_sku,DOC022,0.09937949153760607,0
CHEM001,MOL04,2025-05,new_sku,DOC034,0.07494683883812224,0
CHEM001,MOL04,2025-05,new_sku,DOC036,0.31469368006956344,0
CHEM001,MOL04,2025-05,new_sku,DOC038,0.27378603930888795,0
CHEM001,MOL04,2025-05,new_sku,DOC039,0.08633503776358488,0
CHEM001,MOL04,2025-05,new_sku,DOC040,0.08383403161503603,0
CHEM145,MOL01,2025-03,new_sku,DOC010,0.06474420412794016,0
CHEM145,MOL01,2025-03,new_sku,DOC029,0.07155062062340718,0
CHEM145,MOL01,2025-03,new_sku,DOC042,0.5971485031821231,0
CHEM145,MOL01,2025-03,new_sku,DOC049,0.09578791100999366,0
CHEM145,MOL01,2025-03,new_sku,DOC050,0.17076876105653582,0
CHEM032,MOL02,2025-06,new_sku,DOC004,0.07402657733184868,0
CHEM032,MOL02,2025-06,new_sku,DOC005,0.06122794279646802,0
CHEM032,MOL02,2025-06,new_sku,DOC006,0.07049767534492336,0
CHEM032,MOL02,2025-06,new_sku,DOC013,0.20185800134140056,0
CHEM032,MOL02,2025-06,new_sku,DOC016,0.06615010062803302,0
CHEM032,MOL02,2025-06,new_sku,DOC022,0.06332138023747305,0
CHEM032,MOL02,2025-06,new_sku,DOC030,0.11589542786169671,0
CHEM032,MOL02,2025-06,new_sku,DOC031,0.10219794364913228,0
CHEM032,MOL02,2025-06,new_sku,DOC034,0.07188015842389647,0
CHEM032,MOL02,2025-06,new_sku,DOC046,0.07202587256174375,0
CHEM032,MOL02,2025-06,new_sku,DOC048,0.10091891982338405,0
CHEM067,MOL04,2025-03,new_sku,DOC013,0.13002346745948534,0
CHEM067,MOL04,2025-03,new_sku,DOC017,0.19885875906778705,0
CHEM067,MOL04,2025-03,new_sku,DOC025,0.2897760118779207,0
CHEM067,MOL04,2025-03,new_sku,DOC027,0.12566331951423404,0
CHEM067,MOL04,2025-03,new_sku,DOC034,0.15010507050185137,0
CHEM067,MOL04,2025-03,new_sku,DOC035,0.1055733715787215,0
CHEM088,MOL02,2025-04,new_sku,DOC005,0.10953291124915658,0
CHEM088,MOL02,2025-04,new_sku,DOC006,0.1148146656332676,0
CHEM088,MOL02,2025-04,new_sku,DOC013,0.1601595860568458,0
CHEM088,MOL02,2025-04,new_sku,DOC016,0.08555814486946085,0
CHEM088,MOL02,2025-04,new_sku,DOC022,0.07214044111703447,0
CHEM088,MOL02,2025-04,new_sku,DOC023,0.08957583837451522,0
CHEM088,MOL02,2025-04,new_sku,DOC030,0.07303228784540437,0
CHEM088,MOL02,2025-04,new_sku,DOC031,0.07336760438800302,0
CHEM088,MOL02,2025-04,new_sku,DOC034,0.1089778816958444,0
CHEM088,MOL02,2025-04,new_sku,DOC048,0.1128406387704678,0
CHEM003,MOL02,2025-04,new_sku,DOC003,0.07540346092479902,0
CHEM003,MOL02,2025-04,new_sku,DOC005,0.07424770782702551,0
CHEM003,MOL02,2025-04,new_sku,DOC006,0.08159173720824296,0
CHEM003,MOL02,2025-04,new_sku,DOC009,0.10867982474040311,0
CHEM003,MOL02,2025-04,new_sku,DOC016,0.10211176886881351,0
CHEM003,MOL02,2025-04,new_sku,DOC021,0.06731291654975295,0
CHEM003,MOL02,2025-04,new_sku,DOC022,0.09529167716468658,0
CHEM003,MOL02,2025-04,new_sku,DOC023,0.08776398185784769,0
CHEM003,MOL02,2025-04,new_sku,DOC026,0.07637128587942131,0
CHEM003,MOL02,2025-04,new_sku,DOC034,0.08556639610441556,0
CHEM003,MOL02,2025-04,new_sku,DOC039,0.07749545209450305,0
CHEM003,MOL02,2025-04,new_sku,DOC048,0.0681637907800887,0
CHEM138,MOL01,2025-06,new_sku,DOC029,0.16642614888405247,0
CHEM138,MOL01,2025-06,new_sku,DOC030,0.11503849077047208,0
CHEM138,MOL01,2025-06,new_sku,DOC032,0.09939207269443977,0
CHEM138,MOL01,2025-06,new_sku,DOC042,0.1071934769743496,0
CHEM138,MOL01,2025-06,new_sku,DOC043,0.10650415471907092,0
CHEM138,MOL01,2025-06,new_sku,DOC046,0.09957975752931361,0
CHEM138,MOL01,2025-06,new_sku,DOC049,0.1987204346935901,0
CHEM138,MOL01,2025-06,new_sku,DOC050,0.10714546373471141,0
CHEM008,MOL04,2025-06,new_sku,DOC010,0.07004729492131842,0
CHEM008,MOL04,2025-06,new_sku,DOC018,0.09574336788414746,0
CHEM008,MOL04,2025-06,new_sku,DOC022,0.104577411224179,0
CHEM008,MOL04,2025-06,new_sku,DOC034,0.0602013219202671,0
CHEM008,MOL04,2025-06,new_sku,DOC036,0.11019621815262727,0
CHEM008,MOL04,2025-06,new_sku,DOC038,0.24638126285350578,0
CHEM008,MOL04,2025-06,new_sku,DOC039,0.1599263756595306,0
CHEM008,MOL04,2025-06,new_sku,DOC040,0.09615552575444816,0
CHEM008,MOL04,2025-06,new_sku,DOC047,0.056771221629976255,0
CHEM092,MOL02,2025-01,new_sku,DOC004,0.2544927027587917,0
CHEM092,MOL02,2025-01,new_sku,DOC030,0.15335034615123083,0
CHEM092,MOL02,2025-01,new_sku,DOC031,0.18197454370091715,0
CHEM092,MOL02,2025-01,new_sku,DOC032,0.19634716171688862,0
CHEM092,MOL02,2025-01,new_sku,DOC042,0.21383524567217171,0
CHEM102,MOL01,2025-03,new_sku,DOC029,0.18445141987428346,0
CHEM102,MOL01,2025-03,new_sku,DOC030,0.11787459789314018,0
CHEM102,MOL01,2025-03,new_sku,DOC032,0.1103651238204477,0
CHEM102,MOL01,2025-03,new_sku,DOC033,0.08124088431321842,0
CHEM102,MOL01,2025-03,new_sku,DOC042,0.07989550396290969,0
CHEM102,MOL01,2025-03,new_sku,DOC043,0.11403263916455426,0
CHEM102,MOL01,2025-03,new_sku,DOC046,0.08076614662811417,0
CHEM102,MOL01,2025-03,new_sku,DOC049,0.14379542673204576,0
CHEM102,MOL01,2025-03,new_sku,DOC050,0.0875782576112864,0
CHEM033,MOL01,2025-02,new_sku,DOC010,0.11037500323678925,0
CHEM033,MOL01,2025-02,new_sku,DOC029,0.10253572707792447,0
CHEM033,MOL01,2025-02,new_sku,DOC032,0.06886194580373652,0
CHEM033,MOL01,2025-02,new_sku,DOC042,0.1506848361237717,0
CHEM033,MOL01,2025-02,new_sku,DOC049,0.10004863048713838,0
CHEM033,MOL01,2025-02,new_sku,DOC050,0.46749385727063963,0
CHEM059,MOL05,2025-06,new_sku,DOC002,0.0597962334741709,0
CHEM059,MOL05,2025-06,new_sku,DOC005,0.09633197264395249,0
CHEM059,MOL05,2025-06,new_sku,DOC012,0.17238099480207444,0
CHEM059,MOL05,2025-06,new_sku,DOC017,0.06024066156480543,0
CHEM059,MOL05,2025-06,new_sku,DOC024,0.05354790239063772,0
CHEM059,MOL05,2025-06,new_sku,DOC036,0.06433106866432582,0
CHEM059,MOL05,2025-06,new_sku,DOC037,0.16414555317013357,0
CHEM059,MOL05,2025-06,new_sku,DOC038,0.08282646752246656,0
CHEM059,MOL05,2025-06,new_sku,DOC045,0.13913205687544153,0
CHEM059,MOL05,2025-06,new_sku,DOC048,0.10726708889199145,0
CHEM111,MOL04,2025-03,new_sku,DOC010,0.07516030090643532,0
CHEM111,MOL04,2025-03,new_sku,DOC011,0.180460404347352,0
CHEM111,MOL04,2025-03,new_sku,DOC014,0.24633292665738246,0
CHEM111,MOL04,2025-03,new_sku,DOC039,0.04966297621625972,0
CHEM111,MOL04,2025-03,new_sku,DOC047,0.10384414160283625,0
CHEM111,MOL04,2025-03,new_sku,DOC049,0.15395664555172994,0
CHEM111,MOL04,2025-03,new_sku,DOC050,0.19058260471800437,0
CHEM120,MOL04,2025-03,new_sku,DOC018,0.07823604364190317,0
CHEM120,MOL04,2025-03,new_sku,DOC022,0.08713370285516284,0
CHEM120,MOL04,2025-03,new_sku,DOC034,0.06495581522745396,0
CHEM120,MOL04,2025-03,new_sku,DOC036,0.3453219105207308,0
CHEM120,MOL04,2025-03,new_sku,DOC038,0.22790915870443015,0
CHEM120,MOL04,2025-03,new_sku,DOC039,0.08874614493050541,0
CHEM120,MOL04,2025-03,new_sku,DOC040,0.1076972241198137,0
CHEM064,MOL01,2025-04,new_sku,DOC010,0.07861749594003155,0
CHEM064,MOL01,2025-04,new_sku,DOC016,0.06927235272278624,0
CHEM064,MOL01,2025-04,new_sku,DOC029,0.14406517679768363,0
CHEM064,MOL01,2025-04,new_sku,DOC030,0.0808426891620539,0
CHEM064,MOL01,2025-04,new_sku,DOC032,0.24025781938763877,0
CHEM064,MOL01,2025-04,new_sku,DOC042,0.06099192418240263,0
CHEM064,MOL01,2025-04,new_sku,DOC043,0.0901083785106466,0
CHEM064,MOL01,2025-04,new_sku,DOC045,0.07745352898945061,0
CHEM064,MOL01,2025-04,new_sku,DOC049,0.08469946791770343,0
CHEM064,MOL01,2025-04,new_sku,DOC050,0.07369116638960259,0
CHEM113,MOL01,2025-06,new_sku,DOC001,0.2682886170923762,0
CHEM113,MOL01,2025-06,new_sku,DOC015,0.35720305037209127,0
CHEM113,MOL01,2025-06,new_sku,DOC030,0.09978805434937424,0
CHEM113,MOL01,2025-06,new_sku,DOC033,0.09084013252639996,0
CHEM113,MOL01,2025-06,new_sku,DOC043,0.10868040965682106,0
CHEM113,MOL01,2025-06,new_sku,DOC046,0.07519973600293717,0
CHEM027,MOL01,2025-05,new_sku,DOC010,0.1438153612094475,0
CHEM027,MOL01,2025-05,new_sku,DOC016,0.07102554693258266,0
CHEM027,MOL01,2025-05,new_sku,DOC026,0.31540499616938733,0
CHEM027,MOL01,2025-05,new_sku,DOC028,0.19938527217910013,0
CHEM027,MOL01,2025-05,new_sku,DOC032,0.10380773406816285,0
CHEM027,MOL01,2025-05,new_sku,DOC045,0.09489535706123335,0
CHEM027,MOL01,2025-05,new_sku,DOC050,0.07166573238008613,0
CHEM098,MOL04,2025-01,new_sku,DOC001,0.08378116017890588,0
CHEM098,MOL04,2025-01,new_sku,DOC002,0.08710023663914856,0
CHEM098,MOL04,2025-01,new_sku,DOC020,0.6596719057106383,0
CHEM098,MOL04,2025-01,new_sku,DOC035,0.07939512546480543,0
CHEM098,MOL04,2025-01,new_sku,DOC049,0.09005157200650181,0
CHEM026,MOL03,2025-06,new_sku,DOC006,0.11092624945870798,0
CHEM026,MOL03,2025-06,new_sku,DOC012,0.09064297826149609,0
CHEM026,MOL03,2025-06,new_sku,DOC015,0.07646552041223921,0
CHEM026,MOL03,2025-06,new_sku,DOC019,0.0637402874502763,0
CHEM026,MOL03,2025-06,new_sku,DOC024,0.07132391708863904,0
CHEM026,MOL03,2025-06,new_sku,DOC025,0.08998389415802734,0
CHEM026,MOL03,2025-06,new_sku,DOC027,0.13007828224265788,0
CHEM026,MOL03,2025-06,new_sku,DOC031,0.09640507873029688,0
CHEM026,MOL03,2025-06,new_sku,DOC037,0.08956178850656712,0
CHEM026,MOL03,2025-06,new_sku,DOC041,0.09067718000764746,0
CHEM026,MOL03,2025-06,new_sku,DOC043,0.09019482368344467,0
CHEM061,MOL05,2025-05,new_sku,DOC002,0.04958685070048495,0
CHEM061,MOL05,2025-05,new_sku,DOC004,0.10170134673354529,0
CHEM061,MOL05,2025-05,new_sku,DOC007,0.03897367303235982,0
CHEM061,MOL05,2025-05,new_sku,DOC008,0.08678507707174285,0
CHEM061,MOL05,2025-05,new_sku,DOC019,0.37675863374659285,0
CHEM061,MOL05,2025-05,new_sku,DOC024,0.07139638460877402,0
CHEM061,MOL05,2025-05,new_sku,DOC029,0.11148880309537995,0
CHEM061,MOL05,2025-05,new_sku,DOC044,0.04921990793587945,0
CHEM061,MOL05,2025-05,new_sku,DOC045,0.03414270387547265,0
CHEM061,MOL05,2025-05,new_sku,DOC047,0.042258878112320264,0
CHEM061,MOL05,2025-05,new_sku,DOC048,0.03768774108744787,0
CHEM124,MOL03,2025-06,new_sku,DOC007,0.3961020086499092,0
CHEM124,MOL03,2025-06,new_sku,DOC008,0.08934042651456985,0
CHEM124,MOL03,2025-06,new_sku,DOC011,0.14541610108250727,0
CHEM124,MOL03,2025-06,new_sku,DOC014,0.16491467799235027,0
CHEM124,MOL03,2025-06,new_sku,DOC024,0.07458755398514318,0
CHEM124,MOL03,2025-06,new_sku,DOC044,0.12963923177552025,0
CHEM057,MOL03,2025-06,new_sku,DOC015,0.15607030099828742,0
CHEM057,MOL03,2025-06,new_sku,DOC020,0.19612557093632152,0
CHEM057,MOL03,2025-06,new_sku,DOC033,0.4674127720271409,0
CHEM057,MOL03,2025-06,new_sku,DOC043,0.1803913560382501,0
CHEM128,MOL03,2025-03,new_sku,DOC006,0.04939369995959258,0
CHEM128,MOL03,2025-03,new_sku,DOC012,0.04289310468135551,0
CHEM128,MOL03,2025-03,new_sku,DOC015,0.1592198184611537,0
CHEM128,MOL03,2025-03,new_sku,DOC025,0.08301238883980547,0
CHEM128,MOL03,2025-03,new_sku,DOC027,0.4262215309959878,0
CHEM128,MOL03,2025-03,new_sku,DOC031,0.06134289376871755,0
CHEM128,MOL03,2025-03,new_sku,DOC033,0.05472031600776672,0
CHEM128,MOL03,2025-03,new_sku,DOC041,0.041986268790287634,0
CHEM128,MOL03,2025-03,new_sku,DOC043,0.08120997849533296,0
CHEM031,MOL01,2025-03,new_sku,DOC029,0.22548877439242698,0
CHEM031,MOL01,2025-03,new_sku,DOC032,0.11940165453320505,0
CHEM031,MOL01,2025-03,new_sku,DOC042,0.1556514399834178,0
CHEM031,MOL01,2025-03,new_sku,DOC049,0.34801662912964654,0
CHEM031,MOL01,2025-03,new_sku,DOC050,0.15144150196130368,0
CHEM078,MOL03,2025-02,new_sku,DOC015,0.21539264392625676,0
CHEM078,MOL03,2025-02,new_sku,DOC020,0.07340588532336068,0
CHEM078,MOL03,2025-02,new_sku,DOC025,0.09068195043320447,0
CHEM078,MOL03,2025-02,new_sku,DOC027,0.18677770557639428,0
CHEM078,MOL03,2025-02,new_sku,DOC031,0.10459359664644252,0
CHEM078,MOL03,2025-02,new_sku,DOC033,0.16657383187745864,0
CHEM078,MOL03,2025-02,new_sku,DOC043,0.16257438621688272,0
CHEM036,MOL05,2025-02,new_sku,DOC004,0.06614653623791965,0
CHEM036,MOL05,2025-02,new_sku,DOC007,0.21033230704819134,0
CHEM036,MOL05,2025-02,new_sku,DOC008,0.14005203636528515,0
CHEM036,MOL05,2025-02,new_sku,DOC019,0.08590824016583631,0
CHEM036,MOL05,2025-02,new_sku,DOC024,0.07524721759199138,0
CHEM036,MOL05,2025-02,new_sku,DOC029,0.1770422860588114,0
CHEM036,MOL05,2025-02,new_sku,DOC044,0.10884076406585783,0
CHEM036,MOL05,2025-02,new_sku,DOC047,0.1364306124661069,0
CHEM109,MOL04,2025-06,new_sku,DOC001,0.05060061101114192,0
CHEM109,MOL04,2025-06,new_sku,DOC002,0.11233075238030657,0
CHEM109,MOL04,2025-06,new_sku,DOC013,0.16515957713727242,0
CHEM109,MOL04,2025-06,new_sku,DOC017,0.11096490899038255,0
CHEM109,MOL04,2025-06,new_sku,DOC022,0.09433997538664524,0
CHEM109,MOL04,2025-06,new_sku,DOC025,0.07934089991123407,0
CHEM109,MOL04,2025-06,new_sku,DOC027,0.09151661935364024,0
CHEM109,MOL04,2025-06,new_sku,DOC034,0.13861740623341365,0
CHEM109,MOL04,2025-06,new_sku,DOC035,0.05583909446218305,0
CHEM109,MOL04,2025-06,new_sku,DOC038,0.05194379633891127,0
CHEM109,MOL04,2025-06,new_sku,DOC039,0.049346358794868955,0
CHEM053,MOL04,2025-01,new_sku,DOC010,0.057365219466702186,0
CHEM053,MOL04,2025-01,new_sku,DOC011,0.21711346150263022,0
CHEM053,MOL04,2025-01,new_sku,DOC014,0.17191492371388042,0
CHEM053,MOL04,2025-01,new_sku,DOC020,0.07006679094156949,0
CHEM053,MOL04,2025-01,new_sku,DOC047,0.0690847200255566,0
CHEM053,MOL04,2025-01,new_sku,DOC049,0.3121241601640467,0
CHEM053,MOL04,2025-01,new_sku,DOC050,0.10233072418561438,0
CHEM049,MOL04,2025-01,new_sku,DOC010,0.08270126724504621,0
CHEM049,MOL04,2025-01,new_sku,DOC018,0.13356419206671272,0
CHEM049,MOL04,2025-01,new_sku,DOC022,0.09537968575649927,0
CHEM049,MOL04,2025-01,new_sku,DOC036,0.12792799315323244,0
CHEM049,MOL04,2025-01,new_sku,DOC038,0.20010722570413406,0
CHEM049,MOL04,2025-01,new_sku,DOC039,0.14819709751449295,0
CHEM049,MOL04,2025-01,new_sku,DOC040,0.1461735018901565,0
CHEM049,MOL04,2025-01,new_sku,DOC047,0.06594903666972589,0
CHEM018,MOL04,2025-02,new_sku,DOC001,0.1735245544054858,0
CHEM018,MOL04,2025-02,new_sku,DOC002,0.13667628565467196,0
CHEM018,MOL04,2025-02,new_sku,DOC013,0.11480113983236773,0
CHEM018,MOL04,2025-02,new_sku,DOC017,0.0875187902421804,0
CHEM018,MOL04,2025-02,new_sku,DOC020,0.11150433164624064,0
CHEM018,MOL04,2025-02,new_sku,DOC025,0.07359701376664923,0
CHEM018,MOL04,2025-02,new_sku,DOC027,0.14175187956528598,0
CHEM018,MOL04,2025-02,new_sku,DOC035,0.16062600488711823,0
