rep_id,doctor_id,molecule_id,month,hybrid_score,rank,days_since_last_visit,overdue_high_value,untapped_opportunity,urgent_intervention,nurture_new_prescriber,rep_overloaded
REP008,DOC002,MOL01,2025-01,100.0,1,6,0,0,0,0,0
REP004,DOC002,MOL01,2025-01,100.0,1,6,0,0,0,0,1
REP005,DOC002,MOL01,2025-01,100.0,1,6,0,0,0,0,1
REP003,DOC002,MOL01,2025-01,100.0,1,6,0,0,0,0,1
REP007,DOC002,MOL01,2025-01,100.0,1,6,0,0,0,0,1
REP007,DOC020,MOL01,2025-01,98.67439933719967,2,9,0,0,0,1,1
REP008,DOC020,MOL01,2025-01,98.67439933719967,2,9,0,0,0,1,0
REP004,DOC020,MOL01,2025-01,98.67439933719967,2,9,0,0,0,1,1
REP006,DOC020,MOL01,2025-01,98.67439933719967,2,9,0,0,0,1,1
REP005,DOC020,MOL01,2025-01,98.67439933719967,2,9,0,0,0,1,1
REP002,DOC043,MOL01,2025-01,96.71003141321178,3,24,0,0,0,1,0
REP008,DOC043,MOL01,2025-01,96.71003141321178,3,24,0,0,0,1,0
REP001,DOC043,MOL01,2025-01,96.71003141321178,3,24,0,0,0,1,1
REP005,DOC043,MOL01,2025-01,96.71003141321178,3,24,0,0,0,1,1
REP004,DOC043,MOL01,2025-01,96.71003141321178,3,24,0,0,0,1,1
REP008,DOC005,MOL01,2025-01,75.47638773819388,4,13,0,0,0,1,0
REP004,DOC005,MOL01,2025-01,75.47638773819388,4,13,0,0,0,1,1
REP002,DOC005,MOL01,2025-01,75.47638773819388,4,13,0,0,0,1,0
REP007,DOC005,MOL01,2025-01,75.47638773819388,4,13,0,0,0,1,1
REP003,DOC005,MOL01,2025-01,75.47638773819388,4,13,0,0,0,1,1
REP005,DOC005,MOL01,2025-01,75.47638773819388,4,13,0,0,0,1,1
REP006,DOC005,MOL01,2025-01,75.47638773819388,4,13,0,0,0,1,1
REP008,DOC041,MOL01,2025-01,73.22598773074378,5,19,0,0,0,1,0
REP007,DOC041,MOL01,2025-01,73.22598773074378,5,19,0,0,0,1,1
REP003,DOC041,MOL01,2025-01,73.22598773074378,5,19,0,0,0,1,1
REP006,DOC041,MOL01,2025-01,73.22598773074378,5,19,0,0,0,1,1
REP009,DOC038,MOL01,2025-01,67.02568351284175,6,96,1,0,0,1,1
REP010,DOC038,MOL01,2025-01,67.02568351284175,6,96,1,0,0,1,0
REP004,DOC038,MOL01,2025-01,67.02568351284175,6,96,1,0,0,1,1
REP002,DOC038,MOL01,2025-01,67.02568351284175,6,96,1,0,0,1,0
REP006,DOC038,MOL01,2025-01,67.02568351284175,6,96,1,0,0,1,1
REP005,DOC016,MOL01,2025-01,63.63494106497091,7,21,0,0,0,1,1
REP006,DOC016,MOL01,2025-01,63.63494106497091,7,21,0,0,0,1,1
REP009,DOC016,MOL01,2025-01,63.63494106497091,7,21,0,0,0,1,1
REP003,DOC016,MOL01,2025-01,63.63494106497091,7,21,0,0,0,1,1
REP001,DOC016,MOL01,2025-01,63.63494106497091,7,21,0,0,0,1,1
REP010,DOC016,MOL01,2025-01,63.63494106497091,7,21,0,0,0,1,0
REP007,DOC003,MOL01,2025-01,63.04888152444076,8,0,0,0,0,0,1
REP010,DOC003,MOL01,2025-01,63.04888152444076,8,0,0,0,0,0,0
REP005,DOC003,MOL01,2025-01,63.04888152444076,8,0,0,0,0,0,1
REP003,DOC003,MOL01,2025-01,63.04888152444076,8,0,0,0,0,0,1
REP002,DOC003,MOL01,2025-01,63.04888152444076,8,0,0,0,0,0,0
REP004,DOC003,MOL01,2025-01,63.04888152444076,8,0,0,0,0,0,1
REP006,DOC003,MOL01,2025-01,63.04888152444076,8,0,0,0,0,0,1
REP005,DOC026,MOL01,2025-01,62.23055120979093,9,10,0,0,0,1,1
REP001,DOC026,MOL01,2025-01,62.23055120979093,9,10,0,0,0,1,1
REP006,DOC026,MOL01,2025-01,62.23055120979093,9,10,0,0,0,1,1
REP009,DOC026,MOL01,2025-01,62.23055120979093,9,10,0,0,0,1,1
REP003,DOC026,MOL01,2025-01,62.23055120979093,9,10,0,0,0,1,1
REP004,DOC026,MOL01,2025-01,62.23055120979093,9,10,0,0,0,1,1
REP007,DOC026,MOL01,2025-01,62.23055120979093,9,10,0,0,0,1,1
REP008,DOC026,MOL01,2025-01,62.23055120979093,9,10,0,0,0,1,0
REP010,DOC045,MOL01,2025-01,56.34447363422071,10,14,0,0,0,1,0
REP007,DOC045,MOL01,2025-01,56.34447363422071,10,14,0,0,0,1,1
REP009,DOC045,MOL01,2025-01,56.34447363422071,10,14,0,0,0,1,1
REP001,DOC045,MOL01,2025-01,56.34447363422071,10,14,0,0,0,1,1
REP004,DOC045,MOL01,2025-01,56.34447363422071,10,14,0,0,0,1,1
REP006,DOC045,MOL01,2025-01,56.34447363422071,10,14,0,0,0,1,1
REP005,DOC045,MOL01,2025-01,56.34447363422071,10,14,0,0,0,1,1
REP008,DOC023,MOL01,2025-01,56.03590329226053,11,8,0,0,0,1,0
REP007,DOC023,MOL01,2025-01,56.03590329226053,11,8,0,0,0,1,1
REP004,DOC023,MOL01,2025-01,56.03590329226053,11,8,0,0,0,1,1
REP006,DOC023,MOL01,2025-01,56.03590329226053,11,8,0,0,0,1,1
REP002,DOC023,MOL01,2025-01,56.03590329226053,11,8,0,0,0,1,0
REP010,DOC023,MOL01,2025-01,56.03590329226053,11,8,0,0,0,1,0
REP006,DOC032,MOL01,2025-01,53.16960712245369,12,14,0,0,0,1,1
REP005,DOC032,MOL01,2025-01,53.16960712245369,12,14,0,0,0,1,1
REP010,DOC032,MOL01,2025-01,53.16960712245369,12,14,0,0,0,1,0
REP002,DOC032,MOL01,2025-01,53.16960712245369,12,14,0,0,0,1,0
REP009,DOC032,MOL01,2025-01,53.16960712245369,12,14,0,0,0,1,1
REP001,DOC032,MOL01,2025-01,53.16960712245369,12,14,0,0,0,1,1
REP007,DOC032,MOL01,2025-01,53.16960712245369,12,14,0,0,0,1,1
REP008,DOC030,MOL01,2025-01,49.642369843935,13,5,0,0,0,0,0
REP001,DOC030,MOL01,2025-01,49.642369843935,13,5,0,0,0,0,1
REP004,DOC030,MOL01,2025-01,49.642369843935,13,5,0,0,0,0,1
REP009,DOC030,MOL01,2025-01,49.642369843935,13,5,0,0,0,0,1
REP010,DOC030,MOL01,2025-01,49.642369843935,13,5,0,0,0,0,0
REP005,DOC030,MOL01,2025-01,49.642369843935,13,5,0,0,0,0,1
REP004,DOC017,MOL01,2025-01,46.147473073736535,14,11,0,0,0,1,1
REP005,DOC017,MOL01,2025-01,46.147473073736535,14,11,0,0,0,1,1
REP002,DOC017,MOL01,2025-01,46.147473073736535,14,11,0,0,0,1,0
REP001,DOC017,MOL01,2025-01,46.147473073736535,14,11,0,0,0,1,1
REP009,DOC017,MOL01,2025-01,46.147473073736535,14,11,0,0,0,1,1
REP006,DOC017,MOL01,2025-01,46.147473073736535,14,11,0,0,0,1,1
REP007,DOC017,MOL01,2025-01,46.147473073736535,14,11,0,0,0,1,1
REP002,DOC029,MOL01,2025-01,45.90833652116124,15,47,0,0,0,1,0
REP009,DOC029,MOL01,2025-01,45.90833652116124,15,47,0,0,0,1,1
REP003,DOC029,MOL01,2025-01,45.90833652116124,15,47,0,0,0,1,1
REP005,DOC029,MOL01,2025-01,45.90833652116124,15,47,0,0,0,1,1
REP004,DOC031,MOL01,2025-01,40.67937033968518,16,6,0,0,0,0,1
REP003,DOC031,MOL01,2025-01,40.67937033968518,16,6,0,0,0,0,1
REP007,DOC031,MOL01,2025-01,40.67937033968518,16,6,0,0,0,0,1
REP010,DOC031,MOL01,2025-01,40.67937033968518,16,6,0,0,0,0,0
REP006,DOC031,MOL01,2025-01,40.67937033968518,16,6,0,0,0,0,1
REP007,DOC049,MOL01,2025-01,32.34650312794156,17,11,0,0,0,1,1
REP002,DOC049,MOL01,2025-01,32.34650312794156,17,11,0,0,0,1,0
REP006,DOC049,MOL01,2025-01,32.34650312794156,17,11,0,0,0,1,1
REP003,DOC049,MOL01,2025-01,32.34650312794156,17,11,0,0,0,1,1
REP004,DOC049,MOL01,2025-01,32.34650312794156,17,11,0,0,0,1,1
REP002,DOC033,MOL01,2025-01,31.506737822478364,18,8,0,0,0,1,0
REP003,DOC033,MOL01,2025-01,31.506737822478364,18,8,0,0,0,1,1
REP009,DOC033,MOL01,2025-01,31.506737822478364,18,8,0,0,0,1,1
REP010,DOC033,MOL01,2025-01,31.506737822478364,18,8,0,0,0,1,0
REP007,DOC033,MOL01,2025-01,31.506737822478364,18,8,0,0,0,1,1
REP001,DOC033,MOL01,2025-01,31.506737822478364,18,8,0,0,0,1,1
REP002,DOC015,MOL01,2025-01,28.73928335650472,19,0,0,0,0,0,0
REP007,DOC015,MOL01,2025-01,28.73928335650472,19,0,0,0,0,0,1
REP001,DOC015,MOL01,2025-01,28.73928335650472,19,0,0,0,0,0,1
REP006,DOC015,MOL01,2025-01,28.73928335650472,19,0,0,0,0,0,1
REP003,DOC015,MOL01,2025-01,28.73928335650472,19,0,0,0,0,0,1
REP009,DOC046,MOL01,2025-01,27.67847405609028,20,9,0,0,0,1,1
REP003,DOC046,MOL01,2025-01,27.67847405609028,20,9,0,0,0,1,1
REP005,DOC046,MOL01,2025-01,27.67847405609028,20,9,0,0,0,1,1
REP002,DOC046,MOL01,2025-01,27.67847405609028,20,9,0,0,0,1,0
REP001,DOC046,MOL01,2025-01,27.67847405609028,20,9,0,0,0,1,1
REP010,DOC046,MOL01,2025-01,27.67847405609028,20,9,0,0,0,1,0
REP010,DOC001,MOL01,2025-01,27.387094729148053,21,12,0,0,0,1,0
REP002,DOC001,MOL01,2025-01,27.387094729148053,21,12,0,0,0,1,0
REP006,DOC001,MOL01,2025-01,27.387094729148053,21,12,0,0,0,1,1
REP007,DOC001,MOL01,2025-01,27.387094729148053,21,12,0,0,0,1,1
REP005,DOC001,MOL01,2025-01,27.387094729148053,21,12,0,0,0,1,1
REP008,DOC001,MOL01,2025-01,27.387094729148053,21,12,0,0,0,1,0
REP006,DOC027,MOL01,2025-01,26.014913007456503,22,1,0,0,0,0,1
REP009,DOC027,MOL01,2025-01,26.014913007456503,22,1,0,0,0,0,1
REP008,DOC027,MOL01,2025-01,26.014913007456503,22,1,0,0,0,0,0
REP007,DOC027,MOL01,2025-01,26.014913007456503,22,1,0,0,0,0,1
REP010,DOC027,MOL01,2025-01,26.014913007456503,22,1,0,0,0,0,0
REP006,DOC010,MOL01,2025-01,25.98426268792088,23,0,0,0,0,0,1
REP005,DOC010,MOL01,2025-01,25.98426268792088,23,0,0,0,0,0,1
REP009,DOC010,MOL01,2025-01,25.98426268792088,23,0,0,0,0,0,1
REP003,DOC010,MOL01,2025-01,25.98426268792088,23,0,0,0,0,0,1
REP007,DOC010,MOL01,2025-01,25.98426268792088,23,0,0,0,0,0,1
REP001,DOC010,MOL01,2025-01,25.98426268792088,23,0,0,0,0,0,1
REP008,DOC010,MOL01,2025-01,25.98426268792088,23,0,0,0,0,0,0
REP005,DOC028,MOL01,2025-01,22.486266036602203,24,72,0,0,0,1,1
REP006,DOC028,MOL01,2025-01,22.486266036602203,24,72,0,0,0,1,1
REP008,DOC028,MOL01,2025-01,22.486266036602203,24,72,0,0,0,1,0
REP003,DOC028,MOL01,2025-01,22.486266036602203,24,72,0,0,0,1,1
REP001,DOC028,MOL01,2025-01,22.486266036602203,24,72,0,0,0,1,1
REP007,DOC028,MOL01,2025-01,22.486266036602203,24,72,0,0,0,1,1
REP010,DOC007,MOL01,2025-01,20.29826014913008,25,7,0,0,0,0,0
REP002,DOC007,MOL01,2025-01,20.29826014913008,25,7,0,0,0,0,0
REP009,DOC007,MOL01,2025-01,20.29826014913008,25,7,0,0,0,0,1
REP006,DOC007,MOL01,2025-01,20.29826014913008,25,7,0,0,0,0,1
REP004,DOC007,MOL01,2025-01,20.29826014913008,25,7,0,0,0,0,1
REP005,DOC007,MOL01,2025-01,20.29826014913008,25,7,0,0,0,0,1
REP003,DOC007,MOL01,2025-01,20.29826014913008,25,7,0,0,0,0,1
REP010,DOC050,MOL01,2025-01,18.6070303699058,26,23,0,0,0,1,0
REP007,DOC050,MOL01,2025-01,18.6070303699058,26,23,0,0,0,1,1
REP004,DOC050,MOL01,2025-01,18.6070303699058,26,23,0,0,0,1,1
REP009,DOC050,MOL01,2025-01,18.6070303699058,26,23,0,0,0,1,1
REP003,DOC050,MOL01,2025-01,18.6070303699058,26,23,0,0,0,1,1
REP006,DOC050,MOL01,2025-01,18.6070303699058,26,23,0,0,0,1,1
REP009,DOC042,MOL01,2025-01,18.42098369439468,27,5,0,0,0,0,1
REP002,DOC042,MOL01,2025-01,18.42098369439468,27,5,0,0,0,0,0
REP001,DOC042,MOL01,2025-01,18.42098369439468,27,5,0,0,0,0,1
REP007,DOC042,MOL01,2025-01,18.42098369439468,27,5,0,0,0,0,1
REP006,DOC042,MOL01,2025-01,18.42098369439468,27,5,0,0,0,0,1
REP004,DOC014,MOL01,2025-01,10.35625517812759,28,9,0,0,0,1,1
REP009,DOC014,MOL01,2025-01,10.35625517812759,28,9,0,0,0,1,1
REP001,DOC014,MOL01,2025-01,10.35625517812759,28,9,0,0,0,1,1
REP006,DOC014,MOL01,2025-01,10.35625517812759,28,9,0,0,0,1,1
REP003,DOC014,MOL01,2025-01,10.35625517812759,28,9,0,0,0,1,1
REP008,DOC025,MOL01,2025-01,5.965202982601491,29,2,0,0,0,0,0
REP006,DOC025,MOL01,2025-01,5.965202982601491,29,2,0,0,0,0,1
REP002,DOC025,MOL01,2025-01,5.965202982601491,29,2,0,0,0,0,0
REP003,DOC025,MOL01,2025-01,5.965202982601491,29,2,0,0,0,0,1
REP007,DOC025,MOL01,2025-01,5.965202982601491,29,2,0,0,0,0,1
REP010,DOC025,MOL01,2025-01,5.965202982601491,29,2,0,0,0,0,0
REP009,DOC025,MOL01,2025-01,5.965202982601491,29,2,0,0,0,0,1
REP004,DOC025,MOL01,2025-01,5.965202982601491,29,2,0,0,0,0,1
REP001,DOC025,MOL01,2025-01,5.965202982601491,29,2,0,0,0,0,1
REP005,DOC011,MOL01,2025-01,0.0,30,11,0,0,0,0,1
REP007,DOC011,MOL01,2025-01,0.0,30,11,0,0,0,0,1
REP001,DOC011,MOL01,2025-01,0.0,30,11,0,0,0,0,1
REP008,DOC011,MOL01,2025-01,0.0,30,11,0,0,0,0,0
REP009,DOC011,MOL01,2025-01,0.0,30,11,0,0,0,0,1
REP002,DOC011,MOL01,2025-01,0.0,30,11,0,0,0,0,0
REP006,DOC011,MOL01,2025-01,0.0,30,11,0,0,0,0,1
REP004,DOC011,MOL01,2025-01,0.0,30,11,0,0,0,0,1
REP005,DOC011,MOL01,2025-02,100.0,1,11,0,0,0,0,1
REP007,DOC011,MOL01,2025-02,100.0,1,11,0,0,0,0,1
REP001,DOC011,MOL01,2025-02,100.0,1,11,0,0,0,0,1
REP008,DOC011,MOL01,2025-02,100.0,1,11,0,0,0,0,0
REP009,DOC011,MOL01,2025-02,100.0,1,11,0,0,0,0,1
REP002,DOC011,MOL01,2025-02,100.0,1,11,0,0,0,0,0
REP006,DOC011,MOL01,2025-02,100.0,1,11,0,0,0,0,1
REP004,DOC011,MOL01,2025-02,100.0,1,11,0,0,0,0,1
REP009,DOC035,MOL01,2025-02,87.42065781881132,2,61,1,0,0,1,1
REP003,DOC035,MOL01,2025-02,87.42065781881132,2,61,1,0,0,1,1
REP008,DOC035,MOL01,2025-02,87.42065781881132,2,61,1,0,0,1,0
REP004,DOC035,MOL01,2025-02,87.42065781881132,2,61,1,0,0,1,1
REP006,DOC035,MOL01,2025-02,87.42065781881132,2,61,1,0,0,1,1
REP010,DOC035,MOL01,2025-02,87.42065781881132,2,61,1,0,0,1,0
REP006,DOC032,MOL01,2025-02,57.78762779755249,3,14,0,0,0,0,1
REP005,DOC032,MOL01,2025-02,57.78762779755249,3,14,0,0,0,0,1
REP010,DOC032,MOL01,2025-02,57.78762779755249,3,14,0,0,0,0,0
REP002,DOC032,MOL01,2025-02,57.78762779755249,3,14,0,0,0,0,0
REP009,DOC032,MOL01,2025-02,57.78762779755249,3,14,0,0,0,0,1
REP001,DOC032,MOL01,2025-02,57.78762779755249,3,14,0,0,0,0,1
REP007,DOC032,MOL01,2025-02,57.78762779755249,3,14,0,0,0,0,1
REP010,DOC045,MOL01,2025-02,56.49360408495239,4,14,0,0,0,0,0
REP007,DOC045,MOL01,2025-02,56.49360408495239,4,14,0,0,0,0,1
REP009,DOC045,MOL01,2025-02,56.49360408495239,4,14,0,0,0,0,1
REP001,DOC045,MOL01,2025-02,56.49360408495239,4,14,0,0,0,0,1
REP004,DOC045,MOL01,2025-02,56.49360408495239,4,14,0,0,0,0,1
REP006,DOC045,MOL01,2025-02,56.49360408495239,4,14,0,0,0,0,1
REP005,DOC045,MOL01,2025-02,56.49360408495239,4,14,0,0,0,0,1
REP002,DOC021,MOL01,2025-02,56.08770917484132,5,14,0,0,0,1,0
REP010,DOC021,MOL01,2025-02,56.08770917484132,5,14,0,0,0,1,0
REP009,DOC021,MOL01,2025-02,56.08770917484132,5,14,0,0,0,1,1
REP003,DOC021,MOL01,2025-02,56.08770917484132,5,14,0,0,0,1,1
REP006,DOC021,MOL01,2025-02,56.08770917484132,5,14,0,0,0,1,1
REP007,DOC021,MOL01,2025-02,56.08770917484132,5,14,0,0,0,1,1
REP004,DOC021,MOL01,2025-02,56.08770917484132,5,14,0,0,0,1,1
REP001,DOC021,MOL01,2025-02,56.08770917484132,5,14,0,0,0,1,1
REP005,DOC016,MOL01,2025-02,54.63654629331225,6,21,0,0,0,0,1
REP006,DOC016,MOL01,2025-02,54.63654629331225,6,21,0,0,0,0,1
REP009,DOC016,MOL01,2025-02,54.63654629331225,6,21,0,0,0,0,1
REP003,DOC016,MOL01,2025-02,54.63654629331225,6,21,0,0,0,0,1
REP001,DOC016,MOL01,2025-02,54.63654629331225,6,21,0,0,0,0,1
REP010,DOC016,MOL01,2025-02,54.63654629331225,6,21,0,0,0,0,0
REP004,DOC014,MOL01,2025-02,46.393537218695904,7,9,0,0,0,0,1
REP009,DOC014,MOL01,2025-02,46.393537218695904,7,9,0,0,0,0,1
REP001,DOC014,MOL01,2025-02,46.393537218695904,7,9,0,0,0,0,1
REP006,DOC014,MOL01,2025-02,46.393537218695904,7,9,0,0,0,0,1
REP003,DOC014,MOL01,2025-02,46.393537218695904,7,9,0,0,0,0,1
REP010,DOC050,MOL01,2025-02,40.00852912486605,8,23,0,0,0,0,0
REP007,DOC050,MOL01,2025-02,40.00852912486605,8,23,0,0,0,0,1
REP004,DOC050,MOL01,2025-02,40.00852912486605,8,23,0,0,0,0,1
REP009,DOC050,MOL01,2025-02,40.00852912486605,8,23,0,0,0,0,1
REP003,DOC050,MOL01,2025-02,40.00852912486605,8,23,0,0,0,0,1
REP006,DOC050,MOL01,2025-02,40.00852912486605,8,23,0,0,0,0,1
REP005,DOC026,MOL01,2025-02,37.68929823761998,9,10,0,0,0,0,1
REP001,DOC026,MOL01,2025-02,37.68929823761998,9,10,0,0,0,0,1
REP006,DOC026,MOL01,2025-02,37.68929823761998,9,10,0,0,0,0,1
REP009,DOC026,MOL01,2025-02,37.68929823761998,9,10,0,0,0,0,1
REP003,DOC026,MOL01,2025-02,37.68929823761998,9,10,0,0,0,0,1
REP004,DOC026,MOL01,2025-02,37.68929823761998,9,10,0,0,0,0,1
REP007,DOC026,MOL01,2025-02,37.68929823761998,9,10,0,0,0,0,1
REP008,DOC026,MOL01,2025-02,37.68929823761998,9,10,0,0,0,0,0
REP005,DOC028,MOL01,2025-02,35.92012359637273,10,72,1,0,0,0,1
REP006,DOC028,MOL01,2025-02,35.92012359637273,10,72,1,0,0,0,1
REP008,DOC028,MOL01,2025-02,35.92012359637273,10,72,1,0,0,0,0
REP003,DOC028,MOL01,2025-02,35.92012359637273,10,72,1,0,0,0,1
REP001,DOC028,MOL01,2025-02,35.92012359637273,10,72,1,0,0,0,1
REP007,DOC028,MOL01,2025-02,35.92012359637273,10,72,1,0,0,0,1
REP008,DOC023,MOL01,2025-02,35.24186765546639,11,8,0,0,0,0,0
REP007,DOC023,MOL01,2025-02,35.24186765546639,11,8,0,0,0,0,1
REP004,DOC023,MOL01,2025-02,35.24186765546639,11,8,0,0,0,0,1
REP006,DOC023,MOL01,2025-02,35.24186765546639,11,8,0,0,0,0,1
REP002,DOC023,MOL01,2025-02,35.24186765546639,11,8,0,0,0,0,0
REP010,DOC023,MOL01,2025-02,35.24186765546639,11,8,0,0,0,0,0
REP008,DOC041,MOL01,2025-02,34.586350476717456,12,19,0,0,0,0,0
REP007,DOC041,MOL01,2025-02,34.586350476717456,12,19,0,0,0,0,1
REP003,DOC041,MOL01,2025-02,34.586350476717456,12,19,0,0,0,0,1
REP006,DOC041,MOL01,2025-02,34.586350476717456,12,19,0,0,0,0,1
REP004,DOC006,MOL01,2025-02,33.41027120600116,13,1,0,0,0,0,1
REP008,DOC006,MOL01,2025-02,33.41027120600116,13,1,0,0,0,0,0
REP010,DOC006,MOL01,2025-02,33.41027120600116,13,1,0,0,0,0,0
REP001,DOC034,MOL01,2025-02,33.41027120600116,13,6,0,0,0,0,1
REP003,DOC034,MOL01,2025-02,33.41027120600116,13,6,0,0,0,0,1
REP009,DOC034,MOL01,2025-02,33.41027120600116,13,6,0,0,0,0,1
REP006,DOC034,MOL01,2025-02,33.41027120600116,13,6,0,0,0,0,1
REP007,DOC034,MOL01,2025-02,33.41027120600116,13,6,0,0,0,0,1
REP005,DOC034,MOL01,2025-02,33.41027120600116,13,6,0,0,0,0,1
REP002,DOC034,MOL01,2025-02,33.41027120600116,13,6,0,0,0,0,0
REP006,DOC010,MOL01,2025-02,30.023053995087945,15,0,0,0,0,0,1
REP005,DOC010,MOL01,2025-02,30.023053995087945,15,0,0,0,0,0,1
REP009,DOC010,MOL01,2025-02,30.023053995087945,15,0,0,0,0,0,1
REP003,DOC010,MOL01,2025-02,30.023053995087945,15,0,0,0,0,0,1
REP007,DOC010,MOL01,2025-02,30.023053995087945,15,0,0,0,0,0,1
REP001,DOC010,MOL01,2025-02,30.023053995087945,15,0,0,0,0,0,1
REP008,DOC010,MOL01,2025-02,30.023053995087945,15,0,0,0,0,0,0
REP007,DOC003,MOL01,2025-02,27.524523946912872,16,0,0,0,0,0,1
REP010,DOC003,MOL01,2025-02,27.524523946912872,16,0,0,0,0,0,0
REP005,DOC003,MOL01,2025-02,27.524523946912872,16,0,0,0,0,0,1
REP003,DOC003,MOL01,2025-02,27.524523946912872,16,0,0,0,0,0,1
REP002,DOC003,MOL01,2025-02,27.524523946912872,16,0,0,0,0,0,0
REP004,DOC003,MOL01,2025-02,27.524523946912872,16,0,0,0,0,0,1
REP006,DOC003,MOL01,2025-02,27.524523946912872,16,0,0,0,0,0,1
REP009,DOC046,MOL01,2025-02,27.431783572211227,17,9,0,0,0,0,1
REP003,DOC046,MOL01,2025-02,27.431783572211227,17,9,0,0,0,0,1
REP005,DOC046,MOL01,2025-02,27.431783572211227,17,9,0,0,0,0,1
REP002,DOC046,MOL01,2025-02,27.431783572211227,17,9,0,0,0,0,0
REP001,DOC046,MOL01,2025-02,27.431783572211227,17,9,0,0,0,0,1
REP010,DOC046,MOL01,2025-02,27.431783572211227,17,9,0,0,0,0,0
REP002,DOC029,MOL01,2025-02,25.56176868933437,18,47,0,0,0,0,0
REP009,DOC029,MOL01,2025-02,25.56176868933437,18,47,0,0,0,0,1
REP003,DOC029,MOL01,2025-02,25.56176868933437,18,47,0,0,0,0,1
REP005,DOC029,MOL01,2025-02,25.56176868933437,18,47,0,0,0,0,1
REP007,DOC049,MOL01,2025-02,23.41156879754366,19,11,0,0,0,0,1
REP002,DOC049,MOL01,2025-02,23.41156879754366,19,11,0,0,0,0,0
REP006,DOC049,MOL01,2025-02,23.41156879754366,19,11,0,0,0,0,1
REP003,DOC049,MOL01,2025-02,23.41156879754366,19,11,0,0,0,0,1
REP004,DOC049,MOL01,2025-02,23.41156879754366,19,11,0,0,0,0,1
REP007,DOC020,MOL01,2025-02,20.31159838430468,20,9,0,0,0,0,1
REP008,DOC020,MOL01,2025-02,20.31159838430468,20,9,0,0,0,0,0
REP004,DOC020,MOL01,2025-02,20.31159838430468,20,9,0,0,0,0,1
REP006,DOC020,MOL01,2025-02,20.31159838430468,20,9,0,0,0,0,1
REP005,DOC020,MOL01,2025-02,20.31159838430468,20,9,0,0,0,0,1
REP009,DOC042,MOL01,2025-02,18.655856188762748,21,5,0,0,0,0,1
REP002,DOC042,MOL01,2025-02,18.655856188762748,21,5,0,0,0,0,0
REP001,DOC042,MOL01,2025-02,18.655856188762748,21,5,0,0,0,0,1
REP007,DOC042,MOL01,2025-02,18.655856188762748,21,5,0,0,0,0,1
REP006,DOC042,MOL01,2025-02,18.655856188762748,21,5,0,0,0,0,1
REP010,DOC001,MOL01,2025-02,17.52114725387725,22,12,0,0,0,0,0
REP002,DOC001,MOL01,2025-02,17.52114725387725,22,12,0,0,0,0,0
REP006,DOC001,MOL01,2025-02,17.52114725387725,22,12,0,0,0,0,1
REP007,DOC001,MOL01,2025-02,17.52114725387725,22,12,0,0,0,0,1
REP005,DOC001,MOL01,2025-02,17.52114725387725,22,12,0,0,0,0,1
REP008,DOC001,MOL01,2025-02,17.52114725387725,22,12,0,0,0,0,0
REP002,DOC015,MOL01,2025-02,15.337935441428456,23,0,0,0,0,0,0
REP007,DOC015,MOL01,2025-02,15.337935441428456,23,0,0,0,0,0,1
REP001,DOC015,MOL01,2025-02,15.337935441428456,23,0,0,0,0,0,1
REP006,DOC015,MOL01,2025-02,15.337935441428456,23,0,0,0,0,0,1
REP003,DOC015,MOL01,2025-02,15.337935441428456,23,0,0,0,0,0,1
REP002,DOC022,MOL01,2025-02,14.714368147720716,24,0,0,0,0,0,0
REP001,DOC022,MOL01,2025-02,14.714368147720716,24,0,0,0,0,0,1
REP006,DOC022,MOL01,2025-02,14.714368147720716,24,0,0,0,0,0,1
REP007,DOC022,MOL01,2025-02,14.714368147720716,24,0,0,0,0,0,1
REP004,DOC022,MOL01,2025-02,14.714368147720716,24,0,0,0,0,0,1
REP008,DOC030,MOL01,2025-02,12.80049641543812,25,5,0,0,0,0,0
REP001,DOC030,MOL01,2025-02,12.80049641543812,25,5,0,0,0,0,1
REP004,DOC030,MOL01,2025-02,12.80049641543812,25,5,0,0,0,0,1
REP009,DOC030,MOL01,2025-02,12.80049641543812,25,5,0,0,0,0,1
REP010,DOC030,MOL01,2025-02,12.80049641543812,25,5,0,0,0,0,0
REP005,DOC030,MOL01,2025-02,12.80049641543812,25,5,0,0,0,0,1
REP007,DOC012,MOL01,2025-02,11.944604731679169,26,13,0,0,0,1,1
REP001,DOC012,MOL01,2025-02,11.944604731679169,26,13,0,0,0,1,1
REP002,DOC033,MOL01,2025-02,10.292909712465384,27,8,0,0,0,0,0
REP003,DOC033,MOL01,2025-02,10.292909712465384,27,8,0,0,0,0,1
REP009,DOC033,MOL01,2025-02,10.292909712465384,27,8,0,0,0,0,1
REP010,DOC033,MOL01,2025-02,10.292909712465384,27,8,0,0,0,0,0
REP007,DOC033,MOL01,2025-02,10.292909712465384,27,8,0,0,0,0,1
REP001,DOC033,MOL01,2025-02,10.292909712465384,27,8,0,0,0,0,1
REP006,DOC027,MOL01,2025-02,10.271206001154068,28,1,0,0,0,0,1
REP009,DOC027,MOL01,2025-02,10.271206001154068,28,1,0,0,0,0,1
REP008,DOC027,MOL01,2025-02,10.271206001154068,28,1,0,0,0,0,0
REP007,DOC027,MOL01,2025-02,10.271206001154068,28,1,0,0,0,0,1
REP010,DOC027,MOL01,2025-02,10.271206001154068,28,1,0,0,0,0,0
REP002,DOC043,MOL01,2025-02,8.71708338070417,29,24,0,0,0,0,0
REP008,DOC043,MOL01,2025-02,8.71708338070417,29,24,0,0,0,0,0
REP001,DOC043,MOL01,2025-02,8.71708338070417,29,24,0,0,0,0,1
REP005,DOC043,MOL01,2025-02,8.71708338070417,29,24,0,0,0,0,1
REP004,DOC043,MOL01,2025-02,8.71708338070417,29,24,0,0,0,0,1
REP003,DOC018,MOL01,2025-02,8.482400461627236,30,20,0,0,0,1,1
REP009,DOC018,MOL01,2025-02,8.482400461627236,30,20,0,0,0,1,1
REP005,DOC018,MOL01,2025-02,8.482400461627236,30,20,0,0,0,1,1
REP001,DOC018,MOL01,2025-02,8.482400461627236,30,20,0,0,0,1,1
REP010,DOC018,MOL01,2025-02,8.482400461627236,30,20,0,0,0,1,0
REP003,DOC024,MOL01,2025-02,8.19388343912291,31,3,0,0,0,0,1
REP005,DOC024,MOL01,2025-02,8.19388343912291,31,3,0,0,0,0,1
REP006,DOC024,MOL01,2025-02,8.19388343912291,31,3,0,0,0,0,1
REP007,DOC024,MOL01,2025-02,8.19388343912291,31,3,0,0,0,0,1
REP008,DOC024,MOL01,2025-02,8.19388343912291,31,3,0,0,0,0,0
REP010,DOC024,MOL01,2025-02,8.19388343912291,31,3,0,0,0,0,0
REP001,DOC024,MOL01,2025-02,8.19388343912291,31,3,0,0,0,0,1
REP008,DOC005,MOL01,2025-02,7.270628967109059,32,13,0,0,0,0,0
REP004,DOC005,MOL01,2025-02,7.270628967109059,32,13,0,0,0,0,1
REP002,DOC005,MOL01,2025-02,7.270628967109059,32,13,0,0,0,0,0
REP007,DOC005,MOL01,2025-02,7.270628967109059,32,13,0,0,0,0,1
REP003,DOC005,MOL01,2025-02,7.270628967109059,32,13,0,0,0,0,1
REP005,DOC005,MOL01,2025-02,7.270628967109059,32,13,0,0,0,0,1
REP006,DOC005,MOL01,2025-02,7.270628967109059,32,13,0,0,0,0,1
REP004,DOC031,MOL01,2025-02,6.116560877091748,33,6,0,0,0,0,1
REP003,DOC031,MOL01,2025-02,6.116560877091748,33,6,0,0,0,0,1
REP007,DOC031,MOL01,2025-02,6.116560877091748,33,6,0,0,0,0,1
REP010,DOC031,MOL01,2025-02,6.116560877091748,33,6,0,0,0,0,0
REP006,DOC031,MOL01,2025-02,6.116560877091748,33,6,0,0,0,0,1
REP001,DOC039,MOL01,2025-02,4.5008655510675135,34,2,0,0,0,0,1
REP007,DOC039,MOL01,2025-02,4.5008655510675135,34,2,0,0,0,0,1
REP005,DOC039,MOL01,2025-02,4.5008655510675135,34,2,0,0,0,0,1
REP008,DOC039,MOL01,2025-02,4.5008655510675135,34,2,0,0,0,0,0
REP010,DOC039,MOL01,2025-02,4.5008655510675135,34,2,0,0,0,0,0
REP003,DOC039,MOL01,2025-02,4.5008655510675135,34,2,0,0,0,0,1
REP004,DOC039,MOL01,2025-02,4.5008655510675135,34,2,0,0,0,0,1
REP005,DOC019,MOL01,2025-02,0.0,35,31,0,0,0,0,1
REP003,DOC019,MOL01,2025-02,0.0,35,31,0,0,0,0,1
REP009,DOC019,MOL01,2025-02,0.0,35,31,0,0,0,0,1
REP002,DOC019,MOL01,2025-02,0.0,35,31,0,0,0,0,0
REP001,DOC019,MOL01,2025-02,0.0,35,31,0,0,0,0,1
REP010,DOC019,MOL01,2025-02,0.0,35,31,0,0,0,0,0
REP004,DOC019,MOL01,2025-02,0.0,35,31,0,0,0,0,1
REP008,DOC019,MOL01,2025-02,0.0,35,31,0,0,0,0,0
REP002,DOC029,MOL01,2025-03,100.0,1,47,1,0,0,0,0
REP009,DOC029,MOL01,2025-03,100.0,1,47,1,0,0,0,1
REP003,DOC029,MOL01,2025-03,100.0,1,47,1,0,0,0,1
REP005,DOC029,MOL01,2025-03,100.0,1,47,1,0,0,0,1
REP009,DOC038,MOL01,2025-03,80.42545799952993,2,96,1,0,0,0,1
REP010,DOC038,MOL01,2025-03,80.42545799952993,2,96,1,0,0,0,0
REP004,DOC038,MOL01,2025-03,80.42545799952993,2,96,1,0,0,0,1
REP002,DOC038,MOL01,2025-03,80.42545799952993,2,96,1,0,0,0,0
REP006,DOC038,MOL01,2025-03,80.42545799952993,2,96,1,0,0,0,1
REP006,DOC032,MOL01,2025-03,78.90758733400307,3,14,0,0,0,0,1
REP005,DOC032,MOL01,2025-03,78.90758733400307,3,14,0,0,0,0,1
REP010,DOC032,MOL01,2025-03,78.90758733400307,3,14,0,0,0,0,0
REP002,DOC032,MOL01,2025-03,78.90758733400307,3,14,0,0,0,0,0
REP009,DOC032,MOL01,2025-03,78.90758733400307,3,14,0,0,0,0,1
REP001,DOC032,MOL01,2025-03,78.90758733400307,3,14,0,0,0,0,1
REP007,DOC032,MOL01,2025-03,78.90758733400307,3,14,0,0,0,0,1
REP005,DOC026,MOL01,2025-03,75.1645701142397,4,10,0,0,0,0,1
REP001,DOC026,MOL01,2025-03,75.1645701142397,4,10,0,0,0,0,1
REP006,DOC026,MOL01,2025-03,75.1645701142397,4,10,0,0,0,0,1
REP009,DOC026,MOL01,2025-03,75.1645701142397,4,10,0,0,0,0,1
REP003,DOC026,MOL01,2025-03,75.1645701142397,4,10,0,0,0,0,1
REP004,DOC026,MOL01,2025-03,75.1645701142397,4,10,0,0,0,0,1
REP007,DOC026,MOL01,2025-03,75.1645701142397,4,10,0,0,0,0,1
REP008,DOC026,MOL01,2025-03,75.1645701142397,4,10,0,0,0,0,0
REP007,DOC003,MOL01,2025-03,71.80590049913744,5,0,0,0,0,0,1
REP010,DOC003,MOL01,2025-03,71.80590049913744,5,0,0,0,0,0,0
REP005,DOC003,MOL01,2025-03,71.80590049913744,5,0,0,0,0,0,1
REP003,DOC003,MOL01,2025-03,71.80590049913744,5,0,0,0,0,0,1
REP002,DOC003,MOL01,2025-03,71.80590049913744,5,0,0,0,0,0,0
REP004,DOC003,MOL01,2025-03,71.80590049913744,5,0,0,0,0,0,1
REP006,DOC003,MOL01,2025-03,71.80590049913744,5,0,0,0,0,0,1
REP007,DOC049,MOL01,2025-03,65.89289642955993,6,11,0,0,0,0,1
REP002,DOC049,MOL01,2025-03,65.89289642955993,6,11,0,0,0,0,0
REP006,DOC049,MOL01,2025-03,65.89289642955993,6,11,0,0,0,0,1
REP003,DOC049,MOL01,2025-03,65.89289642955993,6,11,0,0,0,0,1
REP004,DOC049,MOL01,2025-03,65.89289642955993,6,11,0,0,0,0,1
REP010,DOC001,MOL01,2025-03,62.76304009838773,7,12,0,0,0,0,0
REP002,DOC001,MOL01,2025-03,62.76304009838773,7,12,0,0,0,0,0
REP006,DOC001,MOL01,2025-03,62.76304009838773,7,12,0,0,0,0,1
REP007,DOC001,MOL01,2025-03,62.76304009838773,7,12,0,0,0,0,1
REP005,DOC001,MOL01,2025-03,62.76304009838773,7,12,0,0,0,0,1
REP008,DOC001,MOL01,2025-03,62.76304009838773,7,12,0,0,0,0,0
REP005,DOC016,MOL01,2025-03,60.60881524282019,8,21,0,0,0,0,1
REP006,DOC016,MOL01,2025-03,60.60881524282019,8,21,0,0,0,0,1
REP009,DOC016,MOL01,2025-03,60.60881524282019,8,21,0,0,0,0,1
REP003,DOC016,MOL01,2025-03,60.60881524282019,8,21,0,0,0,0,1
REP001,DOC016,MOL01,2025-03,60.60881524282019,8,21,0,0,0,0,1
REP010,DOC016,MOL01,2025-03,60.60881524282019,8,21,0,0,0,0,0
REP002,DOC015,MOL01,2025-03,58.52422424774066,9,0,0,0,0,0,0
REP007,DOC015,MOL01,2025-03,58.52422424774066,9,0,0,0,0,0,1
REP001,DOC015,MOL01,2025-03,58.52422424774066,9,0,0,0,0,0,1
REP006,DOC015,MOL01,2025-03,58.52422424774066,9,0,0,0,0,0,1
REP003,DOC015,MOL01,2025-03,58.52422424774066,9,0,0,0,0,0,1
REP009,DOC042,MOL01,2025-03,52.18264900002024,10,5,0,0,0,0,1
REP002,DOC042,MOL01,2025-03,52.18264900002024,10,5,0,0,0,0,0
REP001,DOC042,MOL01,2025-03,52.18264900002024,10,5,0,0,0,0,1
REP007,DOC042,MOL01,2025-03,52.18264900002024,10,5,0,0,0,0,1
REP006,DOC042,MOL01,2025-03,52.18264900002024,10,5,0,0,0,0,1
REP008,DOC030,MOL01,2025-03,47.08789006620874,11,5,0,0,0,0,0
REP001,DOC030,MOL01,2025-03,47.08789006620874,11,5,0,0,0,0,1
REP004,DOC030,MOL01,2025-03,47.08789006620874,11,5,0,0,0,0,1
REP009,DOC030,MOL01,2025-03,47.08789006620874,11,5,0,0,0,0,1
REP010,DOC030,MOL01,2025-03,47.08789006620874,11,5,0,0,0,0,0
REP005,DOC030,MOL01,2025-03,47.08789006620874,11,5,0,0,0,0,1
REP002,DOC043,MOL01,2025-03,43.86812749601282,12,24,0,0,0,0,0
REP008,DOC043,MOL01,2025-03,43.86812749601282,12,24,0,0,0,0,0
REP001,DOC043,MOL01,2025-03,43.86812749601282,12,24,0,0,0,0,1
REP005,DOC043,MOL01,2025-03,43.86812749601282,12,24,0,0,0,0,1
REP004,DOC043,MOL01,2025-03,43.86812749601282,12,24,0,0,0,0,1
REP006,DOC009,MOL01,2025-03,40.60452706796462,13,44,0,0,0,1,1
REP001,DOC009,MOL01,2025-03,40.60452706796462,13,44,0,0,0,1,1
REP004,DOC009,MOL01,2025-03,40.60452706796462,13,44,0,0,0,1,1
REP002,DOC009,MOL01,2025-03,40.60452706796462,13,44,0,0,0,1,0
REP007,DOC009,MOL01,2025-03,40.60452706796462,13,44,0,0,0,1,1
REP006,DOC010,MOL01,2025-03,37.42641921145714,14,0,0,0,0,0,1
REP005,DOC010,MOL01,2025-03,37.42641921145714,14,0,0,0,0,0,1
REP009,DOC010,MOL01,2025-03,37.42641921145714,14,0,0,0,0,0,1
REP003,DOC010,MOL01,2025-03,37.42641921145714,14,0,0,0,0,0,1
REP007,DOC010,MOL01,2025-03,37.42641921145714,14,0,0,0,0,0,1
REP001,DOC010,MOL01,2025-03,37.42641921145714,14,0,0,0,0,0,1
REP008,DOC010,MOL01,2025-03,37.42641921145714,14,0,0,0,0,0,0
REP008,DOC023,MOL01,2025-03,34.12503491923424,15,8,0,0,0,0,0
REP007,DOC023,MOL01,2025-03,34.12503491923424,15,8,0,0,0,0,1
REP004,DOC023,MOL01,2025-03,34.12503491923424,15,8,0,0,0,0,1
REP006,DOC023,MOL01,2025-03,34.12503491923424,15,8,0,0,0,0,1
REP002,DOC023,MOL01,2025-03,34.12503491923424,15,8,0,0,0,0,0
REP010,DOC023,MOL01,2025-03,34.12503491923424,15,8,0,0,0,0,0
REP008,DOC041,MOL01,2025-03,33.42456464728249,16,19,0,0,0,0,0
REP007,DOC041,MOL01,2025-03,33.42456464728249,16,19,0,0,0,0,1
REP003,DOC041,MOL01,2025-03,33.42456464728249,16,19,0,0,0,0,1
REP006,DOC041,MOL01,2025-03,33.42456464728249,16,19,0,0,0,0,1
REP010,DOC045,MOL01,2025-03,32.562376807177905,17,14,0,0,0,0,0
REP007,DOC045,MOL01,2025-03,32.562376807177905,17,14,0,0,0,0,1
REP009,DOC045,MOL01,2025-03,32.562376807177905,17,14,0,0,0,0,1
REP001,DOC045,MOL01,2025-03,32.562376807177905,17,14,0,0,0,0,1
REP004,DOC045,MOL01,2025-03,32.562376807177905,17,14,0,0,0,0,1
REP006,DOC045,MOL01,2025-03,32.562376807177905,17,14,0,0,0,0,1
REP005,DOC045,MOL01,2025-03,32.562376807177905,17,14,0,0,0,0,1
REP005,DOC028,MOL01,2025-03,29.13324332247208,18,72,0,0,0,0,1
REP006,DOC028,MOL01,2025-03,29.13324332247208,18,72,0,0,0,0,1
REP008,DOC028,MOL01,2025-03,29.13324332247208,18,72,0,0,0,0,0
REP003,DOC028,MOL01,2025-03,29.13324332247208,18,72,0,0,0,0,1
REP001,DOC028,MOL01,2025-03,29.13324332247208,18,72,0,0,0,0,1
REP007,DOC028,MOL01,2025-03,29.13324332247208,18,72,0,0,0,0,1
REP008,DOC025,MOL01,2025-03,27.7820448359758,19,2,0,0,0,0,0
REP006,DOC025,MOL01,2025-03,27.7820448359758,19,2,0,0,0,0,1
REP002,DOC025,MOL01,2025-03,27.7820448359758,19,2,0,0,0,0,0
REP003,DOC025,MOL01,2025-03,27.7820448359758,19,2,0,0,0,0,1
REP007,DOC025,MOL01,2025-03,27.7820448359758,19,2,0,0,0,0,1
REP010,DOC025,MOL01,2025-03,27.7820448359758,19,2,0,0,0,0,0
REP009,DOC025,MOL01,2025-03,27.7820448359758,19,2,0,0,0,0,1
REP004,DOC025,MOL01,2025-03,27.7820448359758,19,2,0,0,0,0,1
REP001,DOC025,MOL01,2025-03,27.7820448359758,19,2,0,0,0,0,1
REP010,DOC050,MOL01,2025-03,25.082471179632783,20,23,0,0,0,0,0
REP007,DOC050,MOL01,2025-03,25.082471179632783,20,23,0,0,0,0,1
REP004,DOC050,MOL01,2025-03,25.082471179632783,20,23,0,0,0,0,1
REP009,DOC050,MOL01,2025-03,25.082471179632783,20,23,0,0,0,0,1
REP003,DOC050,MOL01,2025-03,25.082471179632783,20,23,0,0,0,0,1
REP006,DOC050,MOL01,2025-03,25.082471179632783,20,23,0,0,0,0,1
REP002,DOC033,MOL01,2025-03,24.777556077012186,21,8,0,0,0,0,0
REP003,DOC033,MOL01,2025-03,24.777556077012186,21,8,0,0,0,0,1
REP009,DOC033,MOL01,2025-03,24.777556077012186,21,8,0,0,0,0,1
REP010,DOC033,MOL01,2025-03,24.777556077012186,21,8,0,0,0,0,0
REP007,DOC033,MOL01,2025-03,24.777556077012186,21,8,0,0,0,0,1
REP001,DOC033,MOL01,2025-03,24.777556077012186,21,8,0,0,0,0,1
REP004,DOC031,MOL01,2025-03,23.935300166379143,22,6,0,0,0,0,1
REP003,DOC031,MOL01,2025-03,23.935300166379143,22,6,0,0,0,0,1
REP007,DOC031,MOL01,2025-03,23.935300166379143,22,6,0,0,0,0,1
REP010,DOC031,MOL01,2025-03,23.935300166379143,22,6,0,0,0,0,0
REP006,DOC031,MOL01,2025-03,23.935300166379143,22,6,0,0,0,0,1
REP009,DOC046,MOL01,2025-03,17.4499019176201,23,9,0,0,0,0,1
REP003,DOC046,MOL01,2025-03,17.4499019176201,23,9,0,0,0,0,1
REP005,DOC046,MOL01,2025-03,17.4499019176201,23,9,0,0,0,0,1
REP002,DOC046,MOL01,2025-03,17.4499019176201,23,9,0,0,0,0,0
REP001,DOC046,MOL01,2025-03,17.4499019176201,23,9,0,0,0,0,1
REP010,DOC046,MOL01,2025-03,17.4499019176201,23,9,0,0,0,0,0
REP010,DOC007,MOL01,2025-03,9.26068161199193,24,7,0,0,0,0,0
REP002,DOC007,MOL01,2025-03,9.26068161199193,24,7,0,0,0,0,0
REP009,DOC007,MOL01,2025-03,9.26068161199193,24,7,0,0,0,0,1
REP006,DOC007,MOL01,2025-03,9.26068161199193,24,7,0,0,0,0,1
REP004,DOC007,MOL01,2025-03,9.26068161199193,24,7,0,0,0,0,1
REP005,DOC007,MOL01,2025-03,9.26068161199193,24,7,0,0,0,0,1
REP003,DOC007,MOL01,2025-03,9.26068161199193,24,7,0,0,0,0,1
REP007,DOC012,MOL01,2025-03,7.8359613639931744,25,13,0,0,0,0,1
REP001,DOC012,MOL01,2025-03,7.8359613639931744,25,13,0,0,0,0,1
REP004,DOC017,MOL01,2025-03,6.981129215193918,26,11,0,0,0,0,1
REP005,DOC017,MOL01,2025-03,6.981129215193918,26,11,0,0,0,0,1
REP002,DOC017,MOL01,2025-03,6.981129215193918,26,11,0,0,0,0,0
REP001,DOC017,MOL01,2025-03,6.981129215193918,26,11,0,0,0,0,1
REP009,DOC017,MOL01,2025-03,6.981129215193918,26,11,0,0,0,0,1
REP006,DOC017,MOL01,2025-03,6.981129215193918,26,11,0,0,0,0,1
REP007,DOC017,MOL01,2025-03,6.981129215193918,26,11,0,0,0,0,1
REP008,DOC005,MOL01,2025-03,5.770117004394973,27,13,0,0,0,0,0
REP004,DOC005,MOL01,2025-03,5.770117004394973,27,13,0,0,0,0,1
REP002,DOC005,MOL01,2025-03,5.770117004394973,27,13,0,0,0,0,0
REP007,DOC005,MOL01,2025-03,5.770117004394973,27,13,0,0,0,0,1
REP003,DOC005,MOL01,2025-03,5.770117004394973,27,13,0,0,0,0,1
REP005,DOC005,MOL01,2025-03,5.770117004394973,27,13,0,0,0,0,1
REP006,DOC005,MOL01,2025-03,5.770117004394973,27,13,0,0,0,0,1
REP008,DOC002,MOL01,2025-03,0.0712360123999378,28,6,0,0,0,0,0
REP004,DOC002,MOL01,2025-03,0.0712360123999378,28,6,0,0,0,0,1
REP005,DOC002,MOL01,2025-03,0.0712360123999378,28,6,0,0,0,0,1
REP003,DOC002,MOL01,2025-03,0.0712360123999378,28,6,0,0,0,0,1
REP007,DOC002,MOL01,2025-03,0.0712360123999378,28,6,0,0,0,0,1
REP010,DOC036,MOL01,2025-03,0.0,29,4,0,0,0,0,0
REP009,DOC036,MOL01,2025-03,0.0,29,4,0,0,0,0,1
REP007,DOC036,MOL01,2025-03,0.0,29,4,0,0,0,0,1
REP005,DOC036,MOL01,2025-03,0.0,29,4,0,0,0,0,1
REP001,DOC036,MOL01,2025-03,0.0,29,4,0,0,0,0,1
REP004,DOC036,MOL01,2025-03,0.0,29,4,0,0,0,0,1
REP006,DOC036,MOL01,2025-03,0.0,29,4,0,0,0,0,1
REP002,DOC036,MOL01,2025-03,0.0,29,4,0,0,0,0,0
REP009,DOC048,MOL01,2025-04,100.0,1,13,0,0,0,1,1
REP010,DOC048,MOL01,2025-04,100.0,1,13,0,0,0,1,0
REP004,DOC048,MOL01,2025-04,100.0,1,13,0,0,0,1,1
REP001,DOC048,MOL01,2025-04,100.0,1,13,0,0,0,1,1
REP002,DOC048,MOL01,2025-04,100.0,1,13,0,0,0,1,0
REP006,DOC048,MOL01,2025-04,100.0,1,13,0,0,0,1,1
REP003,DOC048,MOL01,2025-04,100.0,1,13,0,0,0,1,1
REP008,DOC048,MOL01,2025-04,100.0,1,13,0,0,0,1,0
REP008,DOC030,MOL01,2025-04,51.58303002072743,2,5,0,0,0,0,0
REP001,DOC030,MOL01,2025-04,51.58303002072743,2,5,0,0,0,0,1
REP004,DOC030,MOL01,2025-04,51.58303002072743,2,5,0,0,0,0,1
REP009,DOC030,MOL01,2025-04,51.58303002072743,2,5,0,0,0,0,1
REP010,DOC030,MOL01,2025-04,51.58303002072743,2,5,0,0,0,0,0
REP005,DOC030,MOL01,2025-04,51.58303002072743,2,5,0,0,0,0,1
REP008,DOC041,MOL01,2025-04,51.57836910317874,3,19,0,0,0,0,0
REP007,DOC041,MOL01,2025-04,51.57836910317874,3,19,0,0,0,0,1
REP003,DOC041,MOL01,2025-04,51.57836910317874,3,19,0,0,0,0,1
REP006,DOC041,MOL01,2025-04,51.57836910317874,3,19,0,0,0,0,1
REP005,DOC016,MOL01,2025-04,48.10261220980976,4,21,0,0,0,0,1
REP006,DOC016,MOL01,2025-04,48.10261220980976,4,21,0,0,0,0,1
REP009,DOC016,MOL01,2025-04,48.10261220980976,4,21,0,0,0,0,1
REP003,DOC016,MOL01,2025-04,48.10261220980976,4,21,0,0,0,0,1
REP001,DOC016,MOL01,2025-04,48.10261220980976,4,21,0,0,0,0,1
REP010,DOC016,MOL01,2025-04,48.10261220980976,4,21,0,0,0,0,0
REP006,DOC032,MOL01,2025-04,44.69219213136487,5,14,0,0,0,0,1
REP005,DOC032,MOL01,2025-04,44.69219213136487,5,14,0,0,0,0,1
REP010,DOC032,MOL01,2025-04,44.69219213136487,5,14,0,0,0,0,0
REP002,DOC032,MOL01,2025-04,44.69219213136487,5,14,0,0,0,0,0
REP009,DOC032,MOL01,2025-04,44.69219213136487,5,14,0,0,0,0,1
REP001,DOC032,MOL01,2025-04,44.69219213136487,5,14,0,0,0,0,1
REP007,DOC032,MOL01,2025-04,44.69219213136487,5,14,0,0,0,0,1
REP007,DOC012,MOL01,2025-04,41.894197952218434,6,13,0,0,0,0,1
REP001,DOC012,MOL01,2025-04,41.894197952218434,6,13,0,0,0,0,1
REP009,DOC013,MOL01,2025-04,36.262798634812285,7,21,0,0,0,1,1
REP001,DOC013,MOL01,2025-04,36.262798634812285,7,21,0,0,0,1,1
REP004,DOC013,MOL01,2025-04,36.262798634812285,7,21,0,0,0,1,1
REP007,DOC013,MOL01,2025-04,36.262798634812285,7,21,0,0,0,1,1
REP008,DOC013,MOL01,2025-04,36.262798634812285,7,21,0,0,0,1,0
REP005,DOC013,MOL01,2025-04,36.262798634812285,7,21,0,0,0,1,1
REP002,DOC013,MOL01,2025-04,36.262798634812285,7,21,0,0,0,1,0
REP002,DOC029,MOL01,2025-04,35.53218133519852,8,47,1,0,0,0,0
REP009,DOC029,MOL01,2025-04,35.53218133519852,8,47,1,0,0,0,1
REP003,DOC029,MOL01,2025-04,35.53218133519852,8,47,1,0,0,0,1
REP005,DOC029,MOL01,2025-04,35.53218133519852,8,47,1,0,0,0,1
REP002,DOC043,MOL01,2025-04,30.19351988366587,9,24,0,0,0,0,0
REP008,DOC043,MOL01,2025-04,30.19351988366587,9,24,0,0,0,0,0
REP001,DOC043,MOL01,2025-04,30.19351988366587,9,24,0,0,0,0,1
REP005,DOC043,MOL01,2025-04,30.19351988366587,9,24,0,0,0,0,1
REP004,DOC043,MOL01,2025-04,30.19351988366587,9,24,0,0,0,0,1
REP010,DOC045,MOL01,2025-04,28.664586077044607,10,14,0,0,0,0,0
REP007,DOC045,MOL01,2025-04,28.664586077044607,10,14,0,0,0,0,1
REP009,DOC045,MOL01,2025-04,28.664586077044607,10,14,0,0,0,0,1
REP001,DOC045,MOL01,2025-04,28.664586077044607,10,14,0,0,0,0,1
REP004,DOC045,MOL01,2025-04,28.664586077044607,10,14,0,0,0,0,1
REP006,DOC045,MOL01,2025-04,28.664586077044607,10,14,0,0,0,0,1
REP005,DOC045,MOL01,2025-04,28.664586077044607,10,14,0,0,0,0,1
REP010,DOC036,MOL01,2025-04,27.04778156996588,11,4,0,0,0,0,0
REP009,DOC036,MOL01,2025-04,27.04778156996588,11,4,0,0,0,0,1
REP007,DOC036,MOL01,2025-04,27.04778156996588,11,4,0,0,0,0,1
REP005,DOC036,MOL01,2025-04,27.04778156996588,11,4,0,0,0,0,1
REP001,DOC036,MOL01,2025-04,27.04778156996588,11,4,0,0,0,0,1
REP004,DOC036,MOL01,2025-04,27.04778156996588,11,4,0,0,0,0,1
REP006,DOC036,MOL01,2025-04,27.04778156996588,11,4,0,0,0,0,1
REP002,DOC036,MOL01,2025-04,27.04778156996588,11,4,0,0,0,0,0
REP009,DOC038,MOL01,2025-04,23.720136518771334,12,96,0,0,0,0,1
REP010,DOC038,MOL01,2025-04,23.720136518771334,12,96,0,0,0,0,0
REP004,DOC038,MOL01,2025-04,23.720136518771334,12,96,0,0,0,0,1
REP002,DOC038,MOL01,2025-04,23.720136518771334,12,96,0,0,0,0,0
REP006,DOC038,MOL01,2025-04,23.720136518771334,12,96,0,0,0,0,1
REP007,DOC049,MOL01,2025-04,22.988089976350608,13,11,0,0,0,0,1
REP002,DOC049,MOL01,2025-04,22.988089976350608,13,11,0,0,0,0,0
REP006,DOC049,MOL01,2025-04,22.988089976350608,13,11,0,0,0,0,1
REP003,DOC049,MOL01,2025-04,22.988089976350608,13,11,0,0,0,0,1
REP004,DOC049,MOL01,2025-04,22.988089976350608,13,11,0,0,0,0,1
REP009,DOC035,MOL01,2025-04,22.824232081911266,14,61,0,0,0,0,1
REP003,DOC035,MOL01,2025-04,22.824232081911266,14,61,0,0,0,0,1
REP008,DOC035,MOL01,2025-04,22.824232081911266,14,61,0,0,0,0,0
REP004,DOC035,MOL01,2025-04,22.824232081911266,14,61,0,0,0,0,1
REP006,DOC035,MOL01,2025-04,22.824232081911266,14,61,0,0,0,0,1
REP010,DOC035,MOL01,2025-04,22.824232081911266,14,61,0,0,0,0,0
REP009,DOC042,MOL01,2025-04,20.907020092256666,15,5,0,0,0,0,1
REP002,DOC042,MOL01,2025-04,20.907020092256666,15,5,0,0,0,0,0
REP001,DOC042,MOL01,2025-04,20.907020092256666,15,5,0,0,0,0,1
REP007,DOC042,MOL01,2025-04,20.907020092256666,15,5,0,0,0,0,1
REP006,DOC042,MOL01,2025-04,20.907020092256666,15,5,0,0,0,0,1
REP010,DOC050,MOL01,2025-04,20.88634654301437,16,23,0,0,1,0,0
REP007,DOC050,MOL01,2025-04,20.88634654301437,16,23,0,0,1,0,1
REP004,DOC050,MOL01,2025-04,20.88634654301437,16,23,0,0,1,0,1
REP009,DOC050,MOL01,2025-04,20.88634654301437,16,23,0,0,1,0,1
REP003,DOC050,MOL01,2025-04,20.88634654301437,16,23,0,0,1,0,1
REP006,DOC050,MOL01,2025-04,20.88634654301437,16,23,0,0,1,0,1
REP010,DOC007,MOL01,2025-04,19.880546075085327,17,7,0,0,0,0,0
REP002,DOC007,MOL01,2025-04,19.880546075085327,17,7,0,0,0,0,0
REP009,DOC007,MOL01,2025-04,19.880546075085327,17,7,0,0,0,0,1
REP006,DOC007,MOL01,2025-04,19.880546075085327,17,7,0,0,0,0,1
REP004,DOC007,MOL01,2025-04,19.880546075085327,17,7,0,0,0,0,1
REP005,DOC007,MOL01,2025-04,19.880546075085327,17,7,0,0,0,0,1
REP003,DOC007,MOL01,2025-04,19.880546075085327,17,7,0,0,0,0,1
REP009,DOC046,MOL01,2025-04,19.37159252707412,18,9,0,0,0,0,1
REP003,DOC046,MOL01,2025-04,19.37159252707412,18,9,0,0,0,0,1
REP005,DOC046,MOL01,2025-04,19.37159252707412,18,9,0,0,0,0,1
REP002,DOC046,MOL01,2025-04,19.37159252707412,18,9,0,0,0,0,0
REP001,DOC046,MOL01,2025-04,19.37159252707412,18,9,0,0,0,0,1
REP010,DOC046,MOL01,2025-04,19.37159252707412,18,9,0,0,0,0,0
REP007,DOC020,MOL01,2025-04,18.34470989761093,19,9,0,0,0,0,1
REP008,DOC020,MOL01,2025-04,18.34470989761093,19,9,0,0,0,0,0
REP004,DOC020,MOL01,2025-04,18.34470989761093,19,9,0,0,0,0,1
REP006,DOC020,MOL01,2025-04,18.34470989761093,19,9,0,0,0,0,1
REP005,DOC020,MOL01,2025-04,18.34470989761093,19,9,0,0,0,0,1
REP006,DOC010,MOL01,2025-04,16.799226510422642,20,0,0,0,0,0,1
REP005,DOC010,MOL01,2025-04,16.799226510422642,20,0,0,0,0,0,1
REP009,DOC010,MOL01,2025-04,16.799226510422642,20,0,0,0,0,0,1
REP003,DOC010,MOL01,2025-04,16.799226510422642,20,0,0,0,0,0,1
REP007,DOC010,MOL01,2025-04,16.799226510422642,20,0,0,0,0,0,1
REP001,DOC010,MOL01,2025-04,16.799226510422642,20,0,0,0,0,0,1
REP008,DOC010,MOL01,2025-04,16.799226510422642,20,0,0,0,0,0,0
REP008,DOC023,MOL01,2025-04,15.854406010662789,21,8,0,0,0,0,0
REP007,DOC023,MOL01,2025-04,15.854406010662789,21,8,0,0,0,0,1
REP004,DOC023,MOL01,2025-04,15.854406010662789,21,8,0,0,0,0,1
REP006,DOC023,MOL01,2025-04,15.854406010662789,21,8,0,0,0,0,1
REP002,DOC023,MOL01,2025-04,15.854406010662789,21,8,0,0,0,0,0
REP010,DOC023,MOL01,2025-04,15.854406010662789,21,8,0,0,0,0,0
REP002,DOC033,MOL01,2025-04,15.161137497495616,22,8,0,0,0,0,0
REP003,DOC033,MOL01,2025-04,15.161137497495616,22,8,0,0,0,0,1
REP009,DOC033,MOL01,2025-04,15.161137497495616,22,8,0,0,0,0,1
REP010,DOC033,MOL01,2025-04,15.161137497495616,22,8,0,0,0,0,0
REP007,DOC033,MOL01,2025-04,15.161137497495616,22,8,0,0,0,0,1
REP001,DOC033,MOL01,2025-04,15.161137497495616,22,8,0,0,0,0,1
REP002,DOC015,MOL01,2025-04,14.254725903633862,23,0,0,0,0,0,0
REP007,DOC015,MOL01,2025-04,14.254725903633862,23,0,0,0,0,0,1
REP001,DOC015,MOL01,2025-04,14.254725903633862,23,0,0,0,0,0,1
REP006,DOC015,MOL01,2025-04,14.254725903633862,23,0,0,0,0,0,1
REP003,DOC015,MOL01,2025-04,14.254725903633862,23,0,0,0,0,0,1
REP010,DOC001,MOL01,2025-04,13.199487762962065,24,12,0,0,0,0,0
REP002,DOC001,MOL01,2025-04,13.199487762962065,24,12,0,0,0,0,0
REP006,DOC001,MOL01,2025-04,13.199487762962065,24,12,0,0,0,0,1
REP007,DOC001,MOL01,2025-04,13.199487762962065,24,12,0,0,0,0,1
REP005,DOC001,MOL01,2025-04,13.199487762962065,24,12,0,0,0,0,1
REP008,DOC001,MOL01,2025-04,13.199487762962065,24,12,0,0,0,0,0
REP005,DOC026,MOL01,2025-04,8.23042652384548,25,10,0,0,0,0,1
REP001,DOC026,MOL01,2025-04,8.23042652384548,25,10,0,0,0,0,1
REP006,DOC026,MOL01,2025-04,8.23042652384548,25,10,0,0,0,0,1
REP009,DOC026,MOL01,2025-04,8.23042652384548,25,10,0,0,0,0,1
REP003,DOC026,MOL01,2025-04,8.23042652384548,25,10,0,0,0,0,1
REP004,DOC026,MOL01,2025-04,8.23042652384548,25,10,0,0,0,0,1
REP007,DOC026,MOL01,2025-04,8.23042652384548,25,10,0,0,0,0,1
REP008,DOC026,MOL01,2025-04,8.23042652384548,25,10,0,0,0,0,0
REP004,DOC006,MOL01,2025-04,6.271331058020478,26,1,0,0,0,0,1
REP008,DOC006,MOL01,2025-04,6.271331058020478,26,1,0,0,0,0,0
REP010,DOC006,MOL01,2025-04,6.271331058020478,26,1,0,0,0,0,0
REP001,DOC034,MOL01,2025-04,6.271331058020478,26,6,0,0,0,0,1
REP003,DOC034,MOL01,2025-04,6.271331058020478,26,6,0,0,0,0,1
REP009,DOC034,MOL01,2025-04,6.271331058020478,26,6,0,0,0,0,1
REP006,DOC034,MOL01,2025-04,6.271331058020478,26,6,0,0,0,0,1
REP007,DOC034,MOL01,2025-04,6.271331058020478,26,6,0,0,0,0,1
REP005,DOC034,MOL01,2025-04,6.271331058020478,26,6,0,0,0,0,1
REP002,DOC034,MOL01,2025-04,6.271331058020478,26,6,0,0,0,0,0
REP003,DOC024,MOL01,2025-04,5.07679180887372,28,3,0,0,0,0,1
REP005,DOC024,MOL01,2025-04,5.07679180887372,28,3,0,0,0,0,1
REP006,DOC024,MOL01,2025-04,5.07679180887372,28,3,0,0,0,0,1
REP007,DOC024,MOL01,2025-04,5.07679180887372,28,3,0,0,0,0,1
REP008,DOC024,MOL01,2025-04,5.07679180887372,28,3,0,0,0,0,0
REP010,DOC024,MOL01,2025-04,5.07679180887372,28,3,0,0,0,0,0
REP001,DOC024,MOL01,2025-04,5.07679180887372,28,3,0,0,0,0,1
REP002,DOC022,MOL01,2025-04,4.778156996587031,29,0,0,0,0,0,0
REP001,DOC022,MOL01,2025-04,4.778156996587031,29,0,0,0,0,0,1
REP006,DOC022,MOL01,2025-04,4.778156996587031,29,0,0,0,0,0,1
REP007,DOC022,MOL01,2025-04,4.778156996587031,29,0,0,0,0,0,1
REP004,DOC022,MOL01,2025-04,4.778156996587031,29,0,0,0,0,0,1
REP005,DOC028,MOL01,2025-04,3.984148762259992,30,72,0,0,1,0,1
REP006,DOC028,MOL01,2025-04,3.984148762259992,30,72,0,0,1,0,1
REP008,DOC028,MOL01,2025-04,3.984148762259992,30,72,0,0,1,0,0
REP003,DOC028,MOL01,2025-04,3.984148762259992,30,72,0,0,1,0,1
REP001,DOC028,MOL01,2025-04,3.984148762259992,30,72,0,0,1,0,1
REP007,DOC028,MOL01,2025-04,3.984148762259992,30,72,0,0,1,0,1
REP001,DOC039,MOL01,2025-04,3.924914675767919,31,2,0,0,0,0,1
REP007,DOC039,MOL01,2025-04,3.924914675767919,31,2,0,0,0,0,1
REP005,DOC039,MOL01,2025-04,3.924914675767919,31,2,0,0,0,0,1
REP008,DOC039,MOL01,2025-04,3.924914675767919,31,2,0,0,0,0,0
REP010,DOC039,MOL01,2025-04,3.924914675767919,31,2,0,0,0,0,0
REP003,DOC039,MOL01,2025-04,3.924914675767919,31,2,0,0,0,0,1
REP004,DOC039,MOL01,2025-04,3.924914675767919,31,2,0,0,0,0,1
REP004,DOC004,MOL01,2025-04,3.711604095563141,32,40,0,0,0,1,1
REP002,DOC004,MOL01,2025-04,3.711604095563141,32,40,0,0,0,1,0
REP006,DOC004,MOL01,2025-04,3.711604095563141,32,40,0,0,0,1,1
REP008,DOC004,MOL01,2025-04,3.711604095563141,32,40,0,0,0,1,0
REP007,DOC004,MOL01,2025-04,3.711604095563141,32,40,0,0,0,1,1
REP008,DOC044,MOL01,2025-04,0.0,33,26,0,0,0,0,0
REP005,DOC044,MOL01,2025-04,0.0,33,26,0,0,0,0,1
REP007,DOC044,MOL01,2025-04,0.0,33,26,0,0,0,0,1
REP010,DOC044,MOL01,2025-04,0.0,33,26,0,0,0,0,0
REP004,DOC014,MOL01,2025-05,100.0,1,9,0,0,0,0,1
REP009,DOC014,MOL01,2025-05,100.0,1,9,0,0,0,0,1
REP001,DOC014,MOL01,2025-05,100.0,1,9,0,0,0,0,1
REP006,DOC014,MOL01,2025-05,100.0,1,9,0,0,0,0,1
REP003,DOC014,MOL01,2025-05,100.0,1,9,0,0,0,0,1
REP009,DOC042,MOL01,2025-05,55.24803899618562,2,5,0,0,0,0,1
REP002,DOC042,MOL01,2025-05,55.24803899618562,2,5,0,0,0,0,0
REP001,DOC042,MOL01,2025-05,55.24803899618562,2,5,0,0,0,0,1
REP007,DOC042,MOL01,2025-05,55.24803899618562,2,5,0,0,0,0,1
REP006,DOC042,MOL01,2025-05,55.24803899618562,2,5,0,0,0,0,1
REP010,DOC036,MOL01,2025-05,38.65481252415925,3,4,0,0,0,0,0
REP009,DOC036,MOL01,2025-05,38.65481252415925,3,4,0,0,0,0,1
REP007,DOC036,MOL01,2025-05,38.65481252415925,3,4,0,0,0,0,1
REP005,DOC036,MOL01,2025-05,38.65481252415925,3,4,0,0,0,0,1
REP001,DOC036,MOL01,2025-05,38.65481252415925,3,4,0,0,0,0,1
REP004,DOC036,MOL01,2025-05,38.65481252415925,3,4,0,0,0,0,1
REP006,DOC036,MOL01,2025-05,38.65481252415925,3,4,0,0,0,0,1
REP002,DOC036,MOL01,2025-05,38.65481252415925,3,4,0,0,0,0,0
REP005,DOC026,MOL01,2025-05,36.90421988864255,4,10,0,0,0,0,1
REP001,DOC026,MOL01,2025-05,36.90421988864255,4,10,0,0,0,0,1
REP006,DOC026,MOL01,2025-05,36.90421988864255,4,10,0,0,0,0,1
REP009,DOC026,MOL01,2025-05,36.90421988864255,4,10,0,0,0,0,1
REP003,DOC026,MOL01,2025-05,36.90421988864255,4,10,0,0,0,0,1
REP004,DOC026,MOL01,2025-05,36.90421988864255,4,10,0,0,0,0,1
REP007,DOC026,MOL01,2025-05,36.90421988864255,4,10,0,0,0,0,1
REP008,DOC026,MOL01,2025-05,36.90421988864255,4,10,0,0,0,0,0
REP006,DOC032,MOL01,2025-05,35.65115746103767,5,14,0,0,0,0,1
REP005,DOC032,MOL01,2025-05,35.65115746103767,5,14,0,0,0,0,1
REP010,DOC032,MOL01,2025-05,35.65115746103767,5,14,0,0,0,0,0
REP002,DOC032,MOL01,2025-05,35.65115746103767,5,14,0,0,0,0,0
REP009,DOC032,MOL01,2025-05,35.65115746103767,5,14,0,0,0,0,1
REP001,DOC032,MOL01,2025-05,35.65115746103767,5,14,0,0,0,0,1
REP007,DOC032,MOL01,2025-05,35.65115746103767,5,14,0,0,0,0,1
REP010,DOC045,MOL01,2025-05,31.88987558212904,6,14,0,0,0,0,0
REP007,DOC045,MOL01,2025-05,31.88987558212904,6,14,0,0,0,0,1
REP009,DOC045,MOL01,2025-05,31.88987558212904,6,14,0,0,0,0,1
REP001,DOC045,MOL01,2025-05,31.88987558212904,6,14,0,0,0,0,1
REP004,DOC045,MOL01,2025-05,31.88987558212904,6,14,0,0,0,0,1
REP006,DOC045,MOL01,2025-05,31.88987558212904,6,14,0,0,0,0,1
REP005,DOC045,MOL01,2025-05,31.88987558212904,6,14,0,0,0,0,1
REP007,DOC020,MOL01,2025-05,30.769230769230777,7,9,0,0,0,0,1
REP008,DOC020,MOL01,2025-05,30.769230769230777,7,9,0,0,0,0,0
REP004,DOC020,MOL01,2025-05,30.769230769230777,7,9,0,0,0,0,1
REP006,DOC020,MOL01,2025-05,30.769230769230777,7,9,0,0,0,0,1
REP005,DOC020,MOL01,2025-05,30.769230769230777,7,9,0,0,0,0,1
REP009,DOC046,MOL01,2025-05,30.55303978022777,8,9,0,0,0,0,1
REP003,DOC046,MOL01,2025-05,30.55303978022777,8,9,0,0,0,0,1
REP005,DOC046,MOL01,2025-05,30.55303978022777,8,9,0,0,0,0,1
REP002,DOC046,MOL01,2025-05,30.55303978022777,8,9,0,0,0,0,0
REP001,DOC046,MOL01,2025-05,30.55303978022777,8,9,0,0,0,0,1
REP010,DOC046,MOL01,2025-05,30.55303978022777,8,9,0,0,0,0,0
REP005,DOC016,MOL01,2025-05,29.004166374195968,9,21,0,0,1,0,1
REP006,DOC016,MOL01,2025-05,29.004166374195968,9,21,0,0,1,0,1
REP009,DOC016,MOL01,2025-05,29.004166374195968,9,21,0,0,1,0,1
REP003,DOC016,MOL01,2025-05,29.004166374195968,9,21,0,0,1,0,1
REP001,DOC016,MOL01,2025-05,29.004166374195968,9,21,0,0,1,0,1
REP010,DOC016,MOL01,2025-05,29.004166374195968,9,21,0,0,1,0,0
REP006,DOC010,MOL01,2025-05,27.865080368314548,10,0,0,0,0,0,1
REP005,DOC010,MOL01,2025-05,27.865080368314548,10,0,0,0,0,0,1
REP009,DOC010,MOL01,2025-05,27.865080368314548,10,0,0,0,0,0,1
REP003,DOC010,MOL01,2025-05,27.865080368314548,10,0,0,0,0,0,1
REP007,DOC010,MOL01,2025-05,27.865080368314548,10,0,0,0,0,0,1
REP001,DOC010,MOL01,2025-05,27.865080368314548,10,0,0,0,0,0,1
REP008,DOC010,MOL01,2025-05,27.865080368314548,10,0,0,0,0,0,0
REP005,DOC028,MOL01,2025-05,27.11818028683743,11,72,0,0,0,0,1
REP006,DOC028,MOL01,2025-05,27.11818028683743,11,72,0,0,0,0,1
REP008,DOC028,MOL01,2025-05,27.11818028683743,11,72,0,0,0,0,0
REP003,DOC028,MOL01,2025-05,27.11818028683743,11,72,0,0,0,0,1
REP001,DOC028,MOL01,2025-05,27.11818028683743,11,72,0,0,0,0,1
REP007,DOC028,MOL01,2025-05,27.11818028683743,11,72,0,0,0,0,1
REP005,DOC011,MOL01,2025-05,23.46347120216467,12,11,0,0,0,0,1
REP007,DOC011,MOL01,2025-05,23.46347120216467,12,11,0,0,0,0,1
REP001,DOC011,MOL01,2025-05,23.46347120216467,12,11,0,0,0,0,1
REP008,DOC011,MOL01,2025-05,23.46347120216467,12,11,0,0,0,0,0
REP009,DOC011,MOL01,2025-05,23.46347120216467,12,11,0,0,0,0,1
REP002,DOC011,MOL01,2025-05,23.46347120216467,12,11,0,0,0,0,0
REP006,DOC011,MOL01,2025-05,23.46347120216467,12,11,0,0,0,0,1
REP004,DOC011,MOL01,2025-05,23.46347120216467,12,11,0,0,0,0,1
REP008,DOC041,MOL01,2025-05,22.372122329783288,13,19,0,0,0,0,0
REP007,DOC041,MOL01,2025-05,22.372122329783288,13,19,0,0,0,0,1
REP003,DOC041,MOL01,2025-05,22.372122329783288,13,19,0,0,0,0,1
REP006,DOC041,MOL01,2025-05,22.372122329783288,13,19,0,0,0,0,1
REP007,DOC049,MOL01,2025-05,22.2124072819867,14,11,0,0,0,0,1
REP002,DOC049,MOL01,2025-05,22.2124072819867,14,11,0,0,0,0,0
REP006,DOC049,MOL01,2025-05,22.2124072819867,14,11,0,0,0,0,1
REP003,DOC049,MOL01,2025-05,22.2124072819867,14,11,0,0,0,0,1
REP004,DOC049,MOL01,2025-05,22.2124072819867,14,11,0,0,0,0,1
REP008,DOC023,MOL01,2025-05,21.59465943481341,15,8,0,0,0,0,0
REP007,DOC023,MOL01,2025-05,21.59465943481341,15,8,0,0,0,0,1
REP004,DOC023,MOL01,2025-05,21.59465943481341,15,8,0,0,0,0,1
REP006,DOC023,MOL01,2025-05,21.59465943481341,15,8,0,0,0,0,1
REP002,DOC023,MOL01,2025-05,21.59465943481341,15,8,0,0,0,0,0
REP010,DOC023,MOL01,2025-05,21.59465943481341,15,8,0,0,0,0,0
REP006,DOC009,MOL01,2025-05,21.14418245071512,16,44,0,0,0,0,1
REP001,DOC009,MOL01,2025-05,21.14418245071512,16,44,0,0,0,0,1
REP004,DOC009,MOL01,2025-05,21.14418245071512,16,44,0,0,0,0,1
REP002,DOC009,MOL01,2025-05,21.14418245071512,16,44,0,0,0,0,0
REP007,DOC009,MOL01,2025-05,21.14418245071512,16,44,0,0,0,0,1
REP002,DOC043,MOL01,2025-05,20.49381480456168,17,24,0,0,1,0,0
REP008,DOC043,MOL01,2025-05,20.49381480456168,17,24,0,0,1,0,0
REP001,DOC043,MOL01,2025-05,20.49381480456168,17,24,0,0,1,0,1
REP005,DOC043,MOL01,2025-05,20.49381480456168,17,24,0,0,1,0,1
REP004,DOC043,MOL01,2025-05,20.49381480456168,17,24,0,0,1,0,1
REP010,DOC050,MOL01,2025-05,20.216758650699195,18,23,0,0,0,0,0
REP007,DOC050,MOL01,2025-05,20.216758650699195,18,23,0,0,0,0,1
REP004,DOC050,MOL01,2025-05,20.216758650699195,18,23,0,0,0,0,1
REP009,DOC050,MOL01,2025-05,20.216758650699195,18,23,0,0,0,0,1
REP003,DOC050,MOL01,2025-05,20.216758650699195,18,23,0,0,0,0,1
REP006,DOC050,MOL01,2025-05,20.216758650699195,18,23,0,0,0,0,1
REP002,DOC015,MOL01,2025-05,19.445330100168,19,0,0,0,0,0,0
REP007,DOC015,MOL01,2025-05,19.445330100168,19,0,0,0,0,0,1
REP001,DOC015,MOL01,2025-05,19.445330100168,19,0,0,0,0,0,1
REP006,DOC015,MOL01,2025-05,19.445330100168,19,0,0,0,0,0,1
REP003,DOC015,MOL01,2025-05,19.445330100168,19,0,0,0,0,0,1
REP002,DOC029,MOL01,2025-05,18.641463742795505,20,47,0,0,1,0,0
REP009,DOC029,MOL01,2025-05,18.641463742795505,20,47,0,0,1,0,1
REP003,DOC029,MOL01,2025-05,18.641463742795505,20,47,0,0,1,0,1
REP005,DOC029,MOL01,2025-05,18.641463742795505,20,47,0,0,1,0,1
REP010,DOC007,MOL01,2025-05,18.12910707383069,21,7,0,0,0,0,0
REP002,DOC007,MOL01,2025-05,18.12910707383069,21,7,0,0,0,0,0
REP009,DOC007,MOL01,2025-05,18.12910707383069,21,7,0,0,0,0,1
REP006,DOC007,MOL01,2025-05,18.12910707383069,21,7,0,0,0,0,1
REP004,DOC007,MOL01,2025-05,18.12910707383069,21,7,0,0,0,0,1
REP005,DOC007,MOL01,2025-05,18.12910707383069,21,7,0,0,0,0,1
REP003,DOC007,MOL01,2025-05,18.12910707383069,21,7,0,0,0,0,1
REP008,DOC030,MOL01,2025-05,17.988990170773157,22,5,0,0,0,0,0
REP001,DOC030,MOL01,2025-05,17.988990170773157,22,5,0,0,0,0,1
REP004,DOC030,MOL01,2025-05,17.988990170773157,22,5,0,0,0,0,1
REP009,DOC030,MOL01,2025-05,17.988990170773157,22,5,0,0,0,0,1
REP010,DOC030,MOL01,2025-05,17.988990170773157,22,5,0,0,0,0,0
REP005,DOC030,MOL01,2025-05,17.988990170773157,22,5,0,0,0,0,1
REP002,DOC033,MOL01,2025-05,17.13267053043703,23,8,0,0,0,0,0
REP003,DOC033,MOL01,2025-05,17.13267053043703,23,8,0,0,0,0,1
REP009,DOC033,MOL01,2025-05,17.13267053043703,23,8,0,0,0,0,1
REP010,DOC033,MOL01,2025-05,17.13267053043703,23,8,0,0,0,0,0
REP007,DOC033,MOL01,2025-05,17.13267053043703,23,8,0,0,0,0,1
REP001,DOC033,MOL01,2025-05,17.13267053043703,23,8,0,0,0,0,1
REP010,DOC001,MOL01,2025-05,14.63315948582998,24,12,0,0,0,0,0
REP002,DOC001,MOL01,2025-05,14.63315948582998,24,12,0,0,0,0,0
REP006,DOC001,MOL01,2025-05,14.63315948582998,24,12,0,0,0,0,1
REP007,DOC001,MOL01,2025-05,14.63315948582998,24,12,0,0,0,0,1
REP005,DOC001,MOL01,2025-05,14.63315948582998,24,12,0,0,0,0,1
REP008,DOC001,MOL01,2025-05,14.63315948582998,24,12,0,0,0,0,0
REP001,DOC039,MOL01,2025-05,9.31580981832238,25,2,0,0,0,0,1
REP007,DOC039,MOL01,2025-05,9.31580981832238,25,2,0,0,0,0,1
REP005,DOC039,MOL01,2025-05,9.31580981832238,25,2,0,0,0,0,1
REP008,DOC039,MOL01,2025-05,9.31580981832238,25,2,0,0,0,0,0
REP010,DOC039,MOL01,2025-05,9.31580981832238,25,2,0,0,0,0,0
REP003,DOC039,MOL01,2025-05,9.31580981832238,25,2,0,0,0,0,1
REP004,DOC039,MOL01,2025-05,9.31580981832238,25,2,0,0,0,0,1
REP004,DOC047,MOL01,2025-05,7.576343254735214,26,11,0,0,0,1,1
REP003,DOC047,MOL01,2025-05,7.576343254735214,26,11,0,0,0,1,1
REP009,DOC047,MOL01,2025-05,7.576343254735214,26,11,0,0,0,1,1
REP001,DOC047,MOL01,2025-05,7.576343254735214,26,11,0,0,0,1,1
REP005,DOC047,MOL01,2025-05,7.576343254735214,26,11,0,0,0,1,1
REP008,DOC047,MOL01,2025-05,7.576343254735214,26,11,0,0,0,1,0
REP007,DOC047,MOL01,2025-05,7.576343254735214,26,11,0,0,0,1,1
REP006,DOC047,MOL01,2025-05,7.576343254735214,26,11,0,0,0,1,1
REP010,DOC047,MOL01,2025-05,7.576343254735214,26,11,0,0,0,1,0
REP002,DOC022,MOL01,2025-05,2.821801314263625,27,0,0,0,0,0,0
REP001,DOC022,MOL01,2025-05,2.821801314263625,27,0,0,0,0,0,1
REP006,DOC022,MOL01,2025-05,2.821801314263625,27,0,0,0,0,0,1
REP007,DOC022,MOL01,2025-05,2.821801314263625,27,0,0,0,0,0,1
REP004,DOC022,MOL01,2025-05,2.821801314263625,27,0,0,0,0,0,1
REP009,DOC035,MOL01,2025-05,0.0,28,61,0,0,1,0,1
REP003,DOC035,MOL01,2025-05,0.0,28,61,0,0,1,0,1
REP008,DOC035,MOL01,2025-05,0.0,28,61,0,0,1,0,0
REP004,DOC035,MOL01,2025-05,0.0,28,61,0,0,1,0,1
REP006,DOC035,MOL01,2025-05,0.0,28,61,0,0,1,0,1
REP010,DOC035,MOL01,2025-05,0.0,28,61,0,0,1,0,0
REP009,DOC042,MOL01,2025-06,100.0,1,5,0,0,0,0,1
REP002,DOC042,MOL01,2025-06,100.0,1,5,0,0,0,0,0
REP001,DOC042,MOL01,2025-06,100.0,1,5,0,0,0,0,1
REP007,DOC042,MOL01,2025-06,100.0,1,5,0,0,0,0,1
REP006,DOC042,MOL01,2025-06,100.0,1,5,0,0,0,0,1
REP004,DOC047,MOL01,2025-06,93.2580179949604,2,11,0,0,0,0,1
REP003,DOC047,MOL01,2025-06,93.2580179949604,2,11,0,0,0,0,1
REP009,DOC047,MOL01,2025-06,93.2580179949604,2,11,0,0,0,0,1
REP001,DOC047,MOL01,2025-06,93.2580179949604,2,11,0,0,0,0,1
REP005,DOC047,MOL01,2025-06,93.2580179949604,2,11,0,0,0,0,1
REP008,DOC047,MOL01,2025-06,93.2580179949604,2,11,0,0,0,0,0
REP007,DOC047,MOL01,2025-06,93.2580179949604,2,11,0,0,0,0,1
REP006,DOC047,MOL01,2025-06,93.2580179949604,2,11,0,0,0,0,1
REP010,DOC047,MOL01,2025-06,93.2580179949604,2,11,0,0,0,0,0
REP010,DOC001,MOL01,2025-06,85.19204041842376,3,12,0,0,0,0,0
REP002,DOC001,MOL01,2025-06,85.19204041842376,3,12,0,0,0,0,0
REP006,DOC001,MOL01,2025-06,85.19204041842376,3,12,0,0,0,0,1
REP007,DOC001,MOL01,2025-06,85.19204041842376,3,12,0,0,0,0,1
REP005,DOC001,MOL01,2025-06,85.19204041842376,3,12,0,0,0,0,1
REP008,DOC001,MOL01,2025-06,85.19204041842376,3,12,0,0,0,0,0
REP009,DOC046,MOL01,2025-06,78.78793984495917,4,9,0,0,0,0,1
REP003,DOC046,MOL01,2025-06,78.78793984495917,4,9,0,0,0,0,1
REP005,DOC046,MOL01,2025-06,78.78793984495917,4,9,0,0,0,0,1
REP002,DOC046,MOL01,2025-06,78.78793984495917,4,9,0,0,0,0,0
REP001,DOC046,MOL01,2025-06,78.78793984495917,4,9,0,0,0,0,1
REP010,DOC046,MOL01,2025-06,78.78793984495917,4,9,0,0,0,0,0
REP002,DOC043,MOL01,2025-06,78.00860203979562,5,24,0,0,0,0,0
REP008,DOC043,MOL01,2025-06,78.00860203979562,5,24,0,0,0,0,0
REP001,DOC043,MOL01,2025-06,78.00860203979562,5,24,0,0,0,0,1
REP005,DOC043,MOL01,2025-06,78.00860203979562,5,24,0,0,0,0,1
REP004,DOC043,MOL01,2025-06,78.00860203979562,5,24,0,0,0,0,1
REP008,DOC030,MOL01,2025-06,73.16169318085608,6,5,0,0,0,0,0
REP001,DOC030,MOL01,2025-06,73.16169318085608,6,5,0,0,0,0,1
REP004,DOC030,MOL01,2025-06,73.16169318085608,6,5,0,0,0,0,1
REP009,DOC030,MOL01,2025-06,73.16169318085608,6,5,0,0,0,0,1
REP010,DOC030,MOL01,2025-06,73.16169318085608,6,5,0,0,0,0,0
REP005,DOC030,MOL01,2025-06,73.16169318085608,6,5,0,0,0,0,1
REP002,DOC015,MOL01,2025-06,69.00066635965597,7,0,0,0,0,0,0
REP007,DOC015,MOL01,2025-06,69.00066635965597,7,0,0,0,0,0,1
REP001,DOC015,MOL01,2025-06,69.00066635965597,7,0,0,0,0,0,1
REP006,DOC015,MOL01,2025-06,69.00066635965597,7,0,0,0,0,0,1
REP003,DOC015,MOL01,2025-06,69.00066635965597,7,0,0,0,0,0,1
REP006,DOC009,MOL01,2025-06,62.7326252698291,8,44,1,0,0,0,1
REP001,DOC009,MOL01,2025-06,62.7326252698291,8,44,1,0,0,0,1
REP004,DOC009,MOL01,2025-06,62.7326252698291,8,44,1,0,0,0,1
REP002,DOC009,MOL01,2025-06,62.7326252698291,8,44,1,0,0,0,0
REP007,DOC009,MOL01,2025-06,62.7326252698291,8,44,1,0,0,0,1
REP002,DOC029,MOL01,2025-06,57.66854003741777,9,47,1,0,0,0,0
REP009,DOC029,MOL01,2025-06,57.66854003741777,9,47,1,0,0,0,1
REP003,DOC029,MOL01,2025-06,57.66854003741777,9,47,1,0,0,0,1
REP005,DOC029,MOL01,2025-06,57.66854003741777,9,47,1,0,0,0,1
REP002,DOC033,MOL01,2025-06,53.2013156399344,10,8,0,0,0,0,0
REP003,DOC033,MOL01,2025-06,53.2013156399344,10,8,0,0,0,0,1
REP009,DOC033,MOL01,2025-06,53.2013156399344,10,8,0,0,0,0,1
REP010,DOC033,MOL01,2025-06,53.2013156399344,10,8,0,0,0,0,0
REP007,DOC033,MOL01,2025-06,53.2013156399344,10,8,0,0,0,0,1
REP001,DOC033,MOL01,2025-06,53.2013156399344,10,8,0,0,0,0,1
REP008,DOC044,MOL01,2025-06,43.72783530872806,11,26,0,0,0,0,0
REP005,DOC044,MOL01,2025-06,43.72783530872806,11,26,0,0,0,0,1
REP007,DOC044,MOL01,2025-06,43.72783530872806,11,26,0,0,0,0,1
REP010,DOC044,MOL01,2025-06,43.72783530872806,11,26,0,0,0,0,0
REP006,DOC032,MOL01,2025-06,43.308620077424784,12,14,0,0,0,0,1
REP005,DOC032,MOL01,2025-06,43.308620077424784,12,14,0,0,0,0,1
REP010,DOC032,MOL01,2025-06,43.308620077424784,12,14,0,0,0,0,0
REP002,DOC032,MOL01,2025-06,43.308620077424784,12,14,0,0,0,0,0
REP009,DOC032,MOL01,2025-06,43.308620077424784,12,14,0,0,0,0,1
REP001,DOC032,MOL01,2025-06,43.308620077424784,12,14,0,0,0,0,1
REP007,DOC032,MOL01,2025-06,43.308620077424784,12,14,0,0,0,0,1
REP005,DOC016,MOL01,2025-06,40.35828730495653,13,21,0,0,0,0,1
REP006,DOC016,MOL01,2025-06,40.35828730495653,13,21,0,0,0,0,1
REP009,DOC016,MOL01,2025-06,40.35828730495653,13,21,0,0,0,0,1
REP003,DOC016,MOL01,2025-06,40.35828730495653,13,21,0,0,0,0,1
REP001,DOC016,MOL01,2025-06,40.35828730495653,13,21,0,0,0,0,1
REP010,DOC016,MOL01,2025-06,40.35828730495653,13,21,0,0,0,0,0
REP005,DOC019,MOL01,2025-06,39.27095978687693,14,31,0,0,0,0,1
REP003,DOC019,MOL01,2025-06,39.27095978687693,14,31,0,0,0,0,1
REP009,DOC019,MOL01,2025-06,39.27095978687693,14,31,0,0,0,0,1
REP002,DOC019,MOL01,2025-06,39.27095978687693,14,31,0,0,0,0,0
REP001,DOC019,MOL01,2025-06,39.27095978687693,14,31,0,0,0,0,1
REP010,DOC019,MOL01,2025-06,39.27095978687693,14,31,0,0,0,0,0
REP004,DOC019,MOL01,2025-06,39.27095978687693,14,31,0,0,0,0,1
REP008,DOC019,MOL01,2025-06,39.27095978687693,14,31,0,0,0,0,0
REP007,DOC049,MOL01,2025-06,39.16954938362536,15,11,0,0,0,0,1
REP002,DOC049,MOL01,2025-06,39.16954938362536,15,11,0,0,0,0,0
REP006,DOC049,MOL01,2025-06,39.16954938362536,15,11,0,0,0,0,1
REP003,DOC049,MOL01,2025-06,39.16954938362536,15,11,0,0,0,0,1
REP004,DOC049,MOL01,2025-06,39.16954938362536,15,11,0,0,0,0,1
REP010,DOC050,MOL01,2025-06,38.809454029021616,16,23,0,0,0,0,0
REP007,DOC050,MOL01,2025-06,38.809454029021616,16,23,0,0,0,0,1
REP004,DOC050,MOL01,2025-06,38.809454029021616,16,23,0,0,0,0,1
REP009,DOC050,MOL01,2025-06,38.809454029021616,16,23,0,0,0,0,1
REP003,DOC050,MOL01,2025-06,38.809454029021616,16,23,0,0,0,0,1
REP006,DOC050,MOL01,2025-06,38.809454029021616,16,23,0,0,0,0,1
REP008,DOC041,MOL01,2025-06,36.429880526373296,17,19,0,0,0,0,0
REP007,DOC041,MOL01,2025-06,36.429880526373296,17,19,0,0,0,0,1
REP003,DOC041,MOL01,2025-06,36.429880526373296,17,19,0,0,0,0,1
REP006,DOC041,MOL01,2025-06,36.429880526373296,17,19,0,0,0,0,1
REP010,DOC045,MOL01,2025-06,30.736180113118586,18,14,0,0,0,0,0
REP007,DOC045,MOL01,2025-06,30.736180113118586,18,14,0,0,0,0,1
REP009,DOC045,MOL01,2025-06,30.736180113118586,18,14,0,0,0,0,1
REP001,DOC045,MOL01,2025-06,30.736180113118586,18,14,0,0,0,0,1
REP004,DOC045,MOL01,2025-06,30.736180113118586,18,14,0,0,0,0,1
REP006,DOC045,MOL01,2025-06,30.736180113118586,18,14,0,0,0,0,1
REP005,DOC045,MOL01,2025-06,30.736180113118586,18,14,0,0,0,0,1
REP006,DOC010,MOL01,2025-06,23.61539838610991,19,0,0,0,0,0,1
REP005,DOC010,MOL01,2025-06,23.61539838610991,19,0,0,0,0,0,1
REP009,DOC010,MOL01,2025-06,23.61539838610991,19,0,0,0,0,0,1
REP003,DOC010,MOL01,2025-06,23.61539838610991,19,0,0,0,0,0,1
REP007,DOC010,MOL01,2025-06,23.61539838610991,19,0,0,0,0,0,1
REP001,DOC010,MOL01,2025-06,23.61539838610991,19,0,0,0,0,0,1
REP008,DOC010,MOL01,2025-06,23.61539838610991,19,0,0,0,0,0,0
REP010,DOC007,MOL01,2025-06,19.341157925014333,20,7,0,0,0,0,0
REP002,DOC007,MOL01,2025-06,19.341157925014333,20,7,0,0,0,0,0
REP009,DOC007,MOL01,2025-06,19.341157925014333,20,7,0,0,0,0,1
REP006,DOC007,MOL01,2025-06,19.341157925014333,20,7,0,0,0,0,1
REP004,DOC007,MOL01,2025-06,19.341157925014333,20,7,0,0,0,0,1
REP005,DOC007,MOL01,2025-06,19.341157925014333,20,7,0,0,0,0,1
REP003,DOC007,MOL01,2025-06,19.341157925014333,20,7,0,0,0,0,1
REP008,DOC023,MOL01,2025-06,13.580002342073216,21,8,0,0,0,0,0
REP007,DOC023,MOL01,2025-06,13.580002342073216,21,8,0,0,0,0,1
REP004,DOC023,MOL01,2025-06,13.580002342073216,21,8,0,0,0,0,1
REP006,DOC023,MOL01,2025-06,13.580002342073216,21,8,0,0,0,0,1
REP002,DOC023,MOL01,2025-06,13.580002342073216,21,8,0,0,0,0,0
REP010,DOC023,MOL01,2025-06,13.580002342073216,21,8,0,0,0,0,0
REP010,DOC036,MOL01,2025-06,9.586486971528844,22,4,0,0,0,0,0
REP009,DOC036,MOL01,2025-06,9.586486971528844,22,4,0,0,0,0,1
REP007,DOC036,MOL01,2025-06,9.586486971528844,22,4,0,0,0,0,1
REP005,DOC036,MOL01,2025-06,9.586486971528844,22,4,0,0,0,0,1
REP001,DOC036,MOL01,2025-06,9.586486971528844,22,4,0,0,0,0,1
REP004,DOC036,MOL01,2025-06,9.586486971528844,22,4,0,0,0,0,1
REP006,DOC036,MOL01,2025-06,9.586486971528844,22,4,0,0,0,0,1
REP002,DOC036,MOL01,2025-06,9.586486971528844,22,4,0,0,0,0,0
REP003,DOC018,MOL01,2025-06,7.736463170005732,23,20,0,0,0,0,1
REP009,DOC018,MOL01,2025-06,7.736463170005732,23,20,0,0,0,0,1
REP005,DOC018,MOL01,2025-06,7.736463170005732,23,20,0,0,0,0,1
REP001,DOC018,MOL01,2025-06,7.736463170005732,23,20,0,0,0,0,1
REP010,DOC018,MOL01,2025-06,7.736463170005732,23,20,0,0,0,0,0
REP005,DOC026,MOL01,2025-06,3.733526550231048,24,10,0,0,0,0,1
REP001,DOC026,MOL01,2025-06,3.733526550231048,24,10,0,0,0,0,1
REP006,DOC026,MOL01,2025-06,3.733526550231048,24,10,0,0,0,0,1
REP009,DOC026,MOL01,2025-06,3.733526550231048,24,10,0,0,0,0,1
REP003,DOC026,MOL01,2025-06,3.733526550231048,24,10,0,0,0,0,1
REP004,DOC026,MOL01,2025-06,3.733526550231048,24,10,0,0,0,0,1
REP007,DOC026,MOL01,2025-06,3.733526550231048,24,10,0,0,0,0,1
REP008,DOC026,MOL01,2025-06,3.733526550231048,24,10,0,0,0,0,0
REP004,DOC031,MOL01,2025-06,3.4477716301112507,25,6,0,0,0,0,1
REP003,DOC031,MOL01,2025-06,3.4477716301112507,25,6,0,0,0,0,1
REP007,DOC031,MOL01,2025-06,3.4477716301112507,25,6,0,0,0,0,1
REP010,DOC031,MOL01,2025-06,3.4477716301112507,25,6,0,0,0,0,0
REP006,DOC031,MOL01,2025-06,3.4477716301112507,25,6,0,0,0,0,1
REP005,DOC028,MOL01,2025-06,2.06627672076904,26,72,0,0,0,0,1
REP006,DOC028,MOL01,2025-06,2.06627672076904,26,72,0,0,0,0,1
REP008,DOC028,MOL01,2025-06,2.06627672076904,26,72,0,0,0,0,0
REP003,DOC028,MOL01,2025-06,2.06627672076904,26,72,0,0,0,0,1
REP001,DOC028,MOL01,2025-06,2.06627672076904,26,72,0,0,0,0,1
REP007,DOC028,MOL01,2025-06,2.06627672076904,26,72,0,0,0,0,1
REP004,DOC017,MOL01,2025-06,0.1681839819566469,27,11,0,0,0,0,1
REP005,DOC017,MOL01,2025-06,0.1681839819566469,27,11,0,0,0,0,1
REP002,DOC017,MOL01,2025-06,0.1681839819566469,27,11,0,0,0,0,0
REP001,DOC017,MOL01,2025-06,0.1681839819566469,27,11,0,0,0,0,1
REP009,DOC017,MOL01,2025-06,0.1681839819566469,27,11,0,0,0,0,1
REP006,DOC017,MOL01,2025-06,0.1681839819566469,27,11,0,0,0,0,1
REP007,DOC017,MOL01,2025-06,0.1681839819566469,27,11,0,0,0,0,1
REP002,DOC021,MOL01,2025-06,0.0,28,14,0,0,0,0,0
REP010,DOC021,MOL01,2025-06,0.0,28,14,0,0,0,0,0
REP009,DOC021,MOL01,2025-06,0.0,28,14,0,0,0,0,1
REP003,DOC021,MOL01,2025-06,0.0,28,14,0,0,0,0,1
REP006,DOC021,MOL01,2025-06,0.0,28,14,0,0,0,0,1
REP007,DOC021,MOL01,2025-06,0.0,28,14,0,0,0,0,1
REP004,DOC021,MOL01,2025-06,0.0,28,14,0,0,0,0,1
REP001,DOC021,MOL01,2025-06,0.0,28,14,0,0,0,0,1
REP009,DOC046,MOL02,2025-01,100.0,1,9,0,0,0,1,1
REP003,DOC046,MOL02,2025-01,100.0,1,9,0,0,0,1,1
REP005,DOC046,MOL02,2025-01,100.0,1,9,0,0,0,1,1
REP002,DOC046,MOL02,2025-01,100.0,1,9,0,0,0,1,0
REP001,DOC046,MOL02,2025-01,100.0,1,9,0,0,0,1,1
REP010,DOC046,MOL02,2025-01,100.0,1,9,0,0,0,1,0
REP004,DOC004,MOL02,2025-01,86.75894746268754,2,40,1,0,0,1,1
REP002,DOC004,MOL02,2025-01,86.75894746268754,2,40,1,0,0,1,0
REP006,DOC004,MOL02,2025-01,86.75894746268754,2,40,1,0,0,1,1
REP008,DOC004,MOL02,2025-01,86.75894746268754,2,40,1,0,0,1,0
REP007,DOC004,MOL02,2025-01,86.75894746268754,2,40,1,0,0,1,1
REP004,DOC031,MOL02,2025-01,77.93772161474767,3,6,0,0,0,0,1
REP003,DOC031,MOL02,2025-01,77.93772161474767,3,6,0,0,0,0,1
REP007,DOC031,MOL02,2025-01,77.93772161474767,3,6,0,0,0,0,1
REP010,DOC031,MOL02,2025-01,77.93772161474767,3,6,0,0,0,0,0
REP006,DOC031,MOL02,2025-01,77.93772161474767,3,6,0,0,0,0,1
REP008,DOC030,MOL02,2025-01,75.59435915653792,4,5,0,0,0,0,0
REP001,DOC030,MOL02,2025-01,75.59435915653792,4,5,0,0,0,0,1
REP004,DOC030,MOL02,2025-01,75.59435915653792,4,5,0,0,0,0,1
REP009,DOC030,MOL02,2025-01,75.59435915653792,4,5,0,0,0,0,1
REP010,DOC030,MOL02,2025-01,75.59435915653792,4,5,0,0,0,0,0
REP005,DOC030,MOL02,2025-01,75.59435915653792,4,5,0,0,0,0,1
REP007,DOC020,MOL02,2025-01,51.96319064739902,5,9,0,0,0,1,1
REP008,DOC020,MOL02,2025-01,51.96319064739902,5,9,0,0,0,1,0
REP004,DOC020,MOL02,2025-01,51.96319064739902,5,9,0,0,0,1,1
REP006,DOC020,MOL02,2025-01,51.96319064739902,5,9,0,0,0,1,1
REP005,DOC020,MOL02,2025-01,51.96319064739902,5,9,0,0,0,1,1
REP010,DOC050,MOL02,2025-01,39.51573433262281,6,23,0,0,0,1,0
REP007,DOC050,MOL02,2025-01,39.51573433262281,6,23,0,0,0,1,1
REP004,DOC050,MOL02,2025-01,39.51573433262281,6,23,0,0,0,1,1
REP009,DOC050,MOL02,2025-01,39.51573433262281,6,23,0,0,0,1,1
REP003,DOC050,MOL02,2025-01,39.51573433262281,6,23,0,0,0,1,1
REP006,DOC050,MOL02,2025-01,39.51573433262281,6,23,0,0,0,1,1
REP006,DOC032,MOL02,2025-01,38.67420739689098,7,14,0,0,0,1,1
REP005,DOC032,MOL02,2025-01,38.67420739689098,7,14,0,0,0,1,1
REP010,DOC032,MOL02,2025-01,38.67420739689098,7,14,0,0,0,1,0
REP002,DOC032,MOL02,2025-01,38.67420739689098,7,14,0,0,0,1,0
REP009,DOC032,MOL02,2025-01,38.67420739689098,7,14,0,0,0,1,1
REP001,DOC032,MOL02,2025-01,38.67420739689098,7,14,0,0,0,1,1
REP007,DOC032,MOL02,2025-01,38.67420739689098,7,14,0,0,0,1,1
REP009,DOC042,MOL02,2025-01,37.97890059859967,8,5,0,0,0,0,1
REP002,DOC042,MOL02,2025-01,37.97890059859967,8,5,0,0,0,0,0
REP001,DOC042,MOL02,2025-01,37.97890059859967,8,5,0,0,0,0,1
REP007,DOC042,MOL02,2025-01,37.97890059859967,8,5,0,0,0,0,1
REP006,DOC042,MOL02,2025-01,37.97890059859967,8,5,0,0,0,0,1
REP001,DOC039,MOL02,2025-01,34.82946633948822,9,2,0,0,0,0,1
REP007,DOC039,MOL02,2025-01,34.82946633948822,9,2,0,0,0,0,1
REP005,DOC039,MOL02,2025-01,34.82946633948822,9,2,0,0,0,0,1
REP008,DOC039,MOL02,2025-01,34.82946633948822,9,2,0,0,0,0,0
REP010,DOC039,MOL02,2025-01,34.82946633948822,9,2,0,0,0,0,0
REP003,DOC039,MOL02,2025-01,34.82946633948822,9,2,0,0,0,0,1
REP004,DOC039,MOL02,2025-01,34.82946633948822,9,2,0,0,0,0,1
REP008,DOC044,MOL02,2025-01,32.94624349982428,10,26,0,0,0,1,0
REP005,DOC044,MOL02,2025-01,32.94624349982428,10,26,0,0,0,1,1
REP007,DOC044,MOL02,2025-01,32.94624349982428,10,26,0,0,0,1,1
REP010,DOC044,MOL02,2025-01,32.94624349982428,10,26,0,0,0,1,0
REP006,DOC009,MOL02,2025-01,27.23941135833961,11,44,0,0,0,1,1
REP001,DOC009,MOL02,2025-01,27.23941135833961,11,44,0,0,0,1,1
REP004,DOC009,MOL02,2025-01,27.23941135833961,11,44,0,0,0,1,1
REP002,DOC009,MOL02,2025-01,27.23941135833961,11,44,0,0,0,1,0
REP007,DOC009,MOL02,2025-01,27.23941135833961,11,44,0,0,0,1,1
REP009,DOC048,MOL02,2025-01,26.247950901602085,12,13,0,0,0,1,1
REP010,DOC048,MOL02,2025-01,26.247950901602085,12,13,0,0,0,1,0
REP004,DOC048,MOL02,2025-01,26.247950901602085,12,13,0,0,0,1,1
REP001,DOC048,MOL02,2025-01,26.247950901602085,12,13,0,0,0,1,1
REP002,DOC048,MOL02,2025-01,26.247950901602085,12,13,0,0,0,1,0
REP006,DOC048,MOL02,2025-01,26.247950901602085,12,13,0,0,0,1,1
REP003,DOC048,MOL02,2025-01,26.247950901602085,12,13,0,0,0,1,1
REP008,DOC048,MOL02,2025-01,26.247950901602085,12,13,0,0,0,1,0
REP004,DOC017,MOL02,2025-01,24.99370196538393,13,11,0,0,0,1,1
REP005,DOC017,MOL02,2025-01,24.99370196538393,13,11,0,0,0,1,1
REP002,DOC017,MOL02,2025-01,24.99370196538393,13,11,0,0,0,1,0
REP001,DOC017,MOL02,2025-01,24.99370196538393,13,11,0,0,0,1,1
REP009,DOC017,MOL02,2025-01,24.99370196538393,13,11,0,0,0,1,1
REP006,DOC017,MOL02,2025-01,24.99370196538393,13,11,0,0,0,1,1
REP007,DOC017,MOL02,2025-01,24.99370196538393,13,11,0,0,0,1,1
REP005,DOC026,MOL02,2025-01,21.61860182360473,14,10,0,0,0,1,1
REP001,DOC026,MOL02,2025-01,21.61860182360473,14,10,0,0,0,1,1
REP006,DOC026,MOL02,2025-01,21.61860182360473,14,10,0,0,0,1,1
REP009,DOC026,MOL02,2025-01,21.61860182360473,14,10,0,0,0,1,1
REP003,DOC026,MOL02,2025-01,21.61860182360473,14,10,0,0,0,1,1
REP004,DOC026,MOL02,2025-01,21.61860182360473,14,10,0,0,0,1,1
REP007,DOC026,MOL02,2025-01,21.61860182360473,14,10,0,0,0,1,1
REP008,DOC026,MOL02,2025-01,21.61860182360473,14,10,0,0,0,1,0
REP007,DOC003,MOL02,2025-01,21.248337050824347,15,0,0,0,0,0,1
REP010,DOC003,MOL02,2025-01,21.248337050824347,15,0,0,0,0,0,0
REP005,DOC003,MOL02,2025-01,21.248337050824347,15,0,0,0,0,0,1
REP003,DOC003,MOL02,2025-01,21.248337050824347,15,0,0,0,0,0,1
REP002,DOC003,MOL02,2025-01,21.248337050824347,15,0,0,0,0,0,0
REP004,DOC003,MOL02,2025-01,21.248337050824347,15,0,0,0,0,0,1
REP006,DOC003,MOL02,2025-01,21.248337050824347,15,0,0,0,0,0,1
REP009,DOC013,MOL02,2025-01,19.16991194019578,16,21,0,0,0,1,1
REP001,DOC013,MOL02,2025-01,19.16991194019578,16,21,0,0,0,1,1
REP004,DOC013,MOL02,2025-01,19.16991194019578,16,21,0,0,0,1,1
REP007,DOC013,MOL02,2025-01,19.16991194019578,16,21,0,0,0,1,1
REP008,DOC013,MOL02,2025-01,19.16991194019578,16,21,0,0,0,1,0
REP005,DOC013,MOL02,2025-01,19.16991194019578,16,21,0,0,0,1,1
REP002,DOC013,MOL02,2025-01,19.16991194019578,16,21,0,0,0,1,0
REP002,DOC021,MOL02,2025-01,18.974691261282945,17,14,0,0,0,1,0
REP010,DOC021,MOL02,2025-01,18.974691261282945,17,14,0,0,0,1,0
REP009,DOC021,MOL02,2025-01,18.974691261282945,17,14,0,0,0,1,1
REP003,DOC021,MOL02,2025-01,18.974691261282945,17,14,0,0,0,1,1
REP006,DOC021,MOL02,2025-01,18.974691261282945,17,14,0,0,0,1,1
REP007,DOC021,MOL02,2025-01,18.974691261282945,17,14,0,0,0,1,1
REP004,DOC021,MOL02,2025-01,18.974691261282945,17,14,0,0,0,1,1
REP001,DOC021,MOL02,2025-01,18.974691261282945,17,14,0,0,0,1,1
REP002,DOC022,MOL02,2025-01,17.26281005050679,18,0,0,0,0,0,0
REP001,DOC022,MOL02,2025-01,17.26281005050679,18,0,0,0,0,0,1
REP006,DOC022,MOL02,2025-01,17.26281005050679,18,0,0,0,0,0,1
REP007,DOC022,MOL02,2025-01,17.26281005050679,18,0,0,0,0,0,1
REP004,DOC022,MOL02,2025-01,17.26281005050679,18,0,0,0,0,0,1
REP010,DOC007,MOL02,2025-01,15.213557718059786,19,7,0,0,0,0,0
REP002,DOC007,MOL02,2025-01,15.213557718059786,19,7,0,0,0,0,0
REP009,DOC007,MOL02,2025-01,15.213557718059786,19,7,0,0,0,0,1
REP006,DOC007,MOL02,2025-01,15.213557718059786,19,7,0,0,0,0,1
REP004,DOC007,MOL02,2025-01,15.213557718059786,19,7,0,0,0,0,1
REP005,DOC007,MOL02,2025-01,15.213557718059786,19,7,0,0,0,0,1
REP003,DOC007,MOL02,2025-01,15.213557718059786,19,7,0,0,0,0,1
REP001,DOC034,MOL02,2025-01,14.630438450894523,20,6,0,0,0,0,1
REP003,DOC034,MOL02,2025-01,14.630438450894523,20,6,0,0,0,0,1
REP009,DOC034,MOL02,2025-01,14.630438450894523,20,6,0,0,0,0,1
REP006,DOC034,MOL02,2025-01,14.630438450894523,20,6,0,0,0,0,1
REP007,DOC034,MOL02,2025-01,14.630438450894523,20,6,0,0,0,0,1
REP005,DOC034,MOL02,2025-01,14.630438450894523,20,6,0,0,0,0,1
REP002,DOC034,MOL02,2025-01,14.630438450894523,20,6,0,0,0,0,0
REP002,DOC015,MOL02,2025-01,14.620821703070447,21,0,0,0,0,0,0
REP007,DOC015,MOL02,2025-01,14.620821703070447,21,0,0,0,0,0,1
REP001,DOC015,MOL02,2025-01,14.620821703070447,21,0,0,0,0,0,1
REP006,DOC015,MOL02,2025-01,14.620821703070447,21,0,0,0,0,0,1
REP003,DOC015,MOL02,2025-01,14.620821703070447,21,0,0,0,0,0,1
REP005,DOC016,MOL02,2025-01,12.33930433229182,22,21,0,0,0,1,1
REP006,DOC016,MOL02,2025-01,12.33930433229182,22,21,0,0,0,1,1
REP009,DOC016,MOL02,2025-01,12.33930433229182,22,21,0,0,0,1,1
REP003,DOC016,MOL02,2025-01,12.33930433229182,22,21,0,0,0,1,1
REP001,DOC016,MOL02,2025-01,12.33930433229182,22,21,0,0,0,1,1
REP010,DOC016,MOL02,2025-01,12.33930433229182,22,21,0,0,0,1,0
REP004,DOC006,MOL02,2025-01,12.263016297503832,23,1,0,0,0,0,1
REP008,DOC006,MOL02,2025-01,12.263016297503832,23,1,0,0,0,0,0
REP010,DOC006,MOL02,2025-01,12.263016297503832,23,1,0,0,0,0,0
REP007,DOC008,MOL02,2025-01,11.16319494896595,24,0,0,0,0,0,1
REP001,DOC008,MOL02,2025-01,11.16319494896595,24,0,0,0,0,0,1
REP009,DOC008,MOL02,2025-01,11.16319494896595,24,0,0,0,0,0,1
REP006,DOC008,MOL02,2025-01,11.16319494896595,24,0,0,0,0,0,1
REP005,DOC008,MOL02,2025-01,11.16319494896595,24,0,0,0,0,0,1
REP004,DOC008,MOL02,2025-01,11.16319494896595,24,0,0,0,0,0,1
REP003,DOC008,MOL02,2025-01,11.16319494896595,24,0,0,0,0,0,1
REP008,DOC005,MOL02,2025-01,7.7216857760239135,25,13,0,0,0,1,0
REP004,DOC005,MOL02,2025-01,7.7216857760239135,25,13,0,0,0,1,1
REP002,DOC005,MOL02,2025-01,7.7216857760239135,25,13,0,0,0,1,0
REP007,DOC005,MOL02,2025-01,7.7216857760239135,25,13,0,0,0,1,1
REP003,DOC005,MOL02,2025-01,7.7216857760239135,25,13,0,0,0,1,1
REP005,DOC005,MOL02,2025-01,7.7216857760239135,25,13,0,0,0,1,1
REP006,DOC005,MOL02,2025-01,7.7216857760239135,25,13,0,0,0,1,1
REP008,DOC023,MOL02,2025-01,5.804613174131195,26,8,0,0,0,1,0
REP007,DOC023,MOL02,2025-01,5.804613174131195,26,8,0,0,0,1,1
REP004,DOC023,MOL02,2025-01,5.804613174131195,26,8,0,0,0,1,1
REP006,DOC023,MOL02,2025-01,5.804613174131195,26,8,0,0,0,1,1
REP002,DOC023,MOL02,2025-01,5.804613174131195,26,8,0,0,0,1,0
REP010,DOC023,MOL02,2025-01,5.804613174131195,26,8,0,0,0,1,0
REP010,DOC036,MOL02,2025-01,5.08765079532519,27,4,0,0,0,0,0
REP009,DOC036,MOL02,2025-01,5.08765079532519,27,4,0,0,0,0,1
REP007,DOC036,MOL02,2025-01,5.08765079532519,27,4,0,0,0,0,1
REP005,DOC036,MOL02,2025-01,5.08765079532519,27,4,0,0,0,0,1
REP001,DOC036,MOL02,2025-01,5.08765079532519,27,4,0,0,0,0,1
REP004,DOC036,MOL02,2025-01,5.08765079532519,27,4,0,0,0,0,1
REP006,DOC036,MOL02,2025-01,5.08765079532519,27,4,0,0,0,0,1
REP002,DOC036,MOL02,2025-01,5.08765079532519,27,4,0,0,0,0,0
REP009,DOC035,MOL02,2025-01,4.396125444504289,28,61,0,0,0,1,1
REP003,DOC035,MOL02,2025-01,4.396125444504289,28,61,0,0,0,1,1
REP008,DOC035,MOL02,2025-01,4.396125444504289,28,61,0,0,0,1,0
REP004,DOC035,MOL02,2025-01,4.396125444504289,28,61,0,0,0,1,1
REP006,DOC035,MOL02,2025-01,4.396125444504289,28,61,0,0,0,1,1
REP010,DOC035,MOL02,2025-01,4.396125444504289,28,61,0,0,0,1,0
REP004,DOC047,MOL02,2025-01,4.346730776588511,29,11,0,0,0,1,1
REP003,DOC047,MOL02,2025-01,4.346730776588511,29,11,0,0,0,1,1
REP009,DOC047,MOL02,2025-01,4.346730776588511,29,11,0,0,0,1,1
REP001,DOC047,MOL02,2025-01,4.346730776588511,29,11,0,0,0,1,1
REP005,DOC047,MOL02,2025-01,4.346730776588511,29,11,0,0,0,1,1
REP008,DOC047,MOL02,2025-01,4.346730776588511,29,11,0,0,0,1,0
REP007,DOC047,MOL02,2025-01,4.346730776588511,29,11,0,0,0,1,1
REP006,DOC047,MOL02,2025-01,4.346730776588511,29,11,0,0,0,1,1
REP010,DOC047,MOL02,2025-01,4.346730776588511,29,11,0,0,0,1,0
REP005,DOC011,MOL02,2025-01,3.062469410778269,30,11,0,0,0,1,1
REP007,DOC011,MOL02,2025-01,3.062469410778269,30,11,0,0,0,1,1
REP001,DOC011,MOL02,2025-01,3.062469410778269,30,11,0,0,0,1,1
REP008,DOC011,MOL02,2025-01,3.062469410778269,30,11,0,0,0,1,0
REP009,DOC011,MOL02,2025-01,3.062469410778269,30,11,0,0,0,1,1
REP002,DOC011,MOL02,2025-01,3.062469410778269,30,11,0,0,0,1,0
REP006,DOC011,MOL02,2025-01,3.062469410778269,30,11,0,0,0,1,1
REP004,DOC011,MOL02,2025-01,3.062469410778269,30,11,0,0,0,1,1
REP008,DOC025,MOL02,2025-01,2.766101403283597,31,2,0,0,0,0,0
REP006,DOC025,MOL02,2025-01,2.766101403283597,31,2,0,0,0,0,1
REP002,DOC025,MOL02,2025-01,2.766101403283597,31,2,0,0,0,0,0
REP003,DOC025,MOL02,2025-01,2.766101403283597,31,2,0,0,0,0,1
REP007,DOC025,MOL02,2025-01,2.766101403283597,31,2,0,0,0,0,1
REP010,DOC025,MOL02,2025-01,2.766101403283597,31,2,0,0,0,0,0
REP009,DOC025,MOL02,2025-01,2.766101403283597,31,2,0,0,0,0,1
REP004,DOC025,MOL02,2025-01,2.766101403283597,31,2,0,0,0,0,1
REP001,DOC025,MOL02,2025-01,2.766101403283597,31,2,0,0,0,0,1
REP009,DOC038,MOL02,2025-01,1.5806293733049124,32,96,0,0,0,1,1
REP010,DOC038,MOL02,2025-01,1.5806293733049124,32,96,0,0,0,1,0
REP004,DOC038,MOL02,2025-01,1.5806293733049124,32,96,0,0,0,1,1
REP002,DOC038,MOL02,2025-01,1.5806293733049124,32,96,0,0,0,1,0
REP006,DOC038,MOL02,2025-01,1.5806293733049124,32,96,0,0,0,1,1
REP004,DOC014,MOL02,2025-01,0.0,33,9,0,0,0,0,1
REP009,DOC014,MOL02,2025-01,0.0,33,9,0,0,0,0,1
REP001,DOC014,MOL02,2025-01,0.0,33,9,0,0,0,0,1
REP006,DOC014,MOL02,2025-01,0.0,33,9,0,0,0,0,1
REP003,DOC014,MOL02,2025-01,0.0,33,9,0,0,0,0,1
REP009,DOC048,MOL02,2025-02,100.0,1,13,0,0,0,0,1
REP010,DOC048,MOL02,2025-02,100.0,1,13,0,0,0,0,0
REP004,DOC048,MOL02,2025-02,100.0,1,13,0,0,0,0,1
REP001,DOC048,MOL02,2025-02,100.0,1,13,0,0,0,0,1
REP002,DOC048,MOL02,2025-02,100.0,1,13,0,0,0,0,0
REP006,DOC048,MOL02,2025-02,100.0,1,13,0,0,0,0,1
REP003,DOC048,MOL02,2025-02,100.0,1,13,0,0,0,0,1
REP008,DOC048,MOL02,2025-02,100.0,1,13,0,0,0,0,0
REP008,DOC002,MOL02,2025-02,97.58984553973256,2,6,0,0,0,0,0
REP004,DOC002,MOL02,2025-02,97.58984553973256,2,6,0,0,0,0,1
REP005,DOC002,MOL02,2025-02,97.58984553973256,2,6,0,0,0,0,1
REP003,DOC002,MOL02,2025-02,97.58984553973256,2,6,0,0,0,0,1
REP007,DOC002,MOL02,2025-02,97.58984553973256,2,6,0,0,0,0,1
REP002,DOC043,MOL02,2025-02,97.08809826189334,3,24,0,0,0,1,0
REP008,DOC043,MOL02,2025-02,97.08809826189334,3,24,0,0,0,1,0
REP001,DOC043,MOL02,2025-02,97.08809826189334,3,24,0,0,0,1,1
REP005,DOC043,MOL02,2025-02,97.08809826189334,3,24,0,0,0,1,1
REP004,DOC043,MOL02,2025-02,97.08809826189334,3,24,0,0,0,1,1
REP006,DOC010,MOL02,2025-02,94.57936187269712,4,0,0,0,0,0,1
REP005,DOC010,MOL02,2025-02,94.57936187269712,4,0,0,0,0,0,1
REP009,DOC010,MOL02,2025-02,94.57936187269712,4,0,0,0,0,0,1
REP003,DOC010,MOL02,2025-02,94.57936187269712,4,0,0,0,0,0,1
REP007,DOC010,MOL02,2025-02,94.57936187269712,4,0,0,0,0,0,1
REP001,DOC010,MOL02,2025-02,94.57936187269712,4,0,0,0,0,0,1
REP008,DOC010,MOL02,2025-02,94.57936187269712,4,0,0,0,0,0,0
REP004,DOC004,MOL02,2025-02,83.6104894473617,5,40,1,0,0,0,1
REP002,DOC004,MOL02,2025-02,83.6104894473617,5,40,1,0,0,0,0
REP006,DOC004,MOL02,2025-02,83.6104894473617,5,40,1,0,0,0,1
REP008,DOC004,MOL02,2025-02,83.6104894473617,5,40,1,0,0,0,0
REP007,DOC004,MOL02,2025-02,83.6104894473617,5,40,1,0,0,0,1
REP008,DOC030,MOL02,2025-02,73.83639295570957,6,5,0,0,0,0,0
REP001,DOC030,MOL02,2025-02,73.83639295570957,6,5,0,0,0,0,1
REP004,DOC030,MOL02,2025-02,73.83639295570957,6,5,0,0,0,0,1
REP009,DOC030,MOL02,2025-02,73.83639295570957,6,5,0,0,0,0,1
REP010,DOC030,MOL02,2025-02,73.83639295570957,6,5,0,0,0,0,0
REP005,DOC030,MOL02,2025-02,73.83639295570957,6,5,0,0,0,0,1
REP004,DOC031,MOL02,2025-02,72.45470737464788,7,6,0,0,0,0,1
REP003,DOC031,MOL02,2025-02,72.45470737464788,7,6,0,0,0,0,1
REP007,DOC031,MOL02,2025-02,72.45470737464788,7,6,0,0,0,0,1
REP010,DOC031,MOL02,2025-02,72.45470737464788,7,6,0,0,0,0,0
REP006,DOC031,MOL02,2025-02,72.45470737464788,7,6,0,0,0,0,1
REP009,DOC013,MOL02,2025-02,67.83112492192117,8,21,0,0,0,0,1
REP001,DOC013,MOL02,2025-02,67.83112492192117,8,21,0,0,0,0,1
REP004,DOC013,MOL02,2025-02,67.83112492192117,8,21,0,0,0,0,1
REP007,DOC013,MOL02,2025-02,67.83112492192117,8,21,0,0,0,0,1
REP008,DOC013,MOL02,2025-02,67.83112492192117,8,21,0,0,0,0,0
REP005,DOC013,MOL02,2025-02,67.83112492192117,8,21,0,0,0,0,1
REP002,DOC013,MOL02,2025-02,67.83112492192117,8,21,0,0,0,0,0
REP009,DOC046,MOL02,2025-02,51.89804905770591,9,9,0,0,0,0,1
REP003,DOC046,MOL02,2025-02,51.89804905770591,9,9,0,0,0,0,1
REP005,DOC046,MOL02,2025-02,51.89804905770591,9,9,0,0,0,0,1
REP002,DOC046,MOL02,2025-02,51.89804905770591,9,9,0,0,0,0,0
REP001,DOC046,MOL02,2025-02,51.89804905770591,9,9,0,0,0,0,1
REP010,DOC046,MOL02,2025-02,51.89804905770591,9,9,0,0,0,0,0
REP001,DOC039,MOL02,2025-02,46.40266957326036,10,2,0,0,0,0,1
REP007,DOC039,MOL02,2025-02,46.40266957326036,10,2,0,0,0,0,1
REP005,DOC039,MOL02,2025-02,46.40266957326036,10,2,0,0,0,0,1
REP008,DOC039,MOL02,2025-02,46.40266957326036,10,2,0,0,0,0,0
REP010,DOC039,MOL02,2025-02,46.40266957326036,10,2,0,0,0,0,0
REP003,DOC039,MOL02,2025-02,46.40266957326036,10,2,0,0,0,0,1
REP004,DOC039,MOL02,2025-02,46.40266957326036,10,2,0,0,0,0,1
REP004,DOC047,MOL02,2025-02,44.90638136661215,11,11,0,0,0,0,1
REP003,DOC047,MOL02,2025-02,44.90638136661215,11,11,0,0,0,0,1
REP009,DOC047,MOL02,2025-02,44.90638136661215,11,11,0,0,0,0,1
REP001,DOC047,MOL02,2025-02,44.90638136661215,11,11,0,0,0,0,1
REP005,DOC047,MOL02,2025-02,44.90638136661215,11,11,0,0,0,0,1
REP008,DOC047,MOL02,2025-02,44.90638136661215,11,11,0,0,0,0,0
REP007,DOC047,MOL02,2025-02,44.90638136661215,11,11,0,0,0,0,1
REP006,DOC047,MOL02,2025-02,44.90638136661215,11,11,0,0,0,0,1
REP010,DOC047,MOL02,2025-02,44.90638136661215,11,11,0,0,0,0,0
REP005,DOC016,MOL02,2025-02,42.29128577181646,12,21,0,0,0,0,1
REP006,DOC016,MOL02,2025-02,42.29128577181646,12,21,0,0,0,0,1
REP009,DOC016,MOL02,2025-02,42.29128577181646,12,21,0,0,0,0,1
REP003,DOC016,MOL02,2025-02,42.29128577181646,12,21,0,0,0,0,1
REP001,DOC016,MOL02,2025-02,42.29128577181646,12,21,0,0,0,0,1
REP010,DOC016,MOL02,2025-02,42.29128577181646,12,21,0,0,0,0,0
REP010,DOC001,MOL02,2025-02,41.39415042173746,13,12,0,0,0,1,0
REP002,DOC001,MOL02,2025-02,41.39415042173746,13,12,0,0,0,1,0
REP006,DOC001,MOL02,2025-02,41.39415042173746,13,12,0,0,0,1,1
REP007,DOC001,MOL02,2025-02,41.39415042173746,13,12,0,0,0,1,1
REP005,DOC001,MOL02,2025-02,41.39415042173746,13,12,0,0,0,1,1
REP008,DOC001,MOL02,2025-02,41.39415042173746,13,12,0,0,0,1,0
REP010,DOC036,MOL02,2025-02,40.39065586605898,14,4,0,0,0,0,0
REP009,DOC036,MOL02,2025-02,40.39065586605898,14,4,0,0,0,0,1
REP007,DOC036,MOL02,2025-02,40.39065586605898,14,4,0,0,0,0,1
REP005,DOC036,MOL02,2025-02,40.39065586605898,14,4,0,0,0,0,1
REP001,DOC036,MOL02,2025-02,40.39065586605898,14,4,0,0,0,0,1
REP004,DOC036,MOL02,2025-02,40.39065586605898,14,4,0,0,0,0,1
REP006,DOC036,MOL02,2025-02,40.39065586605898,14,4,0,0,0,0,1
REP002,DOC036,MOL02,2025-02,40.39065586605898,14,4,0,0,0,0,0
REP007,DOC020,MOL02,2025-02,34.36968853198807,15,9,0,0,0,0,1
REP008,DOC020,MOL02,2025-02,34.36968853198807,15,9,0,0,0,0,0
REP004,DOC020,MOL02,2025-02,34.36968853198807,15,9,0,0,0,0,1
REP006,DOC020,MOL02,2025-02,34.36968853198807,15,9,0,0,0,0,1
REP005,DOC020,MOL02,2025-02,34.36968853198807,15,9,0,0,0,0,1
REP009,DOC038,MOL02,2025-02,30.85745758711338,16,96,0,0,0,0,1
REP010,DOC038,MOL02,2025-02,30.85745758711338,16,96,0,0,0,0,0
REP004,DOC038,MOL02,2025-02,30.85745758711338,16,96,0,0,0,0,1
REP002,DOC038,MOL02,2025-02,30.85745758711338,16,96,0,0,0,0,0
REP006,DOC038,MOL02,2025-02,30.85745758711338,16,96,0,0,0,0,1
REP006,DOC027,MOL02,2025-02,30.35571030927414,17,1,0,0,0,0,1
REP009,DOC027,MOL02,2025-02,30.35571030927414,17,1,0,0,0,0,1
REP008,DOC027,MOL02,2025-02,30.35571030927414,17,1,0,0,0,0,0
REP007,DOC027,MOL02,2025-02,30.35571030927414,17,1,0,0,0,0,1
REP010,DOC027,MOL02,2025-02,30.35571030927414,17,1,0,0,0,0,0
REP002,DOC022,MOL02,2025-02,27.57211369504183,18,0,0,0,0,0,0
REP001,DOC022,MOL02,2025-02,27.57211369504183,18,0,0,0,0,0,1
REP006,DOC022,MOL02,2025-02,27.57211369504183,18,0,0,0,0,0,1
REP007,DOC022,MOL02,2025-02,27.57211369504183,18,0,0,0,0,0,1
REP004,DOC022,MOL02,2025-02,27.57211369504183,18,0,0,0,0,0,1
REP006,DOC009,MOL02,2025-02,27.548092713964365,19,44,0,0,0,0,1
REP001,DOC009,MOL02,2025-02,27.548092713964365,19,44,0,0,0,0,1
REP004,DOC009,MOL02,2025-02,27.548092713964365,19,44,0,0,0,0,1
REP002,DOC009,MOL02,2025-02,27.548092713964365,19,44,0,0,0,0,0
REP007,DOC009,MOL02,2025-02,27.548092713964365,19,44,0,0,0,0,1
REP007,DOC012,MOL02,2025-02,27.34522664223869,20,13,0,0,0,1,1
REP001,DOC012,MOL02,2025-02,27.34522664223869,20,13,0,0,0,1,1
REP008,DOC041,MOL02,2025-02,27.34522664223869,20,19,0,0,0,1,0
REP007,DOC041,MOL02,2025-02,27.34522664223869,20,19,0,0,0,1,1
REP003,DOC041,MOL02,2025-02,27.34522664223869,20,19,0,0,0,1,1
REP006,DOC041,MOL02,2025-02,27.34522664223869,20,19,0,0,0,1,1
REP007,DOC003,MOL02,2025-02,26.58703788675004,22,0,0,0,0,0,1
REP010,DOC003,MOL02,2025-02,26.58703788675004,22,0,0,0,0,0,0
REP005,DOC003,MOL02,2025-02,26.58703788675004,22,0,0,0,0,0,1
REP003,DOC003,MOL02,2025-02,26.58703788675004,22,0,0,0,0,0,1
REP002,DOC003,MOL02,2025-02,26.58703788675004,22,0,0,0,0,0,0
REP004,DOC003,MOL02,2025-02,26.58703788675004,22,0,0,0,0,0,1
REP006,DOC003,MOL02,2025-02,26.58703788675004,22,0,0,0,0,0,1
REP005,DOC026,MOL02,2025-02,25.325602921503133,23,10,0,0,0,0,1
REP001,DOC026,MOL02,2025-02,25.325602921503133,23,10,0,0,0,0,1
REP006,DOC026,MOL02,2025-02,25.325602921503133,23,10,0,0,0,0,1
REP009,DOC026,MOL02,2025-02,25.325602921503133,23,10,0,0,0,0,1
REP003,DOC026,MOL02,2025-02,25.325602921503133,23,10,0,0,0,0,1
REP004,DOC026,MOL02,2025-02,25.325602921503133,23,10,0,0,0,0,1
REP007,DOC026,MOL02,2025-02,25.325602921503133,23,10,0,0,0,0,1
REP008,DOC026,MOL02,2025-02,25.325602921503133,23,10,0,0,0,0,0
REP009,DOC042,MOL02,2025-02,23.23446756857117,24,5,0,0,0,0,1
REP002,DOC042,MOL02,2025-02,23.23446756857117,24,5,0,0,0,0,0
REP001,DOC042,MOL02,2025-02,23.23446756857117,24,5,0,0,0,0,1
REP007,DOC042,MOL02,2025-02,23.23446756857117,24,5,0,0,0,0,1
REP006,DOC042,MOL02,2025-02,23.23446756857117,24,5,0,0,0,0,1
REP006,DOC032,MOL02,2025-02,22.07712545346695,25,14,0,0,0,0,1
REP005,DOC032,MOL02,2025-02,22.07712545346695,25,14,0,0,0,0,1
REP010,DOC032,MOL02,2025-02,22.07712545346695,25,14,0,0,0,0,0
REP002,DOC032,MOL02,2025-02,22.07712545346695,25,14,0,0,0,0,0
REP009,DOC032,MOL02,2025-02,22.07712545346695,25,14,0,0,0,0,1
REP001,DOC032,MOL02,2025-02,22.07712545346695,25,14,0,0,0,0,1
REP007,DOC032,MOL02,2025-02,22.07712545346695,25,14,0,0,0,0,1
REP002,DOC021,MOL02,2025-02,20.18974365412508,26,14,0,0,0,0,0
REP010,DOC021,MOL02,2025-02,20.18974365412508,26,14,0,0,0,0,0
REP009,DOC021,MOL02,2025-02,20.18974365412508,26,14,0,0,0,0,1
REP003,DOC021,MOL02,2025-02,20.18974365412508,26,14,0,0,0,0,1
REP006,DOC021,MOL02,2025-02,20.18974365412508,26,14,0,0,0,0,1
REP007,DOC021,MOL02,2025-02,20.18974365412508,26,14,0,0,0,0,1
REP004,DOC021,MOL02,2025-02,20.18974365412508,26,14,0,0,0,0,1
REP001,DOC021,MOL02,2025-02,20.18974365412508,26,14,0,0,0,0,1
REP003,DOC024,MOL02,2025-02,18.564649280051952,27,3,0,0,0,0,1
REP005,DOC024,MOL02,2025-02,18.564649280051952,27,3,0,0,0,0,1
REP006,DOC024,MOL02,2025-02,18.564649280051952,27,3,0,0,0,0,1
REP007,DOC024,MOL02,2025-02,18.564649280051952,27,3,0,0,0,0,1
REP008,DOC024,MOL02,2025-02,18.564649280051952,27,3,0,0,0,0,0
REP010,DOC024,MOL02,2025-02,18.564649280051952,27,3,0,0,0,0,0
REP001,DOC024,MOL02,2025-02,18.564649280051952,27,3,0,0,0,0,1
REP001,DOC034,MOL02,2025-02,15.298814595684917,28,6,0,0,0,0,1
REP003,DOC034,MOL02,2025-02,15.298814595684917,28,6,0,0,0,0,1
REP009,DOC034,MOL02,2025-02,15.298814595684917,28,6,0,0,0,0,1
REP006,DOC034,MOL02,2025-02,15.298814595684917,28,6,0,0,0,0,1
REP007,DOC034,MOL02,2025-02,15.298814595684917,28,6,0,0,0,0,1
REP005,DOC034,MOL02,2025-02,15.298814595684917,28,6,0,0,0,0,1
REP002,DOC034,MOL02,2025-02,15.298814595684917,28,6,0,0,0,0,0
REP004,DOC006,MOL02,2025-02,14.718545388221528,29,1,0,0,0,0,1
REP008,DOC006,MOL02,2025-02,14.718545388221528,29,1,0,0,0,0,0
REP010,DOC006,MOL02,2025-02,14.718545388221528,29,1,0,0,0,0,0
REP008,DOC005,MOL02,2025-02,14.398478635059467,30,13,0,0,0,0,0
REP004,DOC005,MOL02,2025-02,14.398478635059467,30,13,0,0,0,0,1
REP002,DOC005,MOL02,2025-02,14.398478635059467,30,13,0,0,0,0,0
REP007,DOC005,MOL02,2025-02,14.398478635059467,30,13,0,0,0,0,1
REP003,DOC005,MOL02,2025-02,14.398478635059467,30,13,0,0,0,0,1
REP005,DOC005,MOL02,2025-02,14.398478635059467,30,13,0,0,0,0,1
REP006,DOC005,MOL02,2025-02,14.398478635059467,30,13,0,0,0,0,1
REP007,DOC037,MOL02,2025-02,9.282324640025978,31,10,0,0,0,1,1
REP003,DOC037,MOL02,2025-02,9.282324640025978,31,10,0,0,0,1,1
REP006,DOC037,MOL02,2025-02,9.282324640025978,31,10,0,0,0,1,1
REP002,DOC037,MOL02,2025-02,9.282324640025978,31,10,0,0,0,1,0
REP005,DOC037,MOL02,2025-02,9.282324640025978,31,10,0,0,0,1,1
REP009,DOC037,MOL02,2025-02,9.282324640025978,31,10,0,0,0,1,1
REP005,DOC011,MOL02,2025-02,8.278830084347492,32,11,0,0,0,0,1
REP007,DOC011,MOL02,2025-02,8.278830084347492,32,11,0,0,0,0,1
REP001,DOC011,MOL02,2025-02,8.278830084347492,32,11,0,0,0,0,1
REP008,DOC011,MOL02,2025-02,8.278830084347492,32,11,0,0,0,0,0
REP009,DOC011,MOL02,2025-02,8.278830084347492,32,11,0,0,0,0,1
REP002,DOC011,MOL02,2025-02,8.278830084347492,32,11,0,0,0,0,0
REP006,DOC011,MOL02,2025-02,8.278830084347492,32,11,0,0,0,0,1
REP004,DOC011,MOL02,2025-02,8.278830084347492,32,11,0,0,0,0,1
REP008,DOC023,MOL02,2025-02,6.55296686467284,33,8,0,0,0,0,0
REP007,DOC023,MOL02,2025-02,6.55296686467284,33,8,0,0,0,0,1
REP004,DOC023,MOL02,2025-02,6.55296686467284,33,8,0,0,0,0,1
REP006,DOC023,MOL02,2025-02,6.55296686467284,33,8,0,0,0,0,1
REP002,DOC023,MOL02,2025-02,6.55296686467284,33,8,0,0,0,0,0
REP010,DOC023,MOL02,2025-02,6.55296686467284,33,8,0,0,0,0,0
REP008,DOC044,MOL02,2025-02,0.0,34,26,0,0,0,0,0
REP005,DOC044,MOL02,2025-02,0.0,34,26,0,0,0,0,1
REP007,DOC044,MOL02,2025-02,0.0,34,26,0,0,0,0,1
REP010,DOC044,MOL02,2025-02,0.0,34,26,0,0,0,0,0
REP010,DOC001,MOL02,2025-03,100.0,1,12,0,0,0,0,0
REP002,DOC001,MOL02,2025-03,100.0,1,12,0,0,0,0,0
REP006,DOC001,MOL02,2025-03,100.0,1,12,0,0,0,0,1
REP007,DOC001,MOL02,2025-03,100.0,1,12,0,0,0,0,1
REP005,DOC001,MOL02,2025-03,100.0,1,12,0,0,0,0,1
REP008,DOC001,MOL02,2025-03,100.0,1,12,0,0,0,0,0
REP004,DOC014,MOL02,2025-03,98.23702252693435,2,9,0,0,0,0,1
REP009,DOC014,MOL02,2025-03,98.23702252693435,2,9,0,0,0,0,1
REP001,DOC014,MOL02,2025-03,98.23702252693435,2,9,0,0,0,0,1
REP006,DOC014,MOL02,2025-03,98.23702252693435,2,9,0,0,0,0,1
REP003,DOC014,MOL02,2025-03,98.23702252693435,2,9,0,0,0,0,1
REP009,DOC042,MOL02,2025-03,85.15308278636591,3,5,0,0,0,0,1
REP002,DOC042,MOL02,2025-03,85.15308278636591,3,5,0,0,0,0,0
REP001,DOC042,MOL02,2025-03,85.15308278636591,3,5,0,0,0,0,1
REP007,DOC042,MOL02,2025-03,85.15308278636591,3,5,0,0,0,0,1
REP006,DOC042,MOL02,2025-03,85.15308278636591,3,5,0,0,0,0,1
REP008,DOC030,MOL02,2025-03,63.96470426249905,4,5,0,0,0,0,0
REP001,DOC030,MOL02,2025-03,63.96470426249905,4,5,0,0,0,0,1
REP004,DOC030,MOL02,2025-03,63.96470426249905,4,5,0,0,0,0,1
REP009,DOC030,MOL02,2025-03,63.96470426249905,4,5,0,0,0,0,1
REP010,DOC030,MOL02,2025-03,63.96470426249905,4,5,0,0,0,0,0
REP005,DOC030,MOL02,2025-03,63.96470426249905,4,5,0,0,0,0,1
REP001,DOC039,MOL02,2025-03,54.59075198530675,5,2,0,0,0,0,1
REP007,DOC039,MOL02,2025-03,54.59075198530675,5,2,0,0,0,0,1
REP005,DOC039,MOL02,2025-03,54.59075198530675,5,2,0,0,0,0,1
REP008,DOC039,MOL02,2025-03,54.59075198530675,5,2,0,0,0,0,0
REP010,DOC039,MOL02,2025-03,54.59075198530675,5,2,0,0,0,0,0
REP003,DOC039,MOL02,2025-03,54.59075198530675,5,2,0,0,0,0,1
REP004,DOC039,MOL02,2025-03,54.59075198530675,5,2,0,0,0,0,1
REP002,DOC015,MOL02,2025-03,41.234084231145935,6,0,0,0,0,0,0
REP007,DOC015,MOL02,2025-03,41.234084231145935,6,0,0,0,0,0,1
REP001,DOC015,MOL02,2025-03,41.234084231145935,6,0,0,0,0,0,1
REP006,DOC015,MOL02,2025-03,41.234084231145935,6,0,0,0,0,0,1
REP003,DOC015,MOL02,2025-03,41.234084231145935,6,0,0,0,0,0,1
REP002,DOC043,MOL02,2025-03,36.14103819784524,7,24,0,0,0,0,0
REP008,DOC043,MOL02,2025-03,36.14103819784524,7,24,0,0,0,0,0
REP001,DOC043,MOL02,2025-03,36.14103819784524,7,24,0,0,0,0,1
REP005,DOC043,MOL02,2025-03,36.14103819784524,7,24,0,0,0,0,1
REP004,DOC043,MOL02,2025-03,36.14103819784524,7,24,0,0,0,0,1
REP006,DOC032,MOL02,2025-03,33.08620185511774,8,14,0,0,0,0,1
REP005,DOC032,MOL02,2025-03,33.08620185511774,8,14,0,0,0,0,1
REP010,DOC032,MOL02,2025-03,33.08620185511774,8,14,0,0,0,0,0
REP002,DOC032,MOL02,2025-03,33.08620185511774,8,14,0,0,0,0,0
REP009,DOC032,MOL02,2025-03,33.08620185511774,8,14,0,0,0,0,1
REP001,DOC032,MOL02,2025-03,33.08620185511774,8,14,0,0,0,0,1
REP007,DOC032,MOL02,2025-03,33.08620185511774,8,14,0,0,0,0,1
REP002,DOC029,MOL02,2025-03,33.00685602350637,9,47,1,0,0,1,0
REP009,DOC029,MOL02,2025-03,33.00685602350637,9,47,1,0,0,1,1
REP003,DOC029,MOL02,2025-03,33.00685602350637,9,47,1,0,0,1,1
REP005,DOC029,MOL02,2025-03,33.00685602350637,9,47,1,0,0,1,1
REP007,DOC049,MOL02,2025-03,32.12536728697356,10,11,0,0,0,1,1
REP002,DOC049,MOL02,2025-03,32.12536728697356,10,11,0,0,0,1,0
REP006,DOC049,MOL02,2025-03,32.12536728697356,10,11,0,0,0,1,1
REP003,DOC049,MOL02,2025-03,32.12536728697356,10,11,0,0,0,1,1
REP004,DOC049,MOL02,2025-03,32.12536728697356,10,11,0,0,0,1,1
REP007,DOC008,MOL02,2025-03,31.929480901077373,11,0,0,0,0,0,1
REP001,DOC008,MOL02,2025-03,31.929480901077373,11,0,0,0,0,0,1
REP009,DOC008,MOL02,2025-03,31.929480901077373,11,0,0,0,0,0,1
REP006,DOC008,MOL02,2025-03,31.929480901077373,11,0,0,0,0,0,1
REP005,DOC008,MOL02,2025-03,31.929480901077373,11,0,0,0,0,0,1
REP004,DOC008,MOL02,2025-03,31.929480901077373,11,0,0,0,0,0,1
REP003,DOC008,MOL02,2025-03,31.929480901077373,11,0,0,0,0,0,1
REP006,DOC009,MOL02,2025-03,26.76451471571394,12,44,0,0,0,0,1
REP001,DOC009,MOL02,2025-03,26.76451471571394,12,44,0,0,0,0,1
REP004,DOC009,MOL02,2025-03,26.76451471571394,12,44,0,0,0,0,1
REP002,DOC009,MOL02,2025-03,26.76451471571394,12,44,0,0,0,0,0
REP007,DOC009,MOL02,2025-03,26.76451471571394,12,44,0,0,0,0,1
REP004,DOC047,MOL02,2025-03,25.367286973555338,13,11,0,0,0,0,1
REP003,DOC047,MOL02,2025-03,25.367286973555338,13,11,0,0,0,0,1
REP009,DOC047,MOL02,2025-03,25.367286973555338,13,11,0,0,0,0,1
REP001,DOC047,MOL02,2025-03,25.367286973555338,13,11,0,0,0,0,1
REP005,DOC047,MOL02,2025-03,25.367286973555338,13,11,0,0,0,0,1
REP008,DOC047,MOL02,2025-03,25.367286973555338,13,11,0,0,0,0,0
REP007,DOC047,MOL02,2025-03,25.367286973555338,13,11,0,0,0,0,1
REP006,DOC047,MOL02,2025-03,25.367286973555338,13,11,0,0,0,0,1
REP010,DOC047,MOL02,2025-03,25.367286973555338,13,11,0,0,0,0,0
REP009,DOC048,MOL02,2025-03,23.99376207836894,14,13,0,0,0,0,1
REP010,DOC048,MOL02,2025-03,23.99376207836894,14,13,0,0,0,0,0
REP004,DOC048,MOL02,2025-03,23.99376207836894,14,13,0,0,0,0,1
REP001,DOC048,MOL02,2025-03,23.99376207836894,14,13,0,0,0,0,1
REP002,DOC048,MOL02,2025-03,23.99376207836894,14,13,0,0,0,0,0
REP006,DOC048,MOL02,2025-03,23.99376207836894,14,13,0,0,0,0,1
REP003,DOC048,MOL02,2025-03,23.99376207836894,14,13,0,0,0,0,1
REP008,DOC048,MOL02,2025-03,23.99376207836894,14,13,0,0,0,0,0
REP002,DOC022,MOL02,2025-03,22.07461212557773,15,0,0,0,0,0,0
REP001,DOC022,MOL02,2025-03,22.07461212557773,15,0,0,0,0,0,1
REP006,DOC022,MOL02,2025-03,22.07461212557773,15,0,0,0,0,0,1
REP007,DOC022,MOL02,2025-03,22.07461212557773,15,0,0,0,0,0,1
REP004,DOC022,MOL02,2025-03,22.07461212557773,15,0,0,0,0,0,1
REP004,DOC031,MOL02,2025-03,18.251679486966346,16,6,0,0,0,0,1
REP003,DOC031,MOL02,2025-03,18.251679486966346,16,6,0,0,0,0,1
REP007,DOC031,MOL02,2025-03,18.251679486966346,16,6,0,0,0,0,1
REP010,DOC031,MOL02,2025-03,18.251679486966346,16,6,0,0,0,0,0
REP006,DOC031,MOL02,2025-03,18.251679486966346,16,6,0,0,0,0,1
REP005,DOC016,MOL02,2025-03,17.078483215811836,17,21,0,0,0,0,1
REP006,DOC016,MOL02,2025-03,17.078483215811836,17,21,0,0,0,0,1
REP009,DOC016,MOL02,2025-03,17.078483215811836,17,21,0,0,0,0,1
REP003,DOC016,MOL02,2025-03,17.078483215811836,17,21,0,0,0,0,1
REP001,DOC016,MOL02,2025-03,17.078483215811836,17,21,0,0,0,0,1
REP010,DOC016,MOL02,2025-03,17.078483215811836,17,21,0,0,0,0,0
REP008,DOC023,MOL02,2025-03,16.071329079811562,18,8,0,0,0,0,0
REP007,DOC023,MOL02,2025-03,16.071329079811562,18,8,0,0,0,0,1
REP004,DOC023,MOL02,2025-03,16.071329079811562,18,8,0,0,0,0,1
REP006,DOC023,MOL02,2025-03,16.071329079811562,18,8,0,0,0,0,1
REP002,DOC023,MOL02,2025-03,16.071329079811562,18,8,0,0,0,0,0
REP010,DOC023,MOL02,2025-03,16.071329079811562,18,8,0,0,0,0,0
REP009,DOC013,MOL02,2025-03,15.00824471260974,19,21,0,0,0,0,1
REP001,DOC013,MOL02,2025-03,15.00824471260974,19,21,0,0,0,0,1
REP004,DOC013,MOL02,2025-03,15.00824471260974,19,21,0,0,0,0,1
REP007,DOC013,MOL02,2025-03,15.00824471260974,19,21,0,0,0,0,1
REP008,DOC013,MOL02,2025-03,15.00824471260974,19,21,0,0,0,0,0
REP005,DOC013,MOL02,2025-03,15.00824471260974,19,21,0,0,0,0,1
REP002,DOC013,MOL02,2025-03,15.00824471260974,19,21,0,0,0,0,0
REP005,DOC019,MOL02,2025-03,13.614103819784525,20,31,0,0,0,1,1
REP003,DOC019,MOL02,2025-03,13.614103819784525,20,31,0,0,0,1,1
REP009,DOC019,MOL02,2025-03,13.614103819784525,20,31,0,0,0,1,1
REP002,DOC019,MOL02,2025-03,13.614103819784525,20,31,0,0,0,1,0
REP001,DOC019,MOL02,2025-03,13.614103819784525,20,31,0,0,0,1,1
REP010,DOC019,MOL02,2025-03,13.614103819784525,20,31,0,0,0,1,0
REP004,DOC019,MOL02,2025-03,13.614103819784525,20,31,0,0,0,1,1
REP008,DOC019,MOL02,2025-03,13.614103819784525,20,31,0,0,0,1,0
REP005,DOC026,MOL02,2025-03,13.08672365474552,21,10,0,0,0,0,1
REP001,DOC026,MOL02,2025-03,13.08672365474552,21,10,0,0,0,0,1
REP006,DOC026,MOL02,2025-03,13.08672365474552,21,10,0,0,0,0,1
REP009,DOC026,MOL02,2025-03,13.08672365474552,21,10,0,0,0,0,1
REP003,DOC026,MOL02,2025-03,13.08672365474552,21,10,0,0,0,0,1
REP004,DOC026,MOL02,2025-03,13.08672365474552,21,10,0,0,0,0,1
REP007,DOC026,MOL02,2025-03,13.08672365474552,21,10,0,0,0,0,1
REP008,DOC026,MOL02,2025-03,13.08672365474552,21,10,0,0,0,0,0
REP001,DOC034,MOL02,2025-03,13.024799891447508,22,6,0,0,0,0,1
REP003,DOC034,MOL02,2025-03,13.024799891447508,22,6,0,0,0,0,1
REP009,DOC034,MOL02,2025-03,13.024799891447508,22,6,0,0,0,0,1
REP006,DOC034,MOL02,2025-03,13.024799891447508,22,6,0,0,0,0,1
REP007,DOC034,MOL02,2025-03,13.024799891447508,22,6,0,0,0,0,1
REP005,DOC034,MOL02,2025-03,13.024799891447508,22,6,0,0,0,0,1
REP002,DOC034,MOL02,2025-03,13.024799891447508,22,6,0,0,0,0,0
REP007,DOC003,MOL02,2025-03,12.794123942154798,23,0,0,0,0,0,1
REP010,DOC003,MOL02,2025-03,12.794123942154798,23,0,0,0,0,0,0
REP005,DOC003,MOL02,2025-03,12.794123942154798,23,0,0,0,0,0,1
REP003,DOC003,MOL02,2025-03,12.794123942154798,23,0,0,0,0,0,1
REP002,DOC003,MOL02,2025-03,12.794123942154798,23,0,0,0,0,0,0
REP004,DOC003,MOL02,2025-03,12.794123942154798,23,0,0,0,0,0,1
REP006,DOC003,MOL02,2025-03,12.794123942154798,23,0,0,0,0,0,1
REP004,DOC006,MOL02,2025-03,12.575582456843174,24,1,0,0,0,0,1
REP008,DOC006,MOL02,2025-03,12.575582456843174,24,1,0,0,0,0,0
REP010,DOC006,MOL02,2025-03,12.575582456843174,24,1,0,0,0,0,0
REP005,DOC011,MOL02,2025-03,12.536728697355532,25,11,0,0,0,0,1
REP007,DOC011,MOL02,2025-03,12.536728697355532,25,11,0,0,0,0,1
REP001,DOC011,MOL02,2025-03,12.536728697355532,25,11,0,0,0,0,1
REP008,DOC011,MOL02,2025-03,12.536728697355532,25,11,0,0,0,0,0
REP009,DOC011,MOL02,2025-03,12.536728697355532,25,11,0,0,0,0,1
REP002,DOC011,MOL02,2025-03,12.536728697355532,25,11,0,0,0,0,0
REP006,DOC011,MOL02,2025-03,12.536728697355532,25,11,0,0,0,0,1
REP004,DOC011,MOL02,2025-03,12.536728697355532,25,11,0,0,0,0,1
REP002,DOC021,MOL02,2025-03,11.699436414783948,26,14,0,0,0,0,0
REP010,DOC021,MOL02,2025-03,11.699436414783948,26,14,0,0,0,0,0
REP009,DOC021,MOL02,2025-03,11.699436414783948,26,14,0,0,0,0,1
REP003,DOC021,MOL02,2025-03,11.699436414783948,26,14,0,0,0,0,1
REP006,DOC021,MOL02,2025-03,11.699436414783948,26,14,0,0,0,0,1
REP007,DOC021,MOL02,2025-03,11.699436414783948,26,14,0,0,0,0,1
REP004,DOC021,MOL02,2025-03,11.699436414783948,26,14,0,0,0,0,1
REP001,DOC021,MOL02,2025-03,11.699436414783948,26,14,0,0,0,0,1
REP008,DOC044,MOL02,2025-03,11.655239960822724,27,26,0,0,0,0,0
REP005,DOC044,MOL02,2025-03,11.655239960822724,27,26,0,0,0,0,1
REP007,DOC044,MOL02,2025-03,11.655239960822724,27,26,0,0,0,0,1
REP010,DOC044,MOL02,2025-03,11.655239960822724,27,26,0,0,0,0,0
REP010,DOC036,MOL02,2025-03,11.557296767874632,28,4,0,0,0,0,0
REP009,DOC036,MOL02,2025-03,11.557296767874632,28,4,0,0,0,0,1
REP007,DOC036,MOL02,2025-03,11.557296767874632,28,4,0,0,0,0,1
REP005,DOC036,MOL02,2025-03,11.557296767874632,28,4,0,0,0,0,1
REP001,DOC036,MOL02,2025-03,11.557296767874632,28,4,0,0,0,0,1
REP004,DOC036,MOL02,2025-03,11.557296767874632,28,4,0,0,0,0,1
REP006,DOC036,MOL02,2025-03,11.557296767874632,28,4,0,0,0,0,1
REP002,DOC036,MOL02,2025-03,11.557296767874632,28,4,0,0,0,0,0
REP004,DOC004,MOL02,2025-03,8.277398169868185,29,40,0,0,0,0,1
REP002,DOC004,MOL02,2025-03,8.277398169868185,29,40,0,0,0,0,0
REP006,DOC004,MOL02,2025-03,8.277398169868185,29,40,0,0,0,0,1
REP008,DOC004,MOL02,2025-03,8.277398169868185,29,40,0,0,0,0,0
REP007,DOC004,MOL02,2025-03,8.277398169868185,29,40,0,0,0,0,1
REP010,DOC007,MOL02,2025-03,7.8354554358472095,30,7,0,0,0,0,0
REP002,DOC007,MOL02,2025-03,7.8354554358472095,30,7,0,0,0,0,0
REP009,DOC007,MOL02,2025-03,7.8354554358472095,30,7,0,0,0,0,1
REP006,DOC007,MOL02,2025-03,7.8354554358472095,30,7,0,0,0,0,1
REP004,DOC007,MOL02,2025-03,7.8354554358472095,30,7,0,0,0,0,1
REP005,DOC007,MOL02,2025-03,7.8354554358472095,30,7,0,0,0,0,1
REP003,DOC007,MOL02,2025-03,7.8354554358472095,30,7,0,0,0,0,1
REP008,DOC005,MOL02,2025-03,7.492563870697479,31,13,0,0,0,0,0
REP004,DOC005,MOL02,2025-03,7.492563870697479,31,13,0,0,0,0,1
REP002,DOC005,MOL02,2025-03,7.492563870697479,31,13,0,0,0,0,0
REP007,DOC005,MOL02,2025-03,7.492563870697479,31,13,0,0,0,0,1
REP003,DOC005,MOL02,2025-03,7.492563870697479,31,13,0,0,0,0,1
REP005,DOC005,MOL02,2025-03,7.492563870697479,31,13,0,0,0,0,1
REP006,DOC005,MOL02,2025-03,7.492563870697479,31,13,0,0,0,0,1
REP007,DOC020,MOL02,2025-03,6.2683643486777685,32,9,0,0,0,0,1
REP008,DOC020,MOL02,2025-03,6.2683643486777685,32,9,0,0,0,0,0
REP004,DOC020,MOL02,2025-03,6.2683643486777685,32,9,0,0,0,0,1
REP006,DOC020,MOL02,2025-03,6.2683643486777685,32,9,0,0,0,0,1
REP005,DOC020,MOL02,2025-03,6.2683643486777685,32,9,0,0,0,0,1
REP003,DOC024,MOL02,2025-03,0.0,33,3,0,0,0,0,1
REP005,DOC024,MOL02,2025-03,0.0,33,3,0,0,0,0,1
REP006,DOC024,MOL02,2025-03,0.0,33,3,0,0,0,0,1
REP007,DOC024,MOL02,2025-03,0.0,33,3,0,0,0,0,1
REP008,DOC024,MOL02,2025-03,0.0,33,3,0,0,0,0,0
REP010,DOC024,MOL02,2025-03,0.0,33,3,0,0,0,0,0
REP001,DOC024,MOL02,2025-03,0.0,33,3,0,0,0,0,1
REP008,DOC030,MOL02,2025-04,100.0,1,5,0,0,0,0,0
REP001,DOC030,MOL02,2025-04,100.0,1,5,0,0,0,0,1
REP004,DOC030,MOL02,2025-04,100.0,1,5,0,0,0,0,1
REP009,DOC030,MOL02,2025-04,100.0,1,5,0,0,0,0,1
REP010,DOC030,MOL02,2025-04,100.0,1,5,0,0,0,0,0
REP005,DOC030,MOL02,2025-04,100.0,1,5,0,0,0,0,1
REP001,DOC039,MOL02,2025-04,82.6099307975625,2,2,0,0,0,0,1
REP007,DOC039,MOL02,2025-04,82.6099307975625,2,2,0,0,0,0,1
REP005,DOC039,MOL02,2025-04,82.6099307975625,2,2,0,0,0,0,1
REP008,DOC039,MOL02,2025-04,82.6099307975625,2,2,0,0,0,0,0
REP010,DOC039,MOL02,2025-04,82.6099307975625,2,2,0,0,0,0,0
REP003,DOC039,MOL02,2025-04,82.6099307975625,2,2,0,0,0,0,1
REP004,DOC039,MOL02,2025-04,82.6099307975625,2,2,0,0,0,0,1
REP009,DOC035,MOL02,2025-04,82.39741488404546,3,61,1,0,0,0,1
REP003,DOC035,MOL02,2025-04,82.39741488404546,3,61,1,0,0,0,1
REP008,DOC035,MOL02,2025-04,82.39741488404546,3,61,1,0,0,0,0
REP004,DOC035,MOL02,2025-04,82.39741488404546,3,61,1,0,0,0,1
REP006,DOC035,MOL02,2025-04,82.39741488404546,3,61,1,0,0,0,1
REP010,DOC035,MOL02,2025-04,82.39741488404546,3,61,1,0,0,0,0
REP007,DOC012,MOL02,2025-04,73.73294445293965,4,13,0,0,0,0,1
REP001,DOC012,MOL02,2025-04,73.73294445293965,4,13,0,0,0,0,1
REP008,DOC041,MOL02,2025-04,73.73294445293965,4,19,0,0,0,0,0
REP007,DOC041,MOL02,2025-04,73.73294445293965,4,19,0,0,0,0,1
REP003,DOC041,MOL02,2025-04,73.73294445293965,4,19,0,0,0,0,1
REP006,DOC041,MOL02,2025-04,73.73294445293965,4,19,0,0,0,0,1
REP009,DOC042,MOL02,2025-04,70.86485049687697,6,5,0,0,0,0,1
REP002,DOC042,MOL02,2025-04,70.86485049687697,6,5,0,0,0,0,0
REP001,DOC042,MOL02,2025-04,70.86485049687697,6,5,0,0,0,0,1
REP007,DOC042,MOL02,2025-04,70.86485049687697,6,5,0,0,0,0,1
REP006,DOC042,MOL02,2025-04,70.86485049687697,6,5,0,0,0,0,1
REP003,DOC024,MOL02,2025-04,67.61684767804144,7,3,0,0,0,0,1
REP005,DOC024,MOL02,2025-04,67.61684767804144,7,3,0,0,0,0,1
REP006,DOC024,MOL02,2025-04,67.61684767804144,7,3,0,0,0,0,1
REP007,DOC024,MOL02,2025-04,67.61684767804144,7,3,0,0,0,0,1
REP008,DOC024,MOL02,2025-04,67.61684767804144,7,3,0,0,0,0,0
REP010,DOC024,MOL02,2025-04,67.61684767804144,7,3,0,0,0,0,0
REP001,DOC024,MOL02,2025-04,67.61684767804144,7,3,0,0,0,0,1
REP008,DOC005,MOL02,2025-04,67.54542104308328,8,13,0,0,0,0,0
REP004,DOC005,MOL02,2025-04,67.54542104308328,8,13,0,0,0,0,1
REP002,DOC005,MOL02,2025-04,67.54542104308328,8,13,0,0,0,0,0
REP007,DOC005,MOL02,2025-04,67.54542104308328,8,13,0,0,0,0,1
REP003,DOC005,MOL02,2025-04,67.54542104308328,8,13,0,0,0,0,1
REP005,DOC005,MOL02,2025-04,67.54542104308328,8,13,0,0,0,0,1
REP006,DOC005,MOL02,2025-04,67.54542104308328,8,13,0,0,0,0,1
REP004,DOC031,MOL02,2025-04,66.62698289319556,9,6,0,0,0,0,1
REP003,DOC031,MOL02,2025-04,66.62698289319556,9,6,0,0,0,0,1
REP007,DOC031,MOL02,2025-04,66.62698289319556,9,6,0,0,0,0,1
REP010,DOC031,MOL02,2025-04,66.62698289319556,9,6,0,0,0,0,0
REP006,DOC031,MOL02,2025-04,66.62698289319556,9,6,0,0,0,0,1
REP007,DOC008,MOL02,2025-04,51.05241891269209,10,0,0,0,0,0,1
REP001,DOC008,MOL02,2025-04,51.05241891269209,10,0,0,0,0,0,1
REP009,DOC008,MOL02,2025-04,51.05241891269209,10,0,0,0,0,0,1
REP006,DOC008,MOL02,2025-04,51.05241891269209,10,0,0,0,0,0,1
REP005,DOC008,MOL02,2025-04,51.05241891269209,10,0,0,0,0,0,1
REP004,DOC008,MOL02,2025-04,51.05241891269209,10,0,0,0,0,0,1
REP003,DOC008,MOL02,2025-04,51.05241891269209,10,0,0,0,0,0,1
REP009,DOC048,MOL02,2025-04,48.397464764871685,11,13,0,0,0,0,1
REP010,DOC048,MOL02,2025-04,48.397464764871685,11,13,0,0,0,0,0
REP004,DOC048,MOL02,2025-04,48.397464764871685,11,13,0,0,0,0,1
REP001,DOC048,MOL02,2025-04,48.397464764871685,11,13,0,0,0,0,1
REP002,DOC048,MOL02,2025-04,48.397464764871685,11,13,0,0,0,0,0
REP006,DOC048,MOL02,2025-04,48.397464764871685,11,13,0,0,0,0,1
REP003,DOC048,MOL02,2025-04,48.397464764871685,11,13,0,0,0,0,1
REP008,DOC048,MOL02,2025-04,48.397464764871685,11,13,0,0,0,0,0
REP006,DOC032,MOL02,2025-04,48.35711432710423,12,14,0,0,0,0,1
REP005,DOC032,MOL02,2025-04,48.35711432710423,12,14,0,0,0,0,1
REP010,DOC032,MOL02,2025-04,48.35711432710423,12,14,0,0,0,0,0
REP002,DOC032,MOL02,2025-04,48.35711432710423,12,14,0,0,0,0,0
REP009,DOC032,MOL02,2025-04,48.35711432710423,12,14,0,0,0,0,1
REP001,DOC032,MOL02,2025-04,48.35711432710423,12,14,0,0,0,0,1
REP007,DOC032,MOL02,2025-04,48.35711432710423,12,14,0,0,0,0,1
REP006,DOC009,MOL02,2025-04,47.63189663934504,13,44,0,0,0,0,1
REP001,DOC009,MOL02,2025-04,47.63189663934504,13,44,0,0,0,0,1
REP004,DOC009,MOL02,2025-04,47.63189663934504,13,44,0,0,0,0,1
REP002,DOC009,MOL02,2025-04,47.63189663934504,13,44,0,0,0,0,0
REP007,DOC009,MOL02,2025-04,47.63189663934504,13,44,0,0,0,0,1
REP002,DOC029,MOL02,2025-04,46.72018369713918,14,47,0,0,0,0,0
REP009,DOC029,MOL02,2025-04,46.72018369713918,14,47,0,0,0,0,1
REP003,DOC029,MOL02,2025-04,46.72018369713918,14,47,0,0,0,0,1
REP005,DOC029,MOL02,2025-04,46.72018369713918,14,47,0,0,0,0,1
REP008,DOC023,MOL02,2025-04,46.7112596291696,15,8,0,0,0,0,0
REP007,DOC023,MOL02,2025-04,46.7112596291696,15,8,0,0,0,0,1
REP004,DOC023,MOL02,2025-04,46.7112596291696,15,8,0,0,0,0,1
REP006,DOC023,MOL02,2025-04,46.7112596291696,15,8,0,0,0,0,1
REP002,DOC023,MOL02,2025-04,46.7112596291696,15,8,0,0,0,0,0
REP010,DOC023,MOL02,2025-04,46.7112596291696,15,8,0,0,0,0,0
REP009,DOC013,MOL02,2025-04,37.66963214180164,16,21,0,0,0,0,1
REP001,DOC013,MOL02,2025-04,37.66963214180164,16,21,0,0,0,0,1
REP004,DOC013,MOL02,2025-04,37.66963214180164,16,21,0,0,0,0,1
REP007,DOC013,MOL02,2025-04,37.66963214180164,16,21,0,0,0,0,1
REP008,DOC013,MOL02,2025-04,37.66963214180164,16,21,0,0,0,0,0
REP005,DOC013,MOL02,2025-04,37.66963214180164,16,21,0,0,0,0,1
REP002,DOC013,MOL02,2025-04,37.66963214180164,16,21,0,0,0,0,0
REP010,DOC001,MOL02,2025-04,37.29120116917109,17,12,0,0,0,0,0
REP002,DOC001,MOL02,2025-04,37.29120116917109,17,12,0,0,0,0,0
REP006,DOC001,MOL02,2025-04,37.29120116917109,17,12,0,0,0,0,1
REP007,DOC001,MOL02,2025-04,37.29120116917109,17,12,0,0,0,0,1
REP005,DOC001,MOL02,2025-04,37.29120116917109,17,12,0,0,0,0,1
REP008,DOC001,MOL02,2025-04,37.29120116917109,17,12,0,0,0,0,0
REP002,DOC043,MOL02,2025-04,36.52668907230881,18,24,0,0,0,0,0
REP008,DOC043,MOL02,2025-04,36.52668907230881,18,24,0,0,0,0,0
REP001,DOC043,MOL02,2025-04,36.52668907230881,18,24,0,0,0,0,1
REP005,DOC043,MOL02,2025-04,36.52668907230881,18,24,0,0,0,0,1
REP004,DOC043,MOL02,2025-04,36.52668907230881,18,24,0,0,0,0,1
REP009,DOC046,MOL02,2025-04,34.29201024873648,19,9,0,0,0,0,1
REP003,DOC046,MOL02,2025-04,34.29201024873648,19,9,0,0,0,0,1
REP005,DOC046,MOL02,2025-04,34.29201024873648,19,9,0,0,0,0,1
REP002,DOC046,MOL02,2025-04,34.29201024873648,19,9,0,0,0,0,0
REP001,DOC046,MOL02,2025-04,34.29201024873648,19,9,0,0,0,0,1
REP010,DOC046,MOL02,2025-04,34.29201024873648,19,9,0,0,0,0,0
REP002,DOC022,MOL02,2025-04,32.90106789896421,20,0,0,0,0,0,0
REP001,DOC022,MOL02,2025-04,32.90106789896421,20,0,0,0,0,0,1
REP006,DOC022,MOL02,2025-04,32.90106789896421,20,0,0,0,0,0,1
REP007,DOC022,MOL02,2025-04,32.90106789896421,20,0,0,0,0,0,1
REP004,DOC022,MOL02,2025-04,32.90106789896421,20,0,0,0,0,0,1
REP005,DOC016,MOL02,2025-04,31.447495415043104,21,21,0,0,0,0,1
REP006,DOC016,MOL02,2025-04,31.447495415043104,21,21,0,0,0,0,1
REP009,DOC016,MOL02,2025-04,31.447495415043104,21,21,0,0,0,0,1
REP003,DOC016,MOL02,2025-04,31.447495415043104,21,21,0,0,0,0,1
REP001,DOC016,MOL02,2025-04,31.447495415043104,21,21,0,0,0,0,1
REP010,DOC016,MOL02,2025-04,31.447495415043104,21,21,0,0,0,0,0
REP004,DOC004,MOL02,2025-04,29.758561154319075,22,40,0,0,0,0,1
REP002,DOC004,MOL02,2025-04,29.758561154319075,22,40,0,0,0,0,0
REP006,DOC004,MOL02,2025-04,29.758561154319075,22,40,0,0,0,0,1
REP008,DOC004,MOL02,2025-04,29.758561154319075,22,40,0,0,0,0,0
REP007,DOC004,MOL02,2025-04,29.758561154319075,22,40,0,0,0,0,1
REP007,DOC003,MOL02,2025-04,27.24346702063224,23,0,0,0,0,0,1
REP010,DOC003,MOL02,2025-04,27.24346702063224,23,0,0,0,0,0,0
REP005,DOC003,MOL02,2025-04,27.24346702063224,23,0,0,0,0,0,1
REP003,DOC003,MOL02,2025-04,27.24346702063224,23,0,0,0,0,0,1
REP002,DOC003,MOL02,2025-04,27.24346702063224,23,0,0,0,0,0,0
REP004,DOC003,MOL02,2025-04,27.24346702063224,23,0,0,0,0,0,1
REP006,DOC003,MOL02,2025-04,27.24346702063224,23,0,0,0,0,0,1
REP005,DOC026,MOL02,2025-04,26.813012365974064,24,10,0,0,0,0,1
REP001,DOC026,MOL02,2025-04,26.813012365974064,24,10,0,0,0,0,1
REP006,DOC026,MOL02,2025-04,26.813012365974064,24,10,0,0,0,0,1
REP009,DOC026,MOL02,2025-04,26.813012365974064,24,10,0,0,0,0,1
REP003,DOC026,MOL02,2025-04,26.813012365974064,24,10,0,0,0,0,1
REP004,DOC026,MOL02,2025-04,26.813012365974064,24,10,0,0,0,0,1
REP007,DOC026,MOL02,2025-04,26.813012365974064,24,10,0,0,0,0,1
REP008,DOC026,MOL02,2025-04,26.813012365974064,24,10,0,0,0,0,0
REP002,DOC021,MOL02,2025-04,25.171630377543853,25,14,0,0,0,0,0
REP010,DOC021,MOL02,2025-04,25.171630377543853,25,14,0,0,0,0,0
REP009,DOC021,MOL02,2025-04,25.171630377543853,25,14,0,0,0,0,1
REP003,DOC021,MOL02,2025-04,25.171630377543853,25,14,0,0,0,0,1
REP006,DOC021,MOL02,2025-04,25.171630377543853,25,14,0,0,0,0,1
REP007,DOC021,MOL02,2025-04,25.171630377543853,25,14,0,0,0,0,1
REP004,DOC021,MOL02,2025-04,25.171630377543853,25,14,0,0,0,0,1
REP001,DOC021,MOL02,2025-04,25.171630377543853,25,14,0,0,0,0,1
REP008,DOC025,MOL02,2025-04,24.294495522512367,26,2,0,0,0,0,0
REP006,DOC025,MOL02,2025-04,24.294495522512367,26,2,0,0,0,0,1
REP002,DOC025,MOL02,2025-04,24.294495522512367,26,2,0,0,0,0,0
REP003,DOC025,MOL02,2025-04,24.294495522512367,26,2,0,0,0,0,1
REP007,DOC025,MOL02,2025-04,24.294495522512367,26,2,0,0,0,0,1
REP010,DOC025,MOL02,2025-04,24.294495522512367,26,2,0,0,0,0,0
REP009,DOC025,MOL02,2025-04,24.294495522512367,26,2,0,0,0,0,1
REP004,DOC025,MOL02,2025-04,24.294495522512367,26,2,0,0,0,0,1
REP001,DOC025,MOL02,2025-04,24.294495522512367,26,2,0,0,0,0,1
REP008,DOC044,MOL02,2025-04,21.74612186630478,27,26,0,0,0,0,0
REP005,DOC044,MOL02,2025-04,21.74612186630478,27,26,0,0,0,0,1
REP007,DOC044,MOL02,2025-04,21.74612186630478,27,26,0,0,0,0,1
REP010,DOC044,MOL02,2025-04,21.74612186630478,27,26,0,0,0,0,0
REP001,DOC034,MOL02,2025-04,21.58846162767892,28,6,0,0,0,0,1
REP003,DOC034,MOL02,2025-04,21.58846162767892,28,6,0,0,0,0,1
REP009,DOC034,MOL02,2025-04,21.58846162767892,28,6,0,0,0,0,1
REP006,DOC034,MOL02,2025-04,21.58846162767892,28,6,0,0,0,0,1
REP007,DOC034,MOL02,2025-04,21.58846162767892,28,6,0,0,0,0,1
REP005,DOC034,MOL02,2025-04,21.58846162767892,28,6,0,0,0,0,1
REP002,DOC034,MOL02,2025-04,21.58846162767892,28,6,0,0,0,0,0
REP004,DOC006,MOL02,2025-04,21.142480087636084,29,1,0,0,0,0,1
REP008,DOC006,MOL02,2025-04,21.142480087636084,29,1,0,0,0,0,0
REP010,DOC006,MOL02,2025-04,21.142480087636084,29,1,0,0,0,0,0
REP004,DOC047,MOL02,2025-04,11.72251881855492,30,11,0,0,0,0,1
REP003,DOC047,MOL02,2025-04,11.72251881855492,30,11,0,0,0,0,1
REP009,DOC047,MOL02,2025-04,11.72251881855492,30,11,0,0,0,0,1
REP001,DOC047,MOL02,2025-04,11.72251881855492,30,11,0,0,0,0,1
REP005,DOC047,MOL02,2025-04,11.72251881855492,30,11,0,0,0,0,1
REP008,DOC047,MOL02,2025-04,11.72251881855492,30,11,0,0,0,0,0
REP007,DOC047,MOL02,2025-04,11.72251881855492,30,11,0,0,0,0,1
REP006,DOC047,MOL02,2025-04,11.72251881855492,30,11,0,0,0,0,1
REP010,DOC047,MOL02,2025-04,11.72251881855492,30,11,0,0,0,0,0
REP007,DOC049,MOL02,2025-04,7.984904122783789,31,11,0,0,0,0,1
REP002,DOC049,MOL02,2025-04,7.984904122783789,31,11,0,0,0,0,0
REP006,DOC049,MOL02,2025-04,7.984904122783789,31,11,0,0,0,0,1
REP003,DOC049,MOL02,2025-04,7.984904122783789,31,11,0,0,0,0,1
REP004,DOC049,MOL02,2025-04,7.984904122783789,31,11,0,0,0,0,1
REP010,DOC007,MOL02,2025-04,4.926855735334676,32,7,0,0,0,0,0
REP002,DOC007,MOL02,2025-04,4.926855735334676,32,7,0,0,0,0,0
REP009,DOC007,MOL02,2025-04,4.926855735334676,32,7,0,0,0,0,1
REP006,DOC007,MOL02,2025-04,4.926855735334676,32,7,0,0,0,0,1
REP004,DOC007,MOL02,2025-04,4.926855735334676,32,7,0,0,0,0,1
REP005,DOC007,MOL02,2025-04,4.926855735334676,32,7,0,0,0,0,1
REP003,DOC007,MOL02,2025-04,4.926855735334676,32,7,0,0,0,0,1
REP008,DOC002,MOL02,2025-04,3.9075062728516414,33,6,0,0,0,0,0
REP004,DOC002,MOL02,2025-04,3.9075062728516414,33,6,0,0,0,0,1
REP005,DOC002,MOL02,2025-04,3.9075062728516414,33,6,0,0,0,0,1
REP003,DOC002,MOL02,2025-04,3.9075062728516414,33,6,0,0,0,0,1
REP007,DOC002,MOL02,2025-04,3.9075062728516414,33,6,0,0,0,0,1
REP002,DOC033,MOL02,2025-04,2.3784820791270853,34,8,0,0,0,1,0
REP003,DOC033,MOL02,2025-04,2.3784820791270853,34,8,0,0,0,1,1
REP009,DOC033,MOL02,2025-04,2.3784820791270853,34,8,0,0,0,1,1
REP010,DOC033,MOL02,2025-04,2.3784820791270853,34,8,0,0,0,1,0
REP007,DOC033,MOL02,2025-04,2.3784820791270853,34,8,0,0,0,1,1
REP001,DOC033,MOL02,2025-04,2.3784820791270853,34,8,0,0,0,1,1
REP006,DOC010,MOL02,2025-04,1.868807347885566,35,0,0,0,0,0,1
REP005,DOC010,MOL02,2025-04,1.868807347885566,35,0,0,0,0,0,1
REP009,DOC010,MOL02,2025-04,1.868807347885566,35,0,0,0,0,0,1
REP003,DOC010,MOL02,2025-04,1.868807347885566,35,0,0,0,0,0,1
REP007,DOC010,MOL02,2025-04,1.868807347885566,35,0,0,0,0,0,1
REP001,DOC010,MOL02,2025-04,1.868807347885566,35,0,0,0,0,0,1
REP008,DOC010,MOL02,2025-04,1.868807347885566,35,0,0,0,0,0,0
REP007,DOC037,MOL02,2025-04,0.5096747312415175,36,10,0,0,0,0,1
REP003,DOC037,MOL02,2025-04,0.5096747312415175,36,10,0,0,0,0,1
REP006,DOC037,MOL02,2025-04,0.5096747312415175,36,10,0,0,0,0,1
REP002,DOC037,MOL02,2025-04,0.5096747312415175,36,10,0,0,0,0,0
REP005,DOC037,MOL02,2025-04,0.5096747312415175,36,10,0,0,0,0,1
REP009,DOC037,MOL02,2025-04,0.5096747312415175,36,10,0,0,0,0,1
REP006,DOC027,MOL02,2025-04,0.0,37,1,0,0,0,0,1
REP009,DOC027,MOL02,2025-04,0.0,37,1,0,0,0,0,1
REP008,DOC027,MOL02,2025-04,0.0,37,1,0,0,0,0,0
REP007,DOC027,MOL02,2025-04,0.0,37,1,0,0,0,0,1
REP010,DOC027,MOL02,2025-04,0.0,37,1,0,0,0,0,0
REP002,DOC021,MOL02,2025-05,100.0,1,14,0,0,0,0,0
REP010,DOC021,MOL02,2025-05,100.0,1,14,0,0,0,0,0
REP009,DOC021,MOL02,2025-05,100.0,1,14,0,0,0,0,1
REP003,DOC021,MOL02,2025-05,100.0,1,14,0,0,0,0,1
REP006,DOC021,MOL02,2025-05,100.0,1,14,0,0,0,0,1
REP007,DOC021,MOL02,2025-05,100.0,1,14,0,0,0,0,1
REP004,DOC021,MOL02,2025-05,100.0,1,14,0,0,0,0,1
REP001,DOC021,MOL02,2025-05,100.0,1,14,0,0,0,0,1
REP003,DOC018,MOL02,2025-05,98.75281389759816,2,20,0,0,0,1,1
REP009,DOC018,MOL02,2025-05,98.75281389759816,2,20,0,0,0,1,1
REP005,DOC018,MOL02,2025-05,98.75281389759816,2,20,0,0,0,1,1
REP001,DOC018,MOL02,2025-05,98.75281389759816,2,20,0,0,0,1,1
REP010,DOC018,MOL02,2025-05,98.75281389759816,2,20,0,0,0,1,0
REP005,DOC028,MOL02,2025-05,96.50213616150285,3,72,1,0,0,1,1
REP006,DOC028,MOL02,2025-05,96.50213616150285,3,72,1,0,0,1,1
REP008,DOC028,MOL02,2025-05,96.50213616150285,3,72,1,0,0,1,0
REP003,DOC028,MOL02,2025-05,96.50213616150285,3,72,1,0,0,1,1
REP001,DOC028,MOL02,2025-05,96.50213616150285,3,72,1,0,0,1,1
REP007,DOC028,MOL02,2025-05,96.50213616150285,3,72,1,0,0,1,1
REP009,DOC042,MOL02,2025-05,84.25931434818355,4,5,0,0,0,0,1
REP002,DOC042,MOL02,2025-05,84.25931434818355,4,5,0,0,0,0,0
REP001,DOC042,MOL02,2025-05,84.25931434818355,4,5,0,0,0,0,1
REP007,DOC042,MOL02,2025-05,84.25931434818355,4,5,0,0,0,0,1
REP006,DOC042,MOL02,2025-05,84.25931434818355,4,5,0,0,0,0,1
REP006,DOC032,MOL02,2025-05,80.97955191992419,5,14,0,0,0,0,1
REP005,DOC032,MOL02,2025-05,80.97955191992419,5,14,0,0,0,0,1
REP010,DOC032,MOL02,2025-05,80.97955191992419,5,14,0,0,0,0,0
REP002,DOC032,MOL02,2025-05,80.97955191992419,5,14,0,0,0,0,0
REP009,DOC032,MOL02,2025-05,80.97955191992419,5,14,0,0,0,0,1
REP001,DOC032,MOL02,2025-05,80.97955191992419,5,14,0,0,0,0,1
REP007,DOC032,MOL02,2025-05,80.97955191992419,5,14,0,0,0,0,1
REP010,DOC007,MOL02,2025-05,65.71978989398363,6,7,0,0,0,0,0
REP002,DOC007,MOL02,2025-05,65.71978989398363,6,7,0,0,0,0,0
REP009,DOC007,MOL02,2025-05,65.71978989398363,6,7,0,0,0,0,1
REP006,DOC007,MOL02,2025-05,65.71978989398363,6,7,0,0,0,0,1
REP004,DOC007,MOL02,2025-05,65.71978989398363,6,7,0,0,0,0,1
REP005,DOC007,MOL02,2025-05,65.71978989398363,6,7,0,0,0,0,1
REP003,DOC007,MOL02,2025-05,65.71978989398363,6,7,0,0,0,0,1
REP002,DOC015,MOL02,2025-05,60.45666657265302,7,0,0,0,0,0,0
REP007,DOC015,MOL02,2025-05,60.45666657265302,7,0,0,0,0,0,1
REP001,DOC015,MOL02,2025-05,60.45666657265302,7,0,0,0,0,0,1
REP006,DOC015,MOL02,2025-05,60.45666657265302,7,0,0,0,0,0,1
REP003,DOC015,MOL02,2025-05,60.45666657265302,7,0,0,0,0,0,1
REP004,DOC004,MOL02,2025-05,58.27860118510828,8,40,1,0,0,0,1
REP002,DOC004,MOL02,2025-05,58.27860118510828,8,40,1,0,0,0,0
REP006,DOC004,MOL02,2025-05,58.27860118510828,8,40,1,0,0,0,1
REP008,DOC004,MOL02,2025-05,58.27860118510828,8,40,1,0,0,0,0
REP007,DOC004,MOL02,2025-05,58.27860118510828,8,40,1,0,0,0,1
REP001,DOC039,MOL02,2025-05,56.35328314226762,9,2,0,0,0,0,1
REP007,DOC039,MOL02,2025-05,56.35328314226762,9,2,0,0,0,0,1
REP005,DOC039,MOL02,2025-05,56.35328314226762,9,2,0,0,0,0,1
REP008,DOC039,MOL02,2025-05,56.35328314226762,9,2,0,0,0,0,0
REP010,DOC039,MOL02,2025-05,56.35328314226762,9,2,0,0,0,0,0
REP003,DOC039,MOL02,2025-05,56.35328314226762,9,2,0,0,0,0,1
REP004,DOC039,MOL02,2025-05,56.35328314226762,9,2,0,0,0,0,1
REP005,DOC011,MOL02,2025-05,45.08280634455569,10,11,0,0,0,0,1
REP007,DOC011,MOL02,2025-05,45.08280634455569,10,11,0,0,0,0,1
REP001,DOC011,MOL02,2025-05,45.08280634455569,10,11,0,0,0,0,1
REP008,DOC011,MOL02,2025-05,45.08280634455569,10,11,0,0,0,0,0
REP009,DOC011,MOL02,2025-05,45.08280634455569,10,11,0,0,0,0,1
REP002,DOC011,MOL02,2025-05,45.08280634455569,10,11,0,0,0,0,0
REP006,DOC011,MOL02,2025-05,45.08280634455569,10,11,0,0,0,0,1
REP004,DOC011,MOL02,2025-05,45.08280634455569,10,11,0,0,0,0,1
REP007,DOC003,MOL02,2025-05,43.5096783744645,11,0,0,0,0,0,1
REP010,DOC003,MOL02,2025-05,43.5096783744645,11,0,0,0,0,0,0
REP005,DOC003,MOL02,2025-05,43.5096783744645,11,0,0,0,0,0,1
REP003,DOC003,MOL02,2025-05,43.5096783744645,11,0,0,0,0,0,1
REP002,DOC003,MOL02,2025-05,43.5096783744645,11,0,0,0,0,0,0
REP004,DOC003,MOL02,2025-05,43.5096783744645,11,0,0,0,0,0,1
REP006,DOC003,MOL02,2025-05,43.5096783744645,11,0,0,0,0,0,1
REP004,DOC031,MOL02,2025-05,42.350123754876456,12,6,0,0,0,0,1
REP003,DOC031,MOL02,2025-05,42.350123754876456,12,6,0,0,0,0,1
REP007,DOC031,MOL02,2025-05,42.350123754876456,12,6,0,0,0,0,1
REP010,DOC031,MOL02,2025-05,42.350123754876456,12,6,0,0,0,0,0
REP006,DOC031,MOL02,2025-05,42.350123754876456,12,6,0,0,0,0,1
REP005,DOC026,MOL02,2025-05,42.35002133573355,13,10,0,0,0,0,1
REP001,DOC026,MOL02,2025-05,42.35002133573355,13,10,0,0,0,0,1
REP006,DOC026,MOL02,2025-05,42.35002133573355,13,10,0,0,0,0,1
REP009,DOC026,MOL02,2025-05,42.35002133573355,13,10,0,0,0,0,1
REP003,DOC026,MOL02,2025-05,42.35002133573355,13,10,0,0,0,0,1
REP004,DOC026,MOL02,2025-05,42.35002133573355,13,10,0,0,0,0,1
REP007,DOC026,MOL02,2025-05,42.35002133573355,13,10,0,0,0,0,1
REP008,DOC026,MOL02,2025-05,42.35002133573355,13,10,0,0,0,0,0
REP007,DOC049,MOL02,2025-05,33.44853373950906,14,11,0,0,0,0,1
REP002,DOC049,MOL02,2025-05,33.44853373950906,14,11,0,0,0,0,0
REP006,DOC049,MOL02,2025-05,33.44853373950906,14,11,0,0,0,0,1
REP003,DOC049,MOL02,2025-05,33.44853373950906,14,11,0,0,0,0,1
REP004,DOC049,MOL02,2025-05,33.44853373950906,14,11,0,0,0,0,1
REP007,DOC012,MOL02,2025-05,29.29343638056384,15,13,0,0,0,0,1
REP001,DOC012,MOL02,2025-05,29.29343638056384,15,13,0,0,0,0,1
REP008,DOC041,MOL02,2025-05,29.29343638056384,15,19,0,0,0,0,0
REP007,DOC041,MOL02,2025-05,29.29343638056384,15,19,0,0,0,0,1
REP003,DOC041,MOL02,2025-05,29.29343638056384,15,19,0,0,0,0,1
REP006,DOC041,MOL02,2025-05,29.29343638056384,15,19,0,0,0,0,1
REP006,DOC009,MOL02,2025-05,28.55705160733945,17,44,0,0,0,0,1
REP001,DOC009,MOL02,2025-05,28.55705160733945,17,44,0,0,0,0,1
REP004,DOC009,MOL02,2025-05,28.55705160733945,17,44,0,0,0,0,1
REP002,DOC009,MOL02,2025-05,28.55705160733945,17,44,0,0,0,0,0
REP007,DOC009,MOL02,2025-05,28.55705160733945,17,44,0,0,0,0,1
REP008,DOC044,MOL02,2025-05,28.46241690877479,18,26,0,0,0,0,0
REP005,DOC044,MOL02,2025-05,28.46241690877479,18,26,0,0,0,0,1
REP007,DOC044,MOL02,2025-05,28.46241690877479,18,26,0,0,0,0,1
REP010,DOC044,MOL02,2025-05,28.46241690877479,18,26,0,0,0,0,0
REP009,DOC013,MOL02,2025-05,25.043806651317645,19,21,0,0,0,0,1
REP001,DOC013,MOL02,2025-05,25.043806651317645,19,21,0,0,0,0,1
REP004,DOC013,MOL02,2025-05,25.043806651317645,19,21,0,0,0,0,1
REP007,DOC013,MOL02,2025-05,25.043806651317645,19,21,0,0,0,0,1
REP008,DOC013,MOL02,2025-05,25.043806651317645,19,21,0,0,0,0,0
REP005,DOC013,MOL02,2025-05,25.043806651317645,19,21,0,0,0,0,1
REP002,DOC013,MOL02,2025-05,25.043806651317645,19,21,0,0,0,0,0
REP008,DOC005,MOL02,2025-05,25.001402136846444,20,13,0,0,0,0,0
REP004,DOC005,MOL02,2025-05,25.001402136846444,20,13,0,0,0,0,1
REP002,DOC005,MOL02,2025-05,25.001402136846444,20,13,0,0,0,0,0
REP007,DOC005,MOL02,2025-05,25.001402136846444,20,13,0,0,0,0,1
REP003,DOC005,MOL02,2025-05,25.001402136846444,20,13,0,0,0,0,1
REP005,DOC005,MOL02,2025-05,25.001402136846444,20,13,0,0,0,0,1
REP006,DOC005,MOL02,2025-05,25.001402136846444,20,13,0,0,0,0,1
REP004,DOC014,MOL02,2025-05,23.891809813935048,21,9,0,0,0,0,1
REP009,DOC014,MOL02,2025-05,23.891809813935048,21,9,0,0,0,0,1
REP001,DOC014,MOL02,2025-05,23.891809813935048,21,9,0,0,0,0,1
REP006,DOC014,MOL02,2025-05,23.891809813935048,21,9,0,0,0,0,1
REP003,DOC014,MOL02,2025-05,23.891809813935048,21,9,0,0,0,0,1
REP005,DOC016,MOL02,2025-05,21.777898794536352,22,21,0,0,0,0,1
REP006,DOC016,MOL02,2025-05,21.777898794536352,22,21,0,0,0,0,1
REP009,DOC016,MOL02,2025-05,21.777898794536352,22,21,0,0,0,0,1
REP003,DOC016,MOL02,2025-05,21.777898794536352,22,21,0,0,0,0,1
REP001,DOC016,MOL02,2025-05,21.777898794536352,22,21,0,0,0,0,1
REP010,DOC016,MOL02,2025-05,21.777898794536352,22,21,0,0,0,0,0
REP008,DOC030,MOL02,2025-05,20.66159483830705,23,5,0,0,0,0,0
REP001,DOC030,MOL02,2025-05,20.66159483830705,23,5,0,0,0,0,1
REP004,DOC030,MOL02,2025-05,20.66159483830705,23,5,0,0,0,0,1
REP009,DOC030,MOL02,2025-05,20.66159483830705,23,5,0,0,0,0,1
REP010,DOC030,MOL02,2025-05,20.66159483830705,23,5,0,0,0,0,0
REP005,DOC030,MOL02,2025-05,20.66159483830705,23,5,0,0,0,0,1
REP008,DOC002,MOL02,2025-05,18.074673511411728,24,6,0,0,0,0,0
REP004,DOC002,MOL02,2025-05,18.074673511411728,24,6,0,0,0,0,1
REP005,DOC002,MOL02,2025-05,18.074673511411728,24,6,0,0,0,0,1
REP003,DOC002,MOL02,2025-05,18.074673511411728,24,6,0,0,0,0,1
REP007,DOC002,MOL02,2025-05,18.074673511411728,24,6,0,0,0,0,1
REP002,DOC022,MOL02,2025-05,17.60607528148037,25,0,0,0,0,0,0
REP001,DOC022,MOL02,2025-05,17.60607528148037,25,0,0,0,0,0,1
REP006,DOC022,MOL02,2025-05,17.60607528148037,25,0,0,0,0,0,1
REP007,DOC022,MOL02,2025-05,17.60607528148037,25,0,0,0,0,0,1
REP004,DOC022,MOL02,2025-05,17.60607528148037,25,0,0,0,0,0,1
REP009,DOC048,MOL02,2025-05,15.287815968603702,26,13,0,0,0,0,1
REP010,DOC048,MOL02,2025-05,15.287815968603702,26,13,0,0,0,0,0
REP004,DOC048,MOL02,2025-05,15.287815968603702,26,13,0,0,0,0,1
REP001,DOC048,MOL02,2025-05,15.287815968603702,26,13,0,0,0,0,1
REP002,DOC048,MOL02,2025-05,15.287815968603702,26,13,0,0,0,0,0
REP006,DOC048,MOL02,2025-05,15.287815968603702,26,13,0,0,0,0,1
REP003,DOC048,MOL02,2025-05,15.287815968603702,26,13,0,0,0,0,1
REP008,DOC048,MOL02,2025-05,15.287815968603702,26,13,0,0,0,0,0
REP001,DOC034,MOL02,2025-05,13.96169822864608,27,6,0,0,0,0,1
REP003,DOC034,MOL02,2025-05,13.96169822864608,27,6,0,0,0,0,1
REP009,DOC034,MOL02,2025-05,13.96169822864608,27,6,0,0,0,0,1
REP006,DOC034,MOL02,2025-05,13.96169822864608,27,6,0,0,0,0,1
REP007,DOC034,MOL02,2025-05,13.96169822864608,27,6,0,0,0,0,1
REP005,DOC034,MOL02,2025-05,13.96169822864608,27,6,0,0,0,0,1
REP002,DOC034,MOL02,2025-05,13.96169822864608,27,6,0,0,0,0,0
REP004,DOC006,MOL02,2025-05,13.458789142803932,28,1,0,0,0,0,1
REP008,DOC006,MOL02,2025-05,13.458789142803932,28,1,0,0,0,0,0
REP010,DOC006,MOL02,2025-05,13.458789142803932,28,1,0,0,0,0,0
REP008,DOC023,MOL02,2025-05,12.878160036713789,29,8,0,0,0,0,0
REP007,DOC023,MOL02,2025-05,12.878160036713789,29,8,0,0,0,0,1
REP004,DOC023,MOL02,2025-05,12.878160036713789,29,8,0,0,0,0,1
REP006,DOC023,MOL02,2025-05,12.878160036713789,29,8,0,0,0,0,1
REP002,DOC023,MOL02,2025-05,12.878160036713789,29,8,0,0,0,0,0
REP010,DOC023,MOL02,2025-05,12.878160036713789,29,8,0,0,0,0,0
REP009,DOC046,MOL02,2025-05,8.092811439624024,30,9,0,0,0,0,1
REP003,DOC046,MOL02,2025-05,8.092811439624024,30,9,0,0,0,0,1
REP005,DOC046,MOL02,2025-05,8.092811439624024,30,9,0,0,0,0,1
REP002,DOC046,MOL02,2025-05,8.092811439624024,30,9,0,0,0,0,0
REP001,DOC046,MOL02,2025-05,8.092811439624024,30,9,0,0,0,0,1
REP010,DOC046,MOL02,2025-05,8.092811439624024,30,9,0,0,0,0,0
REP006,DOC027,MOL02,2025-05,7.4791752461014065,31,1,0,0,0,0,1
REP009,DOC027,MOL02,2025-05,7.4791752461014065,31,1,0,0,0,0,1
REP008,DOC027,MOL02,2025-05,7.4791752461014065,31,1,0,0,0,0,0
REP007,DOC027,MOL02,2025-05,7.4791752461014065,31,1,0,0,0,0,1
REP010,DOC027,MOL02,2025-05,7.4791752461014065,31,1,0,0,0,0,0
REP010,DOC036,MOL02,2025-05,3.5318327551034425,32,4,0,0,0,0,0
REP009,DOC036,MOL02,2025-05,3.5318327551034425,32,4,0,0,0,0,1
REP007,DOC036,MOL02,2025-05,3.5318327551034425,32,4,0,0,0,0,1
REP005,DOC036,MOL02,2025-05,3.5318327551034425,32,4,0,0,0,0,1
REP001,DOC036,MOL02,2025-05,3.5318327551034425,32,4,0,0,0,0,1
REP004,DOC036,MOL02,2025-05,3.5318327551034425,32,4,0,0,0,0,1
REP006,DOC036,MOL02,2025-05,3.5318327551034425,32,4,0,0,0,0,1
REP002,DOC036,MOL02,2025-05,3.5318327551034425,32,4,0,0,0,0,0
REP009,DOC038,MOL02,2025-05,1.592787320929003,33,96,0,0,0,0,1
REP010,DOC038,MOL02,2025-05,1.592787320929003,33,96,0,0,0,0,0
REP004,DOC038,MOL02,2025-05,1.592787320929003,33,96,0,0,0,0,1
REP002,DOC038,MOL02,2025-05,1.592787320929003,33,96,0,0,0,0,0
REP006,DOC038,MOL02,2025-05,1.592787320929003,33,96,0,0,0,0,1
REP010,DOC045,MOL02,2025-05,1.592787320929003,33,14,0,0,0,1,0
REP007,DOC045,MOL02,2025-05,1.592787320929003,33,14,0,0,0,1,1
REP009,DOC045,MOL02,2025-05,1.592787320929003,33,14,0,0,0,1,1
REP001,DOC045,MOL02,2025-05,1.592787320929003,33,14,0,0,0,1,1
REP004,DOC045,MOL02,2025-05,1.592787320929003,33,14,0,0,0,1,1
REP006,DOC045,MOL02,2025-05,1.592787320929003,33,14,0,0,0,1,1
REP005,DOC045,MOL02,2025-05,1.592787320929003,33,14,0,0,0,1,1
REP002,DOC043,MOL02,2025-05,1.108025962385393,35,24,0,0,0,0,0
REP008,DOC043,MOL02,2025-05,1.108025962385393,35,24,0,0,0,0,0
REP001,DOC043,MOL02,2025-05,1.108025962385393,35,24,0,0,0,0,1
REP005,DOC043,MOL02,2025-05,1.108025962385393,35,24,0,0,0,0,1
REP004,DOC043,MOL02,2025-05,1.108025962385393,35,24,0,0,0,0,1
REP002,DOC029,MOL02,2025-05,0.0,36,47,0,0,0,0,0
REP009,DOC029,MOL02,2025-05,0.0,36,47,0,0,0,0,1
REP003,DOC029,MOL02,2025-05,0.0,36,47,0,0,0,0,1
REP005,DOC029,MOL02,2025-05,0.0,36,47,0,0,0,0,1
REP008,DOC025,MOL02,2025-06,100.0,1,2,0,0,0,0,0
REP006,DOC025,MOL02,2025-06,100.0,1,2,0,0,0,0,1
REP002,DOC025,MOL02,2025-06,100.0,1,2,0,0,0,0,0
REP003,DOC025,MOL02,2025-06,100.0,1,2,0,0,0,0,1
REP007,DOC025,MOL02,2025-06,100.0,1,2,0,0,0,0,1
REP010,DOC025,MOL02,2025-06,100.0,1,2,0,0,0,0,0
REP009,DOC025,MOL02,2025-06,100.0,1,2,0,0,0,0,1
REP004,DOC025,MOL02,2025-06,100.0,1,2,0,0,0,0,1
REP001,DOC025,MOL02,2025-06,100.0,1,2,0,0,0,0,1
REP004,DOC004,MOL02,2025-06,89.19398724738056,2,40,1,0,0,0,1
REP002,DOC004,MOL02,2025-06,89.19398724738056,2,40,1,0,0,0,0
REP006,DOC004,MOL02,2025-06,89.19398724738056,2,40,1,0,0,0,1
REP008,DOC004,MOL02,2025-06,89.19398724738056,2,40,1,0,0,0,0
REP007,DOC004,MOL02,2025-06,89.19398724738056,2,40,1,0,0,0,1
REP007,DOC008,MOL02,2025-06,76.22067216233354,3,0,0,0,0,0,1
REP001,DOC008,MOL02,2025-06,76.22067216233354,3,0,0,0,0,0,1
REP009,DOC008,MOL02,2025-06,76.22067216233354,3,0,0,0,0,0,1
REP006,DOC008,MOL02,2025-06,76.22067216233354,3,0,0,0,0,0,1
REP005,DOC008,MOL02,2025-06,76.22067216233354,3,0,0,0,0,0,1
REP004,DOC008,MOL02,2025-06,76.22067216233354,3,0,0,0,0,0,1
REP003,DOC008,MOL02,2025-06,76.22067216233354,3,0,0,0,0,0,1
REP002,DOC029,MOL02,2025-06,76.22067216233354,3,47,1,0,0,0,0
REP009,DOC029,MOL02,2025-06,76.22067216233354,3,47,1,0,0,0,1
REP003,DOC029,MOL02,2025-06,76.22067216233354,3,47,1,0,0,0,1
REP005,DOC029,MOL02,2025-06,76.22067216233354,3,47,1,0,0,0,1
REP004,DOC031,MOL02,2025-06,73.7107885013517,5,6,0,0,0,0,1
REP003,DOC031,MOL02,2025-06,73.7107885013517,5,6,0,0,0,0,1
REP007,DOC031,MOL02,2025-06,73.7107885013517,5,6,0,0,0,0,1
REP010,DOC031,MOL02,2025-06,73.7107885013517,5,6,0,0,0,0,0
REP006,DOC031,MOL02,2025-06,73.7107885013517,5,6,0,0,0,0,1
REP004,DOC047,MOL02,2025-06,61.38237159162967,6,11,0,0,0,0,1
REP003,DOC047,MOL02,2025-06,61.38237159162967,6,11,0,0,0,0,1
REP009,DOC047,MOL02,2025-06,61.38237159162967,6,11,0,0,0,0,1
REP001,DOC047,MOL02,2025-06,61.38237159162967,6,11,0,0,0,0,1
REP005,DOC047,MOL02,2025-06,61.38237159162967,6,11,0,0,0,0,1
REP008,DOC047,MOL02,2025-06,61.38237159162967,6,11,0,0,0,0,0
REP007,DOC047,MOL02,2025-06,61.38237159162967,6,11,0,0,0,0,1
REP006,DOC047,MOL02,2025-06,61.38237159162967,6,11,0,0,0,0,1
REP010,DOC047,MOL02,2025-06,61.38237159162967,6,11,0,0,0,0,0
REP006,DOC032,MOL02,2025-06,55.12739276802123,7,14,0,0,0,0,1
REP005,DOC032,MOL02,2025-06,55.12739276802123,7,14,0,0,0,0,1
REP010,DOC032,MOL02,2025-06,55.12739276802123,7,14,0,0,0,0,0
REP002,DOC032,MOL02,2025-06,55.12739276802123,7,14,0,0,0,0,0
REP009,DOC032,MOL02,2025-06,55.12739276802123,7,14,0,0,0,0,1
REP001,DOC032,MOL02,2025-06,55.12739276802123,7,14,0,0,0,0,1
REP007,DOC032,MOL02,2025-06,55.12739276802123,7,14,0,0,0,0,1
REP009,DOC046,MOL02,2025-06,53.75815263065172,8,9,0,0,0,0,1
REP003,DOC046,MOL02,2025-06,53.75815263065172,8,9,0,0,0,0,1
REP005,DOC046,MOL02,2025-06,53.75815263065172,8,9,0,0,0,0,1
REP002,DOC046,MOL02,2025-06,53.75815263065172,8,9,0,0,0,0,0
REP001,DOC046,MOL02,2025-06,53.75815263065172,8,9,0,0,0,0,1
REP010,DOC046,MOL02,2025-06,53.75815263065172,8,9,0,0,0,0,0
REP008,DOC030,MOL02,2025-06,49.03269822057878,9,5,0,0,0,0,0
REP001,DOC030,MOL02,2025-06,49.03269822057878,9,5,0,0,0,0,1
REP004,DOC030,MOL02,2025-06,49.03269822057878,9,5,0,0,0,0,1
REP009,DOC030,MOL02,2025-06,49.03269822057878,9,5,0,0,0,0,1
REP010,DOC030,MOL02,2025-06,49.03269822057878,9,5,0,0,0,0,0
REP005,DOC030,MOL02,2025-06,49.03269822057878,9,5,0,0,0,0,1
REP009,DOC042,MOL02,2025-06,48.88711398499625,10,5,0,0,0,0,1
REP002,DOC042,MOL02,2025-06,48.88711398499625,10,5,0,0,0,0,0
REP001,DOC042,MOL02,2025-06,48.88711398499625,10,5,0,0,0,0,1
REP007,DOC042,MOL02,2025-06,48.88711398499625,10,5,0,0,0,0,1
REP006,DOC042,MOL02,2025-06,48.88711398499625,10,5,0,0,0,0,1
REP007,DOC049,MOL02,2025-06,47.305009511731136,11,11,0,0,0,0,1
REP002,DOC049,MOL02,2025-06,47.305009511731136,11,11,0,0,0,0,0
REP006,DOC049,MOL02,2025-06,47.305009511731136,11,11,0,0,0,0,1
REP003,DOC049,MOL02,2025-06,47.305009511731136,11,11,0,0,0,0,1
REP004,DOC049,MOL02,2025-06,47.305009511731136,11,11,0,0,0,0,1
REP008,DOC005,MOL02,2025-06,41.31336330788288,12,13,0,0,0,0,0
REP004,DOC005,MOL02,2025-06,41.31336330788288,12,13,0,0,0,0,1
REP002,DOC005,MOL02,2025-06,41.31336330788288,12,13,0,0,0,0,0
REP007,DOC005,MOL02,2025-06,41.31336330788288,12,13,0,0,0,0,1
REP003,DOC005,MOL02,2025-06,41.31336330788288,12,13,0,0,0,0,1
REP005,DOC005,MOL02,2025-06,41.31336330788288,12,13,0,0,0,0,1
REP006,DOC005,MOL02,2025-06,41.31336330788288,12,13,0,0,0,0,1
REP007,DOC020,MOL02,2025-06,38.74445149017121,13,9,0,0,0,0,1
REP008,DOC020,MOL02,2025-06,38.74445149017121,13,9,0,0,0,0,0
REP004,DOC020,MOL02,2025-06,38.74445149017121,13,9,0,0,0,0,1
REP006,DOC020,MOL02,2025-06,38.74445149017121,13,9,0,0,0,0,1
REP005,DOC020,MOL02,2025-06,38.74445149017121,13,9,0,0,0,0,1
REP009,DOC048,MOL02,2025-06,27.80577139262936,14,13,0,0,0,0,1
REP010,DOC048,MOL02,2025-06,27.80577139262936,14,13,0,0,0,0,0
REP004,DOC048,MOL02,2025-06,27.80577139262936,14,13,0,0,0,0,1
REP001,DOC048,MOL02,2025-06,27.80577139262936,14,13,0,0,0,0,1
REP002,DOC048,MOL02,2025-06,27.80577139262936,14,13,0,0,0,0,0
REP006,DOC048,MOL02,2025-06,27.80577139262936,14,13,0,0,0,0,1
REP003,DOC048,MOL02,2025-06,27.80577139262936,14,13,0,0,0,0,1
REP008,DOC048,MOL02,2025-06,27.80577139262936,14,13,0,0,0,0,0
REP002,DOC022,MOL02,2025-06,25.458958495950988,15,0,0,0,0,0,0
REP001,DOC022,MOL02,2025-06,25.458958495950988,15,0,0,0,0,0,1
REP006,DOC022,MOL02,2025-06,25.458958495950988,15,0,0,0,0,0,1
REP007,DOC022,MOL02,2025-06,25.458958495950988,15,0,0,0,0,0,1
REP004,DOC022,MOL02,2025-06,25.458958495950988,15,0,0,0,0,0,1
REP001,DOC039,MOL02,2025-06,21.404279713002406,16,2,0,0,0,0,1
REP007,DOC039,MOL02,2025-06,21.404279713002406,16,2,0,0,0,0,1
REP005,DOC039,MOL02,2025-06,21.404279713002406,16,2,0,0,0,0,1
REP008,DOC039,MOL02,2025-06,21.404279713002406,16,2,0,0,0,0,0
REP010,DOC039,MOL02,2025-06,21.404279713002406,16,2,0,0,0,0,0
REP003,DOC039,MOL02,2025-06,21.404279713002406,16,2,0,0,0,0,1
REP004,DOC039,MOL02,2025-06,21.404279713002406,16,2,0,0,0,0,1
REP008,DOC023,MOL02,2025-06,21.03296802889604,17,8,0,0,0,0,0
REP007,DOC023,MOL02,2025-06,21.03296802889604,17,8,0,0,0,0,1
REP004,DOC023,MOL02,2025-06,21.03296802889604,17,8,0,0,0,0,1
REP006,DOC023,MOL02,2025-06,21.03296802889604,17,8,0,0,0,0,1
REP002,DOC023,MOL02,2025-06,21.03296802889604,17,8,0,0,0,0,0
REP010,DOC023,MOL02,2025-06,21.03296802889604,17,8,0,0,0,0,0
REP008,DOC002,MOL02,2025-06,20.73557387444515,18,6,0,0,0,0,0
REP004,DOC002,MOL02,2025-06,20.73557387444515,18,6,0,0,0,0,1
REP005,DOC002,MOL02,2025-06,20.73557387444515,18,6,0,0,0,0,1
REP003,DOC002,MOL02,2025-06,20.73557387444515,18,6,0,0,0,0,1
REP007,DOC002,MOL02,2025-06,20.73557387444515,18,6,0,0,0,0,1
REP009,DOC013,MOL02,2025-06,20.58853395401631,19,21,0,0,1,0,1
REP001,DOC013,MOL02,2025-06,20.58853395401631,19,21,0,0,1,0,1
REP004,DOC013,MOL02,2025-06,20.58853395401631,19,21,0,0,1,0,1
REP007,DOC013,MOL02,2025-06,20.58853395401631,19,21,0,0,1,0,1
REP008,DOC013,MOL02,2025-06,20.58853395401631,19,21,0,0,1,0,0
REP005,DOC013,MOL02,2025-06,20.58853395401631,19,21,0,0,1,0,1
REP002,DOC013,MOL02,2025-06,20.58853395401631,19,21,0,0,1,0,0
REP001,DOC034,MOL02,2025-06,18.044638783186688,20,6,0,0,0,0,1
REP003,DOC034,MOL02,2025-06,18.044638783186688,20,6,0,0,0,0,1
REP009,DOC034,MOL02,2025-06,18.044638783186688,20,6,0,0,0,0,1
REP006,DOC034,MOL02,2025-06,18.044638783186688,20,6,0,0,0,0,1
REP007,DOC034,MOL02,2025-06,18.044638783186688,20,6,0,0,0,0,1
REP005,DOC034,MOL02,2025-06,18.044638783186688,20,6,0,0,0,0,1
REP002,DOC034,MOL02,2025-06,18.044638783186688,20,6,0,0,0,0,0
REP002,DOC021,MOL02,2025-06,17.903236134405727,21,14,0,0,0,0,0
REP010,DOC021,MOL02,2025-06,17.903236134405727,21,14,0,0,0,0,0
REP009,DOC021,MOL02,2025-06,17.903236134405727,21,14,0,0,0,0,1
REP003,DOC021,MOL02,2025-06,17.903236134405727,21,14,0,0,0,0,1
REP006,DOC021,MOL02,2025-06,17.903236134405727,21,14,0,0,0,0,1
REP007,DOC021,MOL02,2025-06,17.903236134405727,21,14,0,0,0,0,1
REP004,DOC021,MOL02,2025-06,17.903236134405727,21,14,0,0,0,0,1
REP001,DOC021,MOL02,2025-06,17.903236134405727,21,14,0,0,0,0,1
REP007,DOC003,MOL02,2025-06,17.81557612660628,22,0,0,0,0,0,1
REP010,DOC003,MOL02,2025-06,17.81557612660628,22,0,0,0,0,0,0
REP005,DOC003,MOL02,2025-06,17.81557612660628,22,0,0,0,0,0,1
REP003,DOC003,MOL02,2025-06,17.81557612660628,22,0,0,0,0,0,1
REP002,DOC003,MOL02,2025-06,17.81557612660628,22,0,0,0,0,0,0
REP004,DOC003,MOL02,2025-06,17.81557612660628,22,0,0,0,0,0,1
REP006,DOC003,MOL02,2025-06,17.81557612660628,22,0,0,0,0,0,1
REP004,DOC006,MOL02,2025-06,17.244264131099037,23,1,0,0,0,0,1
REP008,DOC006,MOL02,2025-06,17.244264131099037,23,1,0,0,0,0,0
REP010,DOC006,MOL02,2025-06,17.244264131099037,23,1,0,0,0,0,0
REP006,DOC009,MOL02,2025-06,16.93252631840056,24,44,0,0,1,0,1
REP001,DOC009,MOL02,2025-06,16.93252631840056,24,44,0,0,1,0,1
REP004,DOC009,MOL02,2025-06,16.93252631840056,24,44,0,0,1,0,1
REP002,DOC009,MOL02,2025-06,16.93252631840056,24,44,0,0,1,0,0
REP007,DOC009,MOL02,2025-06,16.93252631840056,24,44,0,0,1,0,1
REP005,DOC026,MOL02,2025-06,16.896797864366185,25,10,0,0,0,0,1
REP001,DOC026,MOL02,2025-06,16.896797864366185,25,10,0,0,0,0,1
REP006,DOC026,MOL02,2025-06,16.896797864366185,25,10,0,0,0,0,1
REP009,DOC026,MOL02,2025-06,16.896797864366185,25,10,0,0,0,0,1
REP003,DOC026,MOL02,2025-06,16.896797864366185,25,10,0,0,0,0,1
REP004,DOC026,MOL02,2025-06,16.896797864366185,25,10,0,0,0,0,1
REP007,DOC026,MOL02,2025-06,16.896797864366185,25,10,0,0,0,0,1
REP008,DOC026,MOL02,2025-06,16.896797864366185,25,10,0,0,0,0,0
REP005,DOC016,MOL02,2025-06,14.140492035663131,26,21,0,0,1,0,1
REP006,DOC016,MOL02,2025-06,14.140492035663131,26,21,0,0,1,0,1
REP009,DOC016,MOL02,2025-06,14.140492035663131,26,21,0,0,1,0,1
REP003,DOC016,MOL02,2025-06,14.140492035663131,26,21,0,0,1,0,1
REP001,DOC016,MOL02,2025-06,14.140492035663131,26,21,0,0,1,0,1
REP010,DOC016,MOL02,2025-06,14.140492035663131,26,21,0,0,1,0,0
REP008,DOC044,MOL02,2025-06,12.682308180088777,27,26,0,0,0,0,0
REP005,DOC044,MOL02,2025-06,12.682308180088777,27,26,0,0,0,0,1
REP007,DOC044,MOL02,2025-06,12.682308180088777,27,26,0,0,0,0,1
REP010,DOC044,MOL02,2025-06,12.682308180088777,27,26,0,0,0,0,0
REP006,DOC010,MOL02,2025-06,6.785034876347494,28,0,0,0,0,0,1
REP005,DOC010,MOL02,2025-06,6.785034876347494,28,0,0,0,0,0,1
REP009,DOC010,MOL02,2025-06,6.785034876347494,28,0,0,0,0,0,1
REP003,DOC010,MOL02,2025-06,6.785034876347494,28,0,0,0,0,0,1
REP007,DOC010,MOL02,2025-06,6.785034876347494,28,0,0,0,0,0,1
REP001,DOC010,MOL02,2025-06,6.785034876347494,28,0,0,0,0,0,1
REP008,DOC010,MOL02,2025-06,6.785034876347494,28,0,0,0,0,0,0
REP009,DOC035,MOL02,2025-06,3.551046290424857,29,61,0,0,0,0,1
REP003,DOC035,MOL02,2025-06,3.551046290424857,29,61,0,0,0,0,1
REP008,DOC035,MOL02,2025-06,3.551046290424857,29,61,0,0,0,0,0
REP004,DOC035,MOL02,2025-06,3.551046290424857,29,61,0,0,0,0,1
REP006,DOC035,MOL02,2025-06,3.551046290424857,29,61,0,0,0,0,1
REP010,DOC035,MOL02,2025-06,3.551046290424857,29,61,0,0,0,0,0
REP005,DOC019,MOL02,2025-06,2.790107799619532,30,31,0,0,0,0,1
REP003,DOC019,MOL02,2025-06,2.790107799619532,30,31,0,0,0,0,1
REP009,DOC019,MOL02,2025-06,2.790107799619532,30,31,0,0,0,0,1
REP002,DOC019,MOL02,2025-06,2.790107799619532,30,31,0,0,0,0,0
REP001,DOC019,MOL02,2025-06,2.790107799619532,30,31,0,0,0,0,1
REP010,DOC019,MOL02,2025-06,2.790107799619532,30,31,0,0,0,0,0
REP004,DOC019,MOL02,2025-06,2.790107799619532,30,31,0,0,0,0,1
REP008,DOC019,MOL02,2025-06,2.790107799619532,30,31,0,0,0,0,0
REP007,DOC037,MOL02,2025-06,0.0,31,10,0,0,0,0,1
REP003,DOC037,MOL02,2025-06,0.0,31,10,0,0,0,0,1
REP006,DOC037,MOL02,2025-06,0.0,31,10,0,0,0,0,1
REP002,DOC037,MOL02,2025-06,0.0,31,10,0,0,0,0,0
REP005,DOC037,MOL02,2025-06,0.0,31,10,0,0,0,0,1
REP009,DOC037,MOL02,2025-06,0.0,31,10,0,0,0,0,1
REP008,DOC005,MOL03,2025-01,100.0,1,13,0,0,0,1,0
REP004,DOC005,MOL03,2025-01,100.0,1,13,0,0,0,1,1
REP002,DOC005,MOL03,2025-01,100.0,1,13,0,0,0,1,0
REP007,DOC005,MOL03,2025-01,100.0,1,13,0,0,0,1,1
REP003,DOC005,MOL03,2025-01,100.0,1,13,0,0,0,1,1
REP005,DOC005,MOL03,2025-01,100.0,1,13,0,0,0,1,1
REP006,DOC005,MOL03,2025-01,100.0,1,13,0,0,0,1,1
REP002,DOC021,MOL03,2025-01,72.81672519879598,2,14,0,0,0,1,0
REP010,DOC021,MOL03,2025-01,72.81672519879598,2,14,0,0,0,1,0
REP009,DOC021,MOL03,2025-01,72.81672519879598,2,14,0,0,0,1,1
REP003,DOC021,MOL03,2025-01,72.81672519879598,2,14,0,0,0,1,1
REP006,DOC021,MOL03,2025-01,72.81672519879598,2,14,0,0,0,1,1
REP007,DOC021,MOL03,2025-01,72.81672519879598,2,14,0,0,0,1,1
REP004,DOC021,MOL03,2025-01,72.81672519879598,2,14,0,0,0,1,1
REP001,DOC021,MOL03,2025-01,72.81672519879598,2,14,0,0,0,1,1
REP009,DOC048,MOL03,2025-01,71.42857142857142,3,13,0,0,0,1,1
REP010,DOC048,MOL03,2025-01,71.42857142857142,3,13,0,0,0,1,0
REP004,DOC048,MOL03,2025-01,71.42857142857142,3,13,0,0,0,1,1
REP001,DOC048,MOL03,2025-01,71.42857142857142,3,13,0,0,0,1,1
REP002,DOC048,MOL03,2025-01,71.42857142857142,3,13,0,0,0,1,0
REP006,DOC048,MOL03,2025-01,71.42857142857142,3,13,0,0,0,1,1
REP003,DOC048,MOL03,2025-01,71.42857142857142,3,13,0,0,0,1,1
REP008,DOC048,MOL03,2025-01,71.42857142857142,3,13,0,0,0,1,0
REP007,DOC020,MOL03,2025-01,64.68594354566606,4,9,0,0,0,1,1
REP008,DOC020,MOL03,2025-01,64.68594354566606,4,9,0,0,0,1,0
REP004,DOC020,MOL03,2025-01,64.68594354566606,4,9,0,0,0,1,1
REP006,DOC020,MOL03,2025-01,64.68594354566606,4,9,0,0,0,1,1
REP005,DOC020,MOL03,2025-01,64.68594354566606,4,9,0,0,0,1,1
REP006,DOC010,MOL03,2025-01,61.34453781512603,5,0,0,0,0,0,1
REP005,DOC010,MOL03,2025-01,61.34453781512603,5,0,0,0,0,0,1
REP009,DOC010,MOL03,2025-01,61.34453781512603,5,0,0,0,0,0,1
REP003,DOC010,MOL03,2025-01,61.34453781512603,5,0,0,0,0,0,1
REP007,DOC010,MOL03,2025-01,61.34453781512603,5,0,0,0,0,0,1
REP001,DOC010,MOL03,2025-01,61.34453781512603,5,0,0,0,0,0,1
REP008,DOC010,MOL03,2025-01,61.34453781512603,5,0,0,0,0,0,0
REP008,DOC030,MOL03,2025-01,58.54341736694677,6,5,0,0,0,0,0
REP001,DOC030,MOL03,2025-01,58.54341736694677,6,5,0,0,0,0,1
REP004,DOC030,MOL03,2025-01,58.54341736694677,6,5,0,0,0,0,1
REP009,DOC030,MOL03,2025-01,58.54341736694677,6,5,0,0,0,0,1
REP010,DOC030,MOL03,2025-01,58.54341736694677,6,5,0,0,0,0,0
REP005,DOC030,MOL03,2025-01,58.54341736694677,6,5,0,0,0,0,1
REP007,DOC008,MOL03,2025-01,55.38776218068207,7,0,0,0,0,0,1
REP001,DOC008,MOL03,2025-01,55.38776218068207,7,0,0,0,0,0,1
REP009,DOC008,MOL03,2025-01,55.38776218068207,7,0,0,0,0,0,1
REP006,DOC008,MOL03,2025-01,55.38776218068207,7,0,0,0,0,0,1
REP005,DOC008,MOL03,2025-01,55.38776218068207,7,0,0,0,0,0,1
REP004,DOC008,MOL03,2025-01,55.38776218068207,7,0,0,0,0,0,1
REP003,DOC008,MOL03,2025-01,55.38776218068207,7,0,0,0,0,0,1
REP008,DOC023,MOL03,2025-01,48.949579831932766,8,8,0,0,0,1,0
REP007,DOC023,MOL03,2025-01,48.949579831932766,8,8,0,0,0,1,1
REP004,DOC023,MOL03,2025-01,48.949579831932766,8,8,0,0,0,1,1
REP006,DOC023,MOL03,2025-01,48.949579831932766,8,8,0,0,0,1,1
REP002,DOC023,MOL03,2025-01,48.949579831932766,8,8,0,0,0,1,0
REP010,DOC023,MOL03,2025-01,48.949579831932766,8,8,0,0,0,1,0
REP005,DOC028,MOL03,2025-01,40.41535965312395,9,72,1,0,0,1,1
REP006,DOC028,MOL03,2025-01,40.41535965312395,9,72,1,0,0,1,1
REP008,DOC028,MOL03,2025-01,40.41535965312395,9,72,1,0,0,1,0
REP003,DOC028,MOL03,2025-01,40.41535965312395,9,72,1,0,0,1,1
REP001,DOC028,MOL03,2025-01,40.41535965312395,9,72,1,0,0,1,1
REP007,DOC028,MOL03,2025-01,40.41535965312395,9,72,1,0,0,1,1
REP003,DOC018,MOL03,2025-01,39.70588235294117,10,20,0,0,0,1,1
REP009,DOC018,MOL03,2025-01,39.70588235294117,10,20,0,0,0,1,1
REP005,DOC018,MOL03,2025-01,39.70588235294117,10,20,0,0,0,1,1
REP001,DOC018,MOL03,2025-01,39.70588235294117,10,20,0,0,0,1,1
REP010,DOC018,MOL03,2025-01,39.70588235294117,10,20,0,0,0,1,0
REP007,DOC003,MOL03,2025-01,35.08403361344537,11,0,0,0,0,0,1
REP010,DOC003,MOL03,2025-01,35.08403361344537,11,0,0,0,0,0,0
REP005,DOC003,MOL03,2025-01,35.08403361344537,11,0,0,0,0,0,1
REP003,DOC003,MOL03,2025-01,35.08403361344537,11,0,0,0,0,0,1
REP002,DOC003,MOL03,2025-01,35.08403361344537,11,0,0,0,0,0,0
REP004,DOC003,MOL03,2025-01,35.08403361344537,11,0,0,0,0,0,1
REP006,DOC003,MOL03,2025-01,35.08403361344537,11,0,0,0,0,0,1
REP005,DOC026,MOL03,2025-01,35.08403361344537,11,10,0,0,0,1,1
REP001,DOC026,MOL03,2025-01,35.08403361344537,11,10,0,0,0,1,1
REP006,DOC026,MOL03,2025-01,35.08403361344537,11,10,0,0,0,1,1
REP009,DOC026,MOL03,2025-01,35.08403361344537,11,10,0,0,0,1,1
REP003,DOC026,MOL03,2025-01,35.08403361344537,11,10,0,0,0,1,1
REP004,DOC026,MOL03,2025-01,35.08403361344537,11,10,0,0,0,1,1
REP007,DOC026,MOL03,2025-01,35.08403361344537,11,10,0,0,0,1,1
REP008,DOC026,MOL03,2025-01,35.08403361344537,11,10,0,0,0,1,0
REP004,DOC031,MOL03,2025-01,30.985387481598604,13,6,0,0,0,0,1
REP003,DOC031,MOL03,2025-01,30.985387481598604,13,6,0,0,0,0,1
REP007,DOC031,MOL03,2025-01,30.985387481598604,13,6,0,0,0,0,1
REP010,DOC031,MOL03,2025-01,30.985387481598604,13,6,0,0,0,0,0
REP006,DOC031,MOL03,2025-01,30.985387481598604,13,6,0,0,0,0,1
REP004,DOC004,MOL03,2025-01,30.32212885154061,14,40,0,0,0,1,1
REP002,DOC004,MOL03,2025-01,30.32212885154061,14,40,0,0,0,1,0
REP006,DOC004,MOL03,2025-01,30.32212885154061,14,40,0,0,0,1,1
REP008,DOC004,MOL03,2025-01,30.32212885154061,14,40,0,0,0,1,0
REP007,DOC004,MOL03,2025-01,30.32212885154061,14,40,0,0,0,1,1
REP009,DOC038,MOL03,2025-01,29.6218487394958,15,96,0,0,0,1,1
REP010,DOC038,MOL03,2025-01,29.6218487394958,15,96,0,0,0,1,0
REP004,DOC038,MOL03,2025-01,29.6218487394958,15,96,0,0,0,1,1
REP002,DOC038,MOL03,2025-01,29.6218487394958,15,96,0,0,0,1,0
REP006,DOC038,MOL03,2025-01,29.6218487394958,15,96,0,0,0,1,1
REP004,DOC047,MOL03,2025-01,29.6218487394958,15,11,0,0,0,1,1
REP003,DOC047,MOL03,2025-01,29.6218487394958,15,11,0,0,0,1,1
REP009,DOC047,MOL03,2025-01,29.6218487394958,15,11,0,0,0,1,1
REP001,DOC047,MOL03,2025-01,29.6218487394958,15,11,0,0,0,1,1
REP005,DOC047,MOL03,2025-01,29.6218487394958,15,11,0,0,0,1,1
REP008,DOC047,MOL03,2025-01,29.6218487394958,15,11,0,0,0,1,0
REP007,DOC047,MOL03,2025-01,29.6218487394958,15,11,0,0,0,1,1
REP006,DOC047,MOL03,2025-01,29.6218487394958,15,11,0,0,0,1,1
REP010,DOC047,MOL03,2025-01,29.6218487394958,15,11,0,0,0,1,0
REP005,DOC011,MOL03,2025-01,29.516567187409542,17,11,0,0,0,1,1
REP007,DOC011,MOL03,2025-01,29.516567187409542,17,11,0,0,0,1,1
REP001,DOC011,MOL03,2025-01,29.516567187409542,17,11,0,0,0,1,1
REP008,DOC011,MOL03,2025-01,29.516567187409542,17,11,0,0,0,1,0
REP009,DOC011,MOL03,2025-01,29.516567187409542,17,11,0,0,0,1,1
REP002,DOC011,MOL03,2025-01,29.516567187409542,17,11,0,0,0,1,0
REP006,DOC011,MOL03,2025-01,29.516567187409542,17,11,0,0,0,1,1
REP004,DOC011,MOL03,2025-01,29.516567187409542,17,11,0,0,0,1,1
REP002,DOC043,MOL03,2025-01,28.1315305789394,18,24,0,0,0,1,0
REP008,DOC043,MOL03,2025-01,28.1315305789394,18,24,0,0,0,1,0
REP001,DOC043,MOL03,2025-01,28.1315305789394,18,24,0,0,0,1,1
REP005,DOC043,MOL03,2025-01,28.1315305789394,18,24,0,0,0,1,1
REP004,DOC043,MOL03,2025-01,28.1315305789394,18,24,0,0,0,1,1
REP004,DOC014,MOL03,2025-01,28.052141456986067,19,9,0,0,0,1,1
REP009,DOC014,MOL03,2025-01,28.052141456986067,19,9,0,0,0,1,1
REP001,DOC014,MOL03,2025-01,28.052141456986067,19,9,0,0,0,1,1
REP006,DOC014,MOL03,2025-01,28.052141456986067,19,9,0,0,0,1,1
REP003,DOC014,MOL03,2025-01,28.052141456986067,19,9,0,0,0,1,1
REP002,DOC033,MOL03,2025-01,24.33848480422172,20,8,0,0,0,1,0
REP003,DOC033,MOL03,2025-01,24.33848480422172,20,8,0,0,0,1,1
REP009,DOC033,MOL03,2025-01,24.33848480422172,20,8,0,0,0,1,1
REP010,DOC033,MOL03,2025-01,24.33848480422172,20,8,0,0,0,1,0
REP007,DOC033,MOL03,2025-01,24.33848480422172,20,8,0,0,0,1,1
REP001,DOC033,MOL03,2025-01,24.33848480422172,20,8,0,0,0,1,1
REP007,DOC012,MOL03,2025-01,21.608159455690288,21,13,0,0,0,1,1
REP001,DOC012,MOL03,2025-01,21.608159455690288,21,13,0,0,0,1,1
REP005,DOC019,MOL03,2025-01,21.47537906715873,22,31,0,0,0,1,1
REP003,DOC019,MOL03,2025-01,21.47537906715873,22,31,0,0,0,1,1
REP009,DOC019,MOL03,2025-01,21.47537906715873,22,31,0,0,0,1,1
REP002,DOC019,MOL03,2025-01,21.47537906715873,22,31,0,0,0,1,0
REP001,DOC019,MOL03,2025-01,21.47537906715873,22,31,0,0,0,1,1
REP010,DOC019,MOL03,2025-01,21.47537906715873,22,31,0,0,0,1,0
REP004,DOC019,MOL03,2025-01,21.47537906715873,22,31,0,0,0,1,1
REP008,DOC019,MOL03,2025-01,21.47537906715873,22,31,0,0,0,1,0
REP008,DOC041,MOL03,2025-01,20.457418298619828,23,19,0,0,0,1,0
REP007,DOC041,MOL03,2025-01,20.457418298619828,23,19,0,0,0,1,1
REP003,DOC041,MOL03,2025-01,20.457418298619828,23,19,0,0,0,1,1
REP006,DOC041,MOL03,2025-01,20.457418298619828,23,19,0,0,0,1,1
REP010,DOC007,MOL03,2025-01,20.28989156641854,24,7,0,0,0,0,0
REP002,DOC007,MOL03,2025-01,20.28989156641854,24,7,0,0,0,0,0
REP009,DOC007,MOL03,2025-01,20.28989156641854,24,7,0,0,0,0,1
REP006,DOC007,MOL03,2025-01,20.28989156641854,24,7,0,0,0,0,1
REP004,DOC007,MOL03,2025-01,20.28989156641854,24,7,0,0,0,0,1
REP005,DOC007,MOL03,2025-01,20.28989156641854,24,7,0,0,0,0,1
REP003,DOC007,MOL03,2025-01,20.28989156641854,24,7,0,0,0,0,1
REP007,DOC037,MOL03,2025-01,20.232145358907296,25,10,0,0,0,1,1
REP003,DOC037,MOL03,2025-01,20.232145358907296,25,10,0,0,0,1,1
REP006,DOC037,MOL03,2025-01,20.232145358907296,25,10,0,0,0,1,1
REP002,DOC037,MOL03,2025-01,20.232145358907296,25,10,0,0,0,1,0
REP005,DOC037,MOL03,2025-01,20.232145358907296,25,10,0,0,0,1,1
REP009,DOC037,MOL03,2025-01,20.232145358907296,25,10,0,0,0,1,1
REP003,DOC024,MOL03,2025-01,18.90760554150955,26,3,0,0,0,0,1
REP005,DOC024,MOL03,2025-01,18.90760554150955,26,3,0,0,0,0,1
REP006,DOC024,MOL03,2025-01,18.90760554150955,26,3,0,0,0,0,1
REP007,DOC024,MOL03,2025-01,18.90760554150955,26,3,0,0,0,0,1
REP008,DOC024,MOL03,2025-01,18.90760554150955,26,3,0,0,0,0,0
REP010,DOC024,MOL03,2025-01,18.90760554150955,26,3,0,0,0,0,0
REP001,DOC024,MOL03,2025-01,18.90760554150955,26,3,0,0,0,0,1
REP006,DOC009,MOL03,2025-01,17.389509000541945,27,44,0,0,0,1,1
REP001,DOC009,MOL03,2025-01,17.389509000541945,27,44,0,0,0,1,1
REP004,DOC009,MOL03,2025-01,17.389509000541945,27,44,0,0,0,1,1
REP002,DOC009,MOL03,2025-01,17.389509000541945,27,44,0,0,0,1,0
REP007,DOC009,MOL03,2025-01,17.389509000541945,27,44,0,0,0,1,1
REP008,DOC044,MOL03,2025-01,16.74986613576704,28,26,0,0,0,1,0
REP005,DOC044,MOL03,2025-01,16.74986613576704,28,26,0,0,0,1,1
REP007,DOC044,MOL03,2025-01,16.74986613576704,28,26,0,0,0,1,1
REP010,DOC044,MOL03,2025-01,16.74986613576704,28,26,0,0,0,1,0
REP004,DOC006,MOL03,2025-01,16.522316150804826,29,1,0,0,0,0,1
REP008,DOC006,MOL03,2025-01,16.522316150804826,29,1,0,0,0,0,0
REP010,DOC006,MOL03,2025-01,16.522316150804826,29,1,0,0,0,0,0
REP009,DOC040,MOL03,2025-01,12.263584777354891,30,18,0,0,0,1,1
REP001,DOC040,MOL03,2025-01,12.263584777354891,30,18,0,0,0,1,1
REP004,DOC040,MOL03,2025-01,12.263584777354891,30,18,0,0,0,1,1
REP008,DOC040,MOL03,2025-01,12.263584777354891,30,18,0,0,0,1,0
REP006,DOC040,MOL03,2025-01,12.263584777354891,30,18,0,0,0,1,1
REP003,DOC040,MOL03,2025-01,12.263584777354891,30,18,0,0,0,1,1
REP010,DOC040,MOL03,2025-01,12.263584777354891,30,18,0,0,0,1,0
REP005,DOC040,MOL03,2025-01,12.263584777354891,30,18,0,0,0,1,1
REP007,DOC040,MOL03,2025-01,12.263584777354891,30,18,0,0,0,1,1
REP010,DOC036,MOL03,2025-01,10.364145658263304,31,4,0,0,0,0,0
REP009,DOC036,MOL03,2025-01,10.364145658263304,31,4,0,0,0,0,1
REP007,DOC036,MOL03,2025-01,10.364145658263304,31,4,0,0,0,0,1
REP005,DOC036,MOL03,2025-01,10.364145658263304,31,4,0,0,0,0,1
REP001,DOC036,MOL03,2025-01,10.364145658263304,31,4,0,0,0,0,1
REP004,DOC036,MOL03,2025-01,10.364145658263304,31,4,0,0,0,0,1
REP006,DOC036,MOL03,2025-01,10.364145658263304,31,4,0,0,0,0,1
REP002,DOC036,MOL03,2025-01,10.364145658263304,31,4,0,0,0,0,0
REP006,DOC027,MOL03,2025-01,8.878073578338332,32,1,0,0,0,0,1
REP009,DOC027,MOL03,2025-01,8.878073578338332,32,1,0,0,0,0,1
REP008,DOC027,MOL03,2025-01,8.878073578338332,32,1,0,0,0,0,0
REP007,DOC027,MOL03,2025-01,8.878073578338332,32,1,0,0,0,0,1
REP010,DOC027,MOL03,2025-01,8.878073578338332,32,1,0,0,0,0,0
REP009,DOC035,MOL03,2025-01,7.843137254901962,33,61,0,0,0,1,1
REP003,DOC035,MOL03,2025-01,7.843137254901962,33,61,0,0,0,1,1
REP008,DOC035,MOL03,2025-01,7.843137254901962,33,61,0,0,0,1,0
REP004,DOC035,MOL03,2025-01,7.843137254901962,33,61,0,0,0,1,1
REP006,DOC035,MOL03,2025-01,7.843137254901962,33,61,0,0,0,1,1
REP010,DOC035,MOL03,2025-01,7.843137254901962,33,61,0,0,0,1,0
REP002,DOC015,MOL03,2025-01,4.6352458829964975,34,0,0,0,0,0,0
REP007,DOC015,MOL03,2025-01,4.6352458829964975,34,0,0,0,0,0,1
REP001,DOC015,MOL03,2025-01,4.6352458829964975,34,0,0,0,0,0,1
REP006,DOC015,MOL03,2025-01,4.6352458829964975,34,0,0,0,0,0,1
REP003,DOC015,MOL03,2025-01,4.6352458829964975,34,0,0,0,0,0,1
REP010,DOC050,MOL03,2025-01,4.6218487394958,35,23,0,0,0,1,0
REP007,DOC050,MOL03,2025-01,4.6218487394958,35,23,0,0,0,1,1
REP004,DOC050,MOL03,2025-01,4.6218487394958,35,23,0,0,0,1,1
REP009,DOC050,MOL03,2025-01,4.6218487394958,35,23,0,0,0,1,1
REP003,DOC050,MOL03,2025-01,4.6218487394958,35,23,0,0,0,1,1
REP006,DOC050,MOL03,2025-01,4.6218487394958,35,23,0,0,0,1,1
REP005,DOC016,MOL03,2025-01,2.871148459383753,36,21,0,0,0,1,1
REP006,DOC016,MOL03,2025-01,2.871148459383753,36,21,0,0,0,1,1
REP009,DOC016,MOL03,2025-01,2.871148459383753,36,21,0,0,0,1,1
REP003,DOC016,MOL03,2025-01,2.871148459383753,36,21,0,0,0,1,1
REP001,DOC016,MOL03,2025-01,2.871148459383753,36,21,0,0,0,1,1
REP010,DOC016,MOL03,2025-01,2.871148459383753,36,21,0,0,0,1,0
REP008,DOC025,MOL03,2025-01,2.116414770396213,37,2,0,0,0,0,0
REP006,DOC025,MOL03,2025-01,2.116414770396213,37,2,0,0,0,0,1
REP002,DOC025,MOL03,2025-01,2.116414770396213,37,2,0,0,0,0,0
REP003,DOC025,MOL03,2025-01,2.116414770396213,37,2,0,0,0,0,1
REP007,DOC025,MOL03,2025-01,2.116414770396213,37,2,0,0,0,0,1
REP010,DOC025,MOL03,2025-01,2.116414770396213,37,2,0,0,0,0,0
REP009,DOC025,MOL03,2025-01,2.116414770396213,37,2,0,0,0,0,1
REP004,DOC025,MOL03,2025-01,2.116414770396213,37,2,0,0,0,0,1
REP001,DOC025,MOL03,2025-01,2.116414770396213,37,2,0,0,0,0,1
REP002,DOC029,MOL03,2025-01,0.0,38,47,0,0,0,0,0
REP009,DOC029,MOL03,2025-01,0.0,38,47,0,0,0,0,1
REP003,DOC029,MOL03,2025-01,0.0,38,47,0,0,0,0,1
REP005,DOC029,MOL03,2025-01,0.0,38,47,0,0,0,0,1
REP004,DOC031,MOL03,2025-02,100.0,1,6,0,0,0,0,1
REP003,DOC031,MOL03,2025-02,100.0,1,6,0,0,0,0,1
REP007,DOC031,MOL03,2025-02,100.0,1,6,0,0,0,0,1
REP010,DOC031,MOL03,2025-02,100.0,1,6,0,0,0,0,0
REP006,DOC031,MOL03,2025-02,100.0,1,6,0,0,0,0,1
REP003,DOC018,MOL03,2025-02,80.06095661878318,2,20,0,0,0,0,1
REP009,DOC018,MOL03,2025-02,80.06095661878318,2,20,0,0,0,0,1
REP005,DOC018,MOL03,2025-02,80.06095661878318,2,20,0,0,0,0,1
REP001,DOC018,MOL03,2025-02,80.06095661878318,2,20,0,0,0,0,1
REP010,DOC018,MOL03,2025-02,80.06095661878318,2,20,0,0,0,0,0
REP005,DOC028,MOL03,2025-02,78.18276295999651,3,72,1,0,0,0,1
REP006,DOC028,MOL03,2025-02,78.18276295999651,3,72,1,0,0,0,1
REP008,DOC028,MOL03,2025-02,78.18276295999651,3,72,1,0,0,0,0
REP003,DOC028,MOL03,2025-02,78.18276295999651,3,72,1,0,0,0,1
REP001,DOC028,MOL03,2025-02,78.18276295999651,3,72,1,0,0,0,1
REP007,DOC028,MOL03,2025-02,78.18276295999651,3,72,1,0,0,0,1
REP002,DOC022,MOL03,2025-02,64.70196383855358,4,0,0,0,0,0,0
REP001,DOC022,MOL03,2025-02,64.70196383855358,4,0,0,0,0,0,1
REP006,DOC022,MOL03,2025-02,64.70196383855358,4,0,0,0,0,0,1
REP007,DOC022,MOL03,2025-02,64.70196383855358,4,0,0,0,0,0,1
REP004,DOC022,MOL03,2025-02,64.70196383855358,4,0,0,0,0,0,1
REP004,DOC006,MOL03,2025-02,63.35594972704525,5,1,0,0,0,0,1
REP008,DOC006,MOL03,2025-02,63.35594972704525,5,1,0,0,0,0,0
REP010,DOC006,MOL03,2025-02,63.35594972704525,5,1,0,0,0,0,0
REP001,DOC034,MOL03,2025-02,57.8168981094851,6,6,0,0,0,0,1
REP003,DOC034,MOL03,2025-02,57.8168981094851,6,6,0,0,0,0,1
REP009,DOC034,MOL03,2025-02,57.8168981094851,6,6,0,0,0,0,1
REP006,DOC034,MOL03,2025-02,57.8168981094851,6,6,0,0,0,0,1
REP007,DOC034,MOL03,2025-02,57.8168981094851,6,6,0,0,0,0,1
REP005,DOC034,MOL03,2025-02,57.8168981094851,6,6,0,0,0,0,1
REP002,DOC034,MOL03,2025-02,57.8168981094851,6,6,0,0,0,0,0
REP005,DOC011,MOL03,2025-02,57.80891769282361,7,11,0,0,0,0,1
REP007,DOC011,MOL03,2025-02,57.80891769282361,7,11,0,0,0,0,1
REP001,DOC011,MOL03,2025-02,57.80891769282361,7,11,0,0,0,0,1
REP008,DOC011,MOL03,2025-02,57.80891769282361,7,11,0,0,0,0,0
REP009,DOC011,MOL03,2025-02,57.80891769282361,7,11,0,0,0,0,1
REP002,DOC011,MOL03,2025-02,57.80891769282361,7,11,0,0,0,0,0
REP006,DOC011,MOL03,2025-02,57.80891769282361,7,11,0,0,0,0,1
REP004,DOC011,MOL03,2025-02,57.80891769282361,7,11,0,0,0,0,1
REP010,DOC045,MOL03,2025-02,51.46145282111421,8,14,0,0,0,1,0
REP007,DOC045,MOL03,2025-02,51.46145282111421,8,14,0,0,0,1,1
REP009,DOC045,MOL03,2025-02,51.46145282111421,8,14,0,0,0,1,1
REP001,DOC045,MOL03,2025-02,51.46145282111421,8,14,0,0,0,1,1
REP004,DOC045,MOL03,2025-02,51.46145282111421,8,14,0,0,0,1,1
REP006,DOC045,MOL03,2025-02,51.46145282111421,8,14,0,0,0,1,1
REP005,DOC045,MOL03,2025-02,51.46145282111421,8,14,0,0,0,1,1
REP008,DOC002,MOL03,2025-02,47.75410973623122,9,6,0,0,0,0,0
REP004,DOC002,MOL03,2025-02,47.75410973623122,9,6,0,0,0,0,1
REP005,DOC002,MOL03,2025-02,47.75410973623122,9,6,0,0,0,0,1
REP003,DOC002,MOL03,2025-02,47.75410973623122,9,6,0,0,0,0,1
REP007,DOC002,MOL03,2025-02,47.75410973623122,9,6,0,0,0,0,1
REP007,DOC037,MOL03,2025-02,47.08719999483746,10,10,0,0,0,0,1
REP003,DOC037,MOL03,2025-02,47.08719999483746,10,10,0,0,0,0,1
REP006,DOC037,MOL03,2025-02,47.08719999483746,10,10,0,0,0,0,1
REP002,DOC037,MOL03,2025-02,47.08719999483746,10,10,0,0,0,0,0
REP005,DOC037,MOL03,2025-02,47.08719999483746,10,10,0,0,0,0,1
REP009,DOC037,MOL03,2025-02,47.08719999483746,10,10,0,0,0,0,1
REP002,DOC015,MOL03,2025-02,45.79706843092218,11,0,0,0,0,0,0
REP007,DOC015,MOL03,2025-02,45.79706843092218,11,0,0,0,0,0,1
REP001,DOC015,MOL03,2025-02,45.79706843092218,11,0,0,0,0,0,1
REP006,DOC015,MOL03,2025-02,45.79706843092218,11,0,0,0,0,0,1
REP003,DOC015,MOL03,2025-02,45.79706843092218,11,0,0,0,0,0,1
REP010,DOC036,MOL03,2025-02,43.7819564309994,12,4,0,0,0,0,0
REP009,DOC036,MOL03,2025-02,43.7819564309994,12,4,0,0,0,0,1
REP007,DOC036,MOL03,2025-02,43.7819564309994,12,4,0,0,0,0,1
REP005,DOC036,MOL03,2025-02,43.7819564309994,12,4,0,0,0,0,1
REP001,DOC036,MOL03,2025-02,43.7819564309994,12,4,0,0,0,0,1
REP004,DOC036,MOL03,2025-02,43.7819564309994,12,4,0,0,0,0,1
REP006,DOC036,MOL03,2025-02,43.7819564309994,12,4,0,0,0,0,1
REP002,DOC036,MOL03,2025-02,43.7819564309994,12,4,0,0,0,0,0
REP002,DOC029,MOL03,2025-02,42.19309510890668,13,47,0,0,0,0,0
REP009,DOC029,MOL03,2025-02,42.19309510890668,13,47,0,0,0,0,1
REP003,DOC029,MOL03,2025-02,42.19309510890668,13,47,0,0,0,0,1
REP005,DOC029,MOL03,2025-02,42.19309510890668,13,47,0,0,0,0,1
REP002,DOC021,MOL03,2025-02,40.39797949770997,14,14,0,0,0,0,0
REP010,DOC021,MOL03,2025-02,40.39797949770997,14,14,0,0,0,0,0
REP009,DOC021,MOL03,2025-02,40.39797949770997,14,14,0,0,0,0,1
REP003,DOC021,MOL03,2025-02,40.39797949770997,14,14,0,0,0,0,1
REP006,DOC021,MOL03,2025-02,40.39797949770997,14,14,0,0,0,0,1
REP007,DOC021,MOL03,2025-02,40.39797949770997,14,14,0,0,0,0,1
REP004,DOC021,MOL03,2025-02,40.39797949770997,14,14,0,0,0,0,1
REP001,DOC021,MOL03,2025-02,40.39797949770997,14,14,0,0,0,0,1
REP006,DOC027,MOL03,2025-02,38.27736647744613,15,1,0,0,0,0,1
REP009,DOC027,MOL03,2025-02,38.27736647744613,15,1,0,0,0,0,1
REP008,DOC027,MOL03,2025-02,38.27736647744613,15,1,0,0,0,0,0
REP007,DOC027,MOL03,2025-02,38.27736647744613,15,1,0,0,0,0,1
REP010,DOC027,MOL03,2025-02,38.27736647744613,15,1,0,0,0,0,0
REP003,DOC024,MOL03,2025-02,37.64223353750242,16,3,0,0,0,0,1
REP005,DOC024,MOL03,2025-02,37.64223353750242,16,3,0,0,0,0,1
REP006,DOC024,MOL03,2025-02,37.64223353750242,16,3,0,0,0,0,1
REP007,DOC024,MOL03,2025-02,37.64223353750242,16,3,0,0,0,0,1
REP008,DOC024,MOL03,2025-02,37.64223353750242,16,3,0,0,0,0,0
REP010,DOC024,MOL03,2025-02,37.64223353750242,16,3,0,0,0,0,0
REP001,DOC024,MOL03,2025-02,37.64223353750242,16,3,0,0,0,0,1
REP002,DOC043,MOL03,2025-02,35.957627095509146,17,24,0,0,0,0,0
REP008,DOC043,MOL03,2025-02,35.957627095509146,17,24,0,0,0,0,0
REP001,DOC043,MOL03,2025-02,35.957627095509146,17,24,0,0,0,0,1
REP005,DOC043,MOL03,2025-02,35.957627095509146,17,24,0,0,0,0,1
REP004,DOC043,MOL03,2025-02,35.957627095509146,17,24,0,0,0,0,1
REP010,DOC001,MOL03,2025-02,31.865496515304,18,12,0,0,0,1,0
REP002,DOC001,MOL03,2025-02,31.865496515304,18,12,0,0,0,1,0
REP006,DOC001,MOL03,2025-02,31.865496515304,18,12,0,0,0,1,1
REP007,DOC001,MOL03,2025-02,31.865496515304,18,12,0,0,0,1,1
REP005,DOC001,MOL03,2025-02,31.865496515304,18,12,0,0,0,1,1
REP008,DOC001,MOL03,2025-02,31.865496515304,18,12,0,0,0,1,0
REP009,DOC013,MOL03,2025-02,30.80625563390885,19,21,0,0,0,1,1
REP001,DOC013,MOL03,2025-02,30.80625563390885,19,21,0,0,0,1,1
REP004,DOC013,MOL03,2025-02,30.80625563390885,19,21,0,0,0,1,1
REP007,DOC013,MOL03,2025-02,30.80625563390885,19,21,0,0,0,1,1
REP008,DOC013,MOL03,2025-02,30.80625563390885,19,21,0,0,0,1,0
REP005,DOC013,MOL03,2025-02,30.80625563390885,19,21,0,0,0,1,1
REP002,DOC013,MOL03,2025-02,30.80625563390885,19,21,0,0,0,1,0
REP002,DOC033,MOL03,2025-02,30.44198579676663,20,8,0,0,0,0,0
REP003,DOC033,MOL03,2025-02,30.44198579676663,20,8,0,0,0,0,1
REP009,DOC033,MOL03,2025-02,30.44198579676663,20,8,0,0,0,0,1
REP010,DOC033,MOL03,2025-02,30.44198579676663,20,8,0,0,0,0,0
REP007,DOC033,MOL03,2025-02,30.44198579676663,20,8,0,0,0,0,1
REP001,DOC033,MOL03,2025-02,30.44198579676663,20,8,0,0,0,0,1
REP008,DOC044,MOL03,2025-02,30.36177248812001,21,26,0,0,0,0,0
REP005,DOC044,MOL03,2025-02,30.36177248812001,21,26,0,0,0,0,1
REP007,DOC044,MOL03,2025-02,30.36177248812001,21,26,0,0,0,0,1
REP010,DOC044,MOL03,2025-02,30.36177248812001,21,26,0,0,0,0,0
REP008,DOC041,MOL03,2025-02,29.376541046826915,22,19,0,0,0,0,0
REP007,DOC041,MOL03,2025-02,29.376541046826915,22,19,0,0,0,0,1
REP003,DOC041,MOL03,2025-02,29.376541046826915,22,19,0,0,0,0,1
REP006,DOC041,MOL03,2025-02,29.376541046826915,22,19,0,0,0,0,1
REP004,DOC014,MOL03,2025-02,27.89285895295979,23,9,0,0,0,0,1
REP009,DOC014,MOL03,2025-02,27.89285895295979,23,9,0,0,0,0,1
REP001,DOC014,MOL03,2025-02,27.89285895295979,23,9,0,0,0,0,1
REP006,DOC014,MOL03,2025-02,27.89285895295979,23,9,0,0,0,0,1
REP003,DOC014,MOL03,2025-02,27.89285895295979,23,9,0,0,0,0,1
REP006,DOC009,MOL03,2025-02,21.65269500192675,24,44,0,0,0,0,1
REP001,DOC009,MOL03,2025-02,21.65269500192675,24,44,0,0,0,0,1
REP004,DOC009,MOL03,2025-02,21.65269500192675,24,44,0,0,0,0,1
REP002,DOC009,MOL03,2025-02,21.65269500192675,24,44,0,0,0,0,0
REP007,DOC009,MOL03,2025-02,21.65269500192675,24,44,0,0,0,0,1
REP007,DOC012,MOL03,2025-02,21.607036498189903,25,13,0,0,0,0,1
REP001,DOC012,MOL03,2025-02,21.607036498189903,25,13,0,0,0,0,1
REP005,DOC019,MOL03,2025-02,21.51925728498199,26,31,0,0,0,0,1
REP003,DOC019,MOL03,2025-02,21.51925728498199,26,31,0,0,0,0,1
REP009,DOC019,MOL03,2025-02,21.51925728498199,26,31,0,0,0,0,1
REP002,DOC019,MOL03,2025-02,21.51925728498199,26,31,0,0,0,0,0
REP001,DOC019,MOL03,2025-02,21.51925728498199,26,31,0,0,0,0,1
REP010,DOC019,MOL03,2025-02,21.51925728498199,26,31,0,0,0,0,0
REP004,DOC019,MOL03,2025-02,21.51925728498199,26,31,0,0,0,0,1
REP008,DOC019,MOL03,2025-02,21.51925728498199,26,31,0,0,0,0,0
REP007,DOC020,MOL03,2025-02,20.49638951182873,27,9,0,0,0,0,1
REP008,DOC020,MOL03,2025-02,20.49638951182873,27,9,0,0,0,0,0
REP004,DOC020,MOL03,2025-02,20.49638951182873,27,9,0,0,0,0,1
REP006,DOC020,MOL03,2025-02,20.49638951182873,27,9,0,0,0,0,1
REP005,DOC020,MOL03,2025-02,20.49638951182873,27,9,0,0,0,0,1
REP007,DOC008,MOL03,2025-02,16.178287730108586,28,0,0,0,0,0,1
REP001,DOC008,MOL03,2025-02,16.178287730108586,28,0,0,0,0,0,1
REP009,DOC008,MOL03,2025-02,16.178287730108586,28,0,0,0,0,0,1
REP006,DOC008,MOL03,2025-02,16.178287730108586,28,0,0,0,0,0,1
REP005,DOC008,MOL03,2025-02,16.178287730108586,28,0,0,0,0,0,1
REP004,DOC008,MOL03,2025-02,16.178287730108586,28,0,0,0,0,0,1
REP003,DOC008,MOL03,2025-02,16.178287730108586,28,0,0,0,0,0,1
REP008,DOC025,MOL03,2025-02,14.75978112170823,29,2,0,0,0,0,0
REP006,DOC025,MOL03,2025-02,14.75978112170823,29,2,0,0,0,0,1
REP002,DOC025,MOL03,2025-02,14.75978112170823,29,2,0,0,0,0,0
REP003,DOC025,MOL03,2025-02,14.75978112170823,29,2,0,0,0,0,1
REP007,DOC025,MOL03,2025-02,14.75978112170823,29,2,0,0,0,0,1
REP010,DOC025,MOL03,2025-02,14.75978112170823,29,2,0,0,0,0,0
REP009,DOC025,MOL03,2025-02,14.75978112170823,29,2,0,0,0,0,1
REP004,DOC025,MOL03,2025-02,14.75978112170823,29,2,0,0,0,0,1
REP001,DOC025,MOL03,2025-02,14.75978112170823,29,2,0,0,0,0,1
REP009,DOC040,MOL03,2025-02,14.072618578991031,30,18,0,0,0,0,1
REP001,DOC040,MOL03,2025-02,14.072618578991031,30,18,0,0,0,0,1
REP004,DOC040,MOL03,2025-02,14.072618578991031,30,18,0,0,0,0,1
REP008,DOC040,MOL03,2025-02,14.072618578991031,30,18,0,0,0,0,0
REP006,DOC040,MOL03,2025-02,14.072618578991031,30,18,0,0,0,0,1
REP003,DOC040,MOL03,2025-02,14.072618578991031,30,18,0,0,0,0,1
REP010,DOC040,MOL03,2025-02,14.072618578991031,30,18,0,0,0,0,0
REP005,DOC040,MOL03,2025-02,14.072618578991031,30,18,0,0,0,0,1
REP007,DOC040,MOL03,2025-02,14.072618578991031,30,18,0,0,0,0,1
REP010,DOC007,MOL03,2025-02,8.473835554040212,31,7,0,0,0,0,0
REP002,DOC007,MOL03,2025-02,8.473835554040212,31,7,0,0,0,0,0
REP009,DOC007,MOL03,2025-02,8.473835554040212,31,7,0,0,0,0,1
REP006,DOC007,MOL03,2025-02,8.473835554040212,31,7,0,0,0,0,1
REP004,DOC007,MOL03,2025-02,8.473835554040212,31,7,0,0,0,0,1
REP005,DOC007,MOL03,2025-02,8.473835554040212,31,7,0,0,0,0,1
REP003,DOC007,MOL03,2025-02,8.473835554040212,31,7,0,0,0,0,1
REP006,DOC010,MOL03,2025-02,6.443715361820476,32,0,0,0,0,0,1
REP005,DOC010,MOL03,2025-02,6.443715361820476,32,0,0,0,0,0,1
REP009,DOC010,MOL03,2025-02,6.443715361820476,32,0,0,0,0,0,1
REP003,DOC010,MOL03,2025-02,6.443715361820476,32,0,0,0,0,0,1
REP007,DOC010,MOL03,2025-02,6.443715361820476,32,0,0,0,0,0,1
REP001,DOC010,MOL03,2025-02,6.443715361820476,32,0,0,0,0,0,1
REP008,DOC010,MOL03,2025-02,6.443715361820476,32,0,0,0,0,0,0
REP009,DOC048,MOL03,2025-02,3.972153305231802,33,13,0,0,0,0,1
REP010,DOC048,MOL03,2025-02,3.972153305231802,33,13,0,0,0,0,0
REP004,DOC048,MOL03,2025-02,3.972153305231802,33,13,0,0,0,0,1
REP001,DOC048,MOL03,2025-02,3.972153305231802,33,13,0,0,0,0,1
REP002,DOC048,MOL03,2025-02,3.972153305231802,33,13,0,0,0,0,0
REP006,DOC048,MOL03,2025-02,3.972153305231802,33,13,0,0,0,0,1
REP003,DOC048,MOL03,2025-02,3.972153305231802,33,13,0,0,0,0,1
REP008,DOC048,MOL03,2025-02,3.972153305231802,33,13,0,0,0,0,0
REP008,DOC005,MOL03,2025-02,1.7654014689919124,34,13,0,0,0,0,0
REP004,DOC005,MOL03,2025-02,1.7654014689919124,34,13,0,0,0,0,1
REP002,DOC005,MOL03,2025-02,1.7654014689919124,34,13,0,0,0,0,0
REP007,DOC005,MOL03,2025-02,1.7654014689919124,34,13,0,0,0,0,1
REP003,DOC005,MOL03,2025-02,1.7654014689919124,34,13,0,0,0,0,1
REP005,DOC005,MOL03,2025-02,1.7654014689919124,34,13,0,0,0,0,1
REP006,DOC005,MOL03,2025-02,1.7654014689919124,34,13,0,0,0,0,1
REP009,DOC046,MOL03,2025-02,0.6178905141471681,35,9,0,0,0,1,1
REP003,DOC046,MOL03,2025-02,0.6178905141471681,35,9,0,0,0,1,1
REP005,DOC046,MOL03,2025-02,0.6178905141471681,35,9,0,0,0,1,1
REP002,DOC046,MOL03,2025-02,0.6178905141471681,35,9,0,0,0,1,0
REP001,DOC046,MOL03,2025-02,0.6178905141471681,35,9,0,0,0,1,1
REP010,DOC046,MOL03,2025-02,0.6178905141471681,35,9,0,0,0,1,0
REP007,DOC049,MOL03,2025-02,0.0,36,11,0,0,0,0,1
REP002,DOC049,MOL03,2025-02,0.0,36,11,0,0,0,0,0
REP006,DOC049,MOL03,2025-02,0.0,36,11,0,0,0,0,1
REP003,DOC049,MOL03,2025-02,0.0,36,11,0,0,0,0,1
REP004,DOC049,MOL03,2025-02,0.0,36,11,0,0,0,0,1
REP006,DOC032,MOL03,2025-03,100.0,1,14,0,0,0,1,1
REP005,DOC032,MOL03,2025-03,100.0,1,14,0,0,0,1,1
REP010,DOC032,MOL03,2025-03,100.0,1,14,0,0,0,1,0
REP002,DOC032,MOL03,2025-03,100.0,1,14,0,0,0,1,0
REP009,DOC032,MOL03,2025-03,100.0,1,14,0,0,0,1,1
REP001,DOC032,MOL03,2025-03,100.0,1,14,0,0,0,1,1
REP007,DOC032,MOL03,2025-03,100.0,1,14,0,0,0,1,1
REP009,DOC046,MOL03,2025-03,94.37269372693729,2,9,0,0,0,0,1
REP003,DOC046,MOL03,2025-03,94.37269372693729,2,9,0,0,0,0,1
REP005,DOC046,MOL03,2025-03,94.37269372693729,2,9,0,0,0,0,1
REP002,DOC046,MOL03,2025-03,94.37269372693729,2,9,0,0,0,0,0
REP001,DOC046,MOL03,2025-03,94.37269372693729,2,9,0,0,0,0,1
REP010,DOC046,MOL03,2025-03,94.37269372693729,2,9,0,0,0,0,0
REP010,DOC036,MOL03,2025-03,85.23985239852398,3,4,0,0,0,0,0
REP009,DOC036,MOL03,2025-03,85.23985239852398,3,4,0,0,0,0,1
REP007,DOC036,MOL03,2025-03,85.23985239852398,3,4,0,0,0,0,1
REP005,DOC036,MOL03,2025-03,85.23985239852398,3,4,0,0,0,0,1
REP001,DOC036,MOL03,2025-03,85.23985239852398,3,4,0,0,0,0,1
REP004,DOC036,MOL03,2025-03,85.23985239852398,3,4,0,0,0,0,1
REP006,DOC036,MOL03,2025-03,85.23985239852398,3,4,0,0,0,0,1
REP002,DOC036,MOL03,2025-03,85.23985239852398,3,4,0,0,0,0,0
REP008,DOC041,MOL03,2025-03,75.65664289635232,4,19,0,0,0,0,0
REP007,DOC041,MOL03,2025-03,75.65664289635232,4,19,0,0,0,0,1
REP003,DOC041,MOL03,2025-03,75.65664289635232,4,19,0,0,0,0,1
REP006,DOC041,MOL03,2025-03,75.65664289635232,4,19,0,0,0,0,1
REP007,DOC012,MOL03,2025-03,74.68231774085989,5,13,0,0,0,0,1
REP001,DOC012,MOL03,2025-03,74.68231774085989,5,13,0,0,0,0,1
REP006,DOC027,MOL03,2025-03,66.79483494094933,6,1,0,0,0,0,1
REP009,DOC027,MOL03,2025-03,66.79483494094933,6,1,0,0,0,0,1
REP008,DOC027,MOL03,2025-03,66.79483494094933,6,1,0,0,0,0,0
REP007,DOC027,MOL03,2025-03,66.79483494094933,6,1,0,0,0,0,1
REP010,DOC027,MOL03,2025-03,66.79483494094933,6,1,0,0,0,0,0
REP007,DOC008,MOL03,2025-03,65.62856691504525,7,0,0,0,0,0,1
REP001,DOC008,MOL03,2025-03,65.62856691504525,7,0,0,0,0,0,1
REP009,DOC008,MOL03,2025-03,65.62856691504525,7,0,0,0,0,0,1
REP006,DOC008,MOL03,2025-03,65.62856691504525,7,0,0,0,0,0,1
REP005,DOC008,MOL03,2025-03,65.62856691504525,7,0,0,0,0,0,1
REP004,DOC008,MOL03,2025-03,65.62856691504525,7,0,0,0,0,0,1
REP003,DOC008,MOL03,2025-03,65.62856691504525,7,0,0,0,0,0,1
REP010,DOC001,MOL03,2025-03,63.09963099630996,8,12,0,0,0,0,0
REP002,DOC001,MOL03,2025-03,63.09963099630996,8,12,0,0,0,0,0
REP006,DOC001,MOL03,2025-03,63.09963099630996,8,12,0,0,0,0,1
REP007,DOC001,MOL03,2025-03,63.09963099630996,8,12,0,0,0,0,1
REP005,DOC001,MOL03,2025-03,63.09963099630996,8,12,0,0,0,0,1
REP008,DOC001,MOL03,2025-03,63.09963099630996,8,12,0,0,0,0,0
REP005,DOC019,MOL03,2025-03,62.34361352728537,9,31,1,0,0,0,1
REP003,DOC019,MOL03,2025-03,62.34361352728537,9,31,1,0,0,0,1
REP009,DOC019,MOL03,2025-03,62.34361352728537,9,31,1,0,0,0,1
REP002,DOC019,MOL03,2025-03,62.34361352728537,9,31,1,0,0,0,0
REP001,DOC019,MOL03,2025-03,62.34361352728537,9,31,1,0,0,0,1
REP010,DOC019,MOL03,2025-03,62.34361352728537,9,31,1,0,0,0,0
REP004,DOC019,MOL03,2025-03,62.34361352728537,9,31,1,0,0,0,1
REP008,DOC019,MOL03,2025-03,62.34361352728537,9,31,1,0,0,0,0
REP008,DOC030,MOL03,2025-03,59.40959409594095,10,5,0,0,0,0,0
REP001,DOC030,MOL03,2025-03,59.40959409594095,10,5,0,0,0,0,1
REP004,DOC030,MOL03,2025-03,59.40959409594095,10,5,0,0,0,0,1
REP009,DOC030,MOL03,2025-03,59.40959409594095,10,5,0,0,0,0,1
REP010,DOC030,MOL03,2025-03,59.40959409594095,10,5,0,0,0,0,0
REP005,DOC030,MOL03,2025-03,59.40959409594095,10,5,0,0,0,0,1
REP006,DOC009,MOL03,2025-03,52.18411483557994,11,44,0,0,0,0,1
REP001,DOC009,MOL03,2025-03,52.18411483557994,11,44,0,0,0,0,1
REP004,DOC009,MOL03,2025-03,52.18411483557994,11,44,0,0,0,0,1
REP002,DOC009,MOL03,2025-03,52.18411483557994,11,44,0,0,0,0,0
REP007,DOC009,MOL03,2025-03,52.18411483557994,11,44,0,0,0,0,1
REP003,DOC024,MOL03,2025-03,51.82836081661159,12,3,0,0,0,0,1
REP005,DOC024,MOL03,2025-03,51.82836081661159,12,3,0,0,0,0,1
REP006,DOC024,MOL03,2025-03,51.82836081661159,12,3,0,0,0,0,1
REP007,DOC024,MOL03,2025-03,51.82836081661159,12,3,0,0,0,0,1
REP008,DOC024,MOL03,2025-03,51.82836081661159,12,3,0,0,0,0,0
REP010,DOC024,MOL03,2025-03,51.82836081661159,12,3,0,0,0,0,0
REP001,DOC024,MOL03,2025-03,51.82836081661159,12,3,0,0,0,0,1
REP002,DOC015,MOL03,2025-03,51.20127880161756,13,0,0,0,0,0,0
REP007,DOC015,MOL03,2025-03,51.20127880161756,13,0,0,0,0,0,1
REP001,DOC015,MOL03,2025-03,51.20127880161756,13,0,0,0,0,0,1
REP006,DOC015,MOL03,2025-03,51.20127880161756,13,0,0,0,0,0,1
REP003,DOC015,MOL03,2025-03,51.20127880161756,13,0,0,0,0,0,1
REP001,DOC039,MOL03,2025-03,50.3690036900369,14,2,0,0,0,0,1
REP007,DOC039,MOL03,2025-03,50.3690036900369,14,2,0,0,0,0,1
REP005,DOC039,MOL03,2025-03,50.3690036900369,14,2,0,0,0,0,1
REP008,DOC039,MOL03,2025-03,50.3690036900369,14,2,0,0,0,0,0
REP010,DOC039,MOL03,2025-03,50.3690036900369,14,2,0,0,0,0,0
REP003,DOC039,MOL03,2025-03,50.3690036900369,14,2,0,0,0,0,1
REP004,DOC039,MOL03,2025-03,50.3690036900369,14,2,0,0,0,0,1
REP002,DOC033,MOL03,2025-03,43.13649365186136,15,8,0,0,0,0,0
REP003,DOC033,MOL03,2025-03,43.13649365186136,15,8,0,0,0,0,1
REP009,DOC033,MOL03,2025-03,43.13649365186136,15,8,0,0,0,0,1
REP010,DOC033,MOL03,2025-03,43.13649365186136,15,8,0,0,0,0,0
REP007,DOC033,MOL03,2025-03,43.13649365186136,15,8,0,0,0,0,1
REP001,DOC033,MOL03,2025-03,43.13649365186136,15,8,0,0,0,0,1
REP007,DOC037,MOL03,2025-03,39.935925310164734,16,10,0,0,0,0,1
REP003,DOC037,MOL03,2025-03,39.935925310164734,16,10,0,0,0,0,1
REP006,DOC037,MOL03,2025-03,39.935925310164734,16,10,0,0,0,0,1
REP002,DOC037,MOL03,2025-03,39.935925310164734,16,10,0,0,0,0,0
REP005,DOC037,MOL03,2025-03,39.935925310164734,16,10,0,0,0,0,1
REP009,DOC037,MOL03,2025-03,39.935925310164734,16,10,0,0,0,0,1
REP009,DOC042,MOL03,2025-03,37.36162361623616,17,5,0,0,0,0,1
REP002,DOC042,MOL03,2025-03,37.36162361623616,17,5,0,0,0,0,0
REP001,DOC042,MOL03,2025-03,37.36162361623616,17,5,0,0,0,0,1
REP007,DOC042,MOL03,2025-03,37.36162361623616,17,5,0,0,0,0,1
REP006,DOC042,MOL03,2025-03,37.36162361623616,17,5,0,0,0,0,1
REP008,DOC044,MOL03,2025-03,34.57802858032094,18,26,0,0,0,0,0
REP005,DOC044,MOL03,2025-03,34.57802858032094,18,26,0,0,0,0,1
REP007,DOC044,MOL03,2025-03,34.57802858032094,18,26,0,0,0,0,1
REP010,DOC044,MOL03,2025-03,34.57802858032094,18,26,0,0,0,0,0
REP002,DOC043,MOL03,2025-03,24.42932703057028,19,24,0,0,0,0,0
REP008,DOC043,MOL03,2025-03,24.42932703057028,19,24,0,0,0,0,0
REP001,DOC043,MOL03,2025-03,24.42932703057028,19,24,0,0,0,0,1
REP005,DOC043,MOL03,2025-03,24.42932703057028,19,24,0,0,0,0,1
REP004,DOC043,MOL03,2025-03,24.42932703057028,19,24,0,0,0,0,1
REP002,DOC021,MOL03,2025-03,22.61130422357814,20,14,0,0,0,0,0
REP010,DOC021,MOL03,2025-03,22.61130422357814,20,14,0,0,0,0,0
REP009,DOC021,MOL03,2025-03,22.61130422357814,20,14,0,0,0,0,1
REP003,DOC021,MOL03,2025-03,22.61130422357814,20,14,0,0,0,0,1
REP006,DOC021,MOL03,2025-03,22.61130422357814,20,14,0,0,0,0,1
REP007,DOC021,MOL03,2025-03,22.61130422357814,20,14,0,0,0,0,1
REP004,DOC021,MOL03,2025-03,22.61130422357814,20,14,0,0,0,0,1
REP001,DOC021,MOL03,2025-03,22.61130422357814,20,14,0,0,0,0,1
REP005,DOC011,MOL03,2025-03,19.83090457112036,21,11,0,0,0,0,1
REP007,DOC011,MOL03,2025-03,19.83090457112036,21,11,0,0,0,0,1
REP001,DOC011,MOL03,2025-03,19.83090457112036,21,11,0,0,0,0,1
REP008,DOC011,MOL03,2025-03,19.83090457112036,21,11,0,0,0,0,0
REP009,DOC011,MOL03,2025-03,19.83090457112036,21,11,0,0,0,0,1
REP002,DOC011,MOL03,2025-03,19.83090457112036,21,11,0,0,0,0,0
REP006,DOC011,MOL03,2025-03,19.83090457112036,21,11,0,0,0,0,1
REP004,DOC011,MOL03,2025-03,19.83090457112036,21,11,0,0,0,0,1
REP004,DOC014,MOL03,2025-03,17.732310060632727,22,9,0,0,0,0,1
REP009,DOC014,MOL03,2025-03,17.732310060632727,22,9,0,0,0,0,1
REP001,DOC014,MOL03,2025-03,17.732310060632727,22,9,0,0,0,0,1
REP006,DOC014,MOL03,2025-03,17.732310060632727,22,9,0,0,0,0,1
REP003,DOC014,MOL03,2025-03,17.732310060632727,22,9,0,0,0,0,1
REP008,DOC025,MOL03,2025-03,17.15843578348406,23,2,0,0,0,0,0
REP006,DOC025,MOL03,2025-03,17.15843578348406,23,2,0,0,0,0,1
REP002,DOC025,MOL03,2025-03,17.15843578348406,23,2,0,0,0,0,0
REP003,DOC025,MOL03,2025-03,17.15843578348406,23,2,0,0,0,0,1
REP007,DOC025,MOL03,2025-03,17.15843578348406,23,2,0,0,0,0,1
REP010,DOC025,MOL03,2025-03,17.15843578348406,23,2,0,0,0,0,0
REP009,DOC025,MOL03,2025-03,17.15843578348406,23,2,0,0,0,0,1
REP004,DOC025,MOL03,2025-03,17.15843578348406,23,2,0,0,0,0,1
REP001,DOC025,MOL03,2025-03,17.15843578348406,23,2,0,0,0,0,1
REP004,DOC031,MOL03,2025-03,16.7176994145104,24,6,0,0,0,0,1
REP003,DOC031,MOL03,2025-03,16.7176994145104,24,6,0,0,0,0,1
REP007,DOC031,MOL03,2025-03,16.7176994145104,24,6,0,0,0,0,1
REP010,DOC031,MOL03,2025-03,16.7176994145104,24,6,0,0,0,0,0
REP006,DOC031,MOL03,2025-03,16.7176994145104,24,6,0,0,0,0,1
REP010,DOC007,MOL03,2025-03,16.563449884874178,25,7,0,0,0,0,0
REP002,DOC007,MOL03,2025-03,16.563449884874178,25,7,0,0,0,0,0
REP009,DOC007,MOL03,2025-03,16.563449884874178,25,7,0,0,0,0,1
REP006,DOC007,MOL03,2025-03,16.563449884874178,25,7,0,0,0,0,1
REP004,DOC007,MOL03,2025-03,16.563449884874178,25,7,0,0,0,0,1
REP005,DOC007,MOL03,2025-03,16.563449884874178,25,7,0,0,0,0,1
REP003,DOC007,MOL03,2025-03,16.563449884874178,25,7,0,0,0,0,1
REP005,DOC028,MOL03,2025-03,16.53910666540192,26,72,0,0,0,0,1
REP006,DOC028,MOL03,2025-03,16.53910666540192,26,72,0,0,0,0,1
REP008,DOC028,MOL03,2025-03,16.53910666540192,26,72,0,0,0,0,0
REP003,DOC028,MOL03,2025-03,16.53910666540192,26,72,0,0,0,0,1
REP001,DOC028,MOL03,2025-03,16.53910666540192,26,72,0,0,0,0,1
REP007,DOC028,MOL03,2025-03,16.53910666540192,26,72,0,0,0,0,1
REP004,DOC006,MOL03,2025-03,15.917788004492367,27,1,0,0,0,0,1
REP008,DOC006,MOL03,2025-03,15.917788004492367,27,1,0,0,0,0,0
REP010,DOC006,MOL03,2025-03,15.917788004492367,27,1,0,0,0,0,0
REP009,DOC040,MOL03,2025-03,9.273862932200425,28,18,0,0,0,0,1
REP001,DOC040,MOL03,2025-03,9.273862932200425,28,18,0,0,0,0,1
REP004,DOC040,MOL03,2025-03,9.273862932200425,28,18,0,0,0,0,1
REP008,DOC040,MOL03,2025-03,9.273862932200425,28,18,0,0,0,0,0
REP006,DOC040,MOL03,2025-03,9.273862932200425,28,18,0,0,0,0,1
REP003,DOC040,MOL03,2025-03,9.273862932200425,28,18,0,0,0,0,1
REP010,DOC040,MOL03,2025-03,9.273862932200425,28,18,0,0,0,0,0
REP005,DOC040,MOL03,2025-03,9.273862932200425,28,18,0,0,0,0,1
REP007,DOC040,MOL03,2025-03,9.273862932200425,28,18,0,0,0,0,1
REP007,DOC020,MOL03,2025-03,8.106660794926505,29,9,0,0,0,0,1
REP008,DOC020,MOL03,2025-03,8.106660794926505,29,9,0,0,0,0,0
REP004,DOC020,MOL03,2025-03,8.106660794926505,29,9,0,0,0,0,1
REP006,DOC020,MOL03,2025-03,8.106660794926505,29,9,0,0,0,0,1
REP005,DOC020,MOL03,2025-03,8.106660794926505,29,9,0,0,0,0,1
REP008,DOC023,MOL03,2025-03,0.7380073800737996,30,8,0,0,0,0,0
REP007,DOC023,MOL03,2025-03,0.7380073800737996,30,8,0,0,0,0,1
REP004,DOC023,MOL03,2025-03,0.7380073800737996,30,8,0,0,0,0,1
REP006,DOC023,MOL03,2025-03,0.7380073800737996,30,8,0,0,0,0,1
REP002,DOC023,MOL03,2025-03,0.7380073800737996,30,8,0,0,0,0,0
REP010,DOC023,MOL03,2025-03,0.7380073800737996,30,8,0,0,0,0,0
REP001,DOC034,MOL03,2025-03,0.7380073800737996,30,6,0,0,0,0,1
REP003,DOC034,MOL03,2025-03,0.7380073800737996,30,6,0,0,0,0,1
REP009,DOC034,MOL03,2025-03,0.7380073800737996,30,6,0,0,0,0,1
REP006,DOC034,MOL03,2025-03,0.7380073800737996,30,6,0,0,0,0,1
REP007,DOC034,MOL03,2025-03,0.7380073800737996,30,6,0,0,0,0,1
REP005,DOC034,MOL03,2025-03,0.7380073800737996,30,6,0,0,0,0,1
REP002,DOC034,MOL03,2025-03,0.7380073800737996,30,6,0,0,0,0,0
REP004,DOC004,MOL03,2025-03,0.4612546125461247,32,40,0,0,0,0,1
REP002,DOC004,MOL03,2025-03,0.4612546125461247,32,40,0,0,0,0,0
REP006,DOC004,MOL03,2025-03,0.4612546125461247,32,40,0,0,0,0,1
REP008,DOC004,MOL03,2025-03,0.4612546125461247,32,40,0,0,0,0,0
REP007,DOC004,MOL03,2025-03,0.4612546125461247,32,40,0,0,0,0,1
REP007,DOC003,MOL03,2025-03,0.0,33,0,0,0,0,0,1
REP010,DOC003,MOL03,2025-03,0.0,33,0,0,0,0,0,0
REP005,DOC003,MOL03,2025-03,0.0,33,0,0,0,0,0,1
REP003,DOC003,MOL03,2025-03,0.0,33,0,0,0,0,0,1
REP002,DOC003,MOL03,2025-03,0.0,33,0,0,0,0,0,0
REP004,DOC003,MOL03,2025-03,0.0,33,0,0,0,0,0,1
REP006,DOC003,MOL03,2025-03,0.0,33,0,0,0,0,0,1
REP005,DOC026,MOL03,2025-03,0.0,33,10,0,0,0,0,1
REP001,DOC026,MOL03,2025-03,0.0,33,10,0,0,0,0,1
REP006,DOC026,MOL03,2025-03,0.0,33,10,0,0,0,0,1
REP009,DOC026,MOL03,2025-03,0.0,33,10,0,0,0,0,1
REP003,DOC026,MOL03,2025-03,0.0,33,10,0,0,0,0,1
REP004,DOC026,MOL03,2025-03,0.0,33,10,0,0,0,0,1
REP007,DOC026,MOL03,2025-03,0.0,33,10,0,0,0,0,1
REP008,DOC026,MOL03,2025-03,0.0,33,10,0,0,0,0,0
REP007,DOC020,MOL03,2025-04,100.0,1,9,0,0,0,0,1
REP008,DOC020,MOL03,2025-04,100.0,1,9,0,0,0,0,0
REP004,DOC020,MOL03,2025-04,100.0,1,9,0,0,0,0,1
REP006,DOC020,MOL03,2025-04,100.0,1,9,0,0,0,0,1
REP005,DOC020,MOL03,2025-04,100.0,1,9,0,0,0,0,1
REP009,DOC035,MOL03,2025-04,84.13058488239159,2,61,1,0,0,0,1
REP003,DOC035,MOL03,2025-04,84.13058488239159,2,61,1,0,0,0,1
REP008,DOC035,MOL03,2025-04,84.13058488239159,2,61,1,0,0,0,0
REP004,DOC035,MOL03,2025-04,84.13058488239159,2,61,1,0,0,0,1
REP006,DOC035,MOL03,2025-04,84.13058488239159,2,61,1,0,0,0,1
REP010,DOC035,MOL03,2025-04,84.13058488239159,2,61,1,0,0,0,0
REP002,DOC043,MOL03,2025-04,67.74330226084957,3,24,0,0,0,0,0
REP008,DOC043,MOL03,2025-04,67.74330226084957,3,24,0,0,0,0,0
REP001,DOC043,MOL03,2025-04,67.74330226084957,3,24,0,0,0,0,1
REP005,DOC043,MOL03,2025-04,67.74330226084957,3,24,0,0,0,0,1
REP004,DOC043,MOL03,2025-04,67.74330226084957,3,24,0,0,0,0,1
REP001,DOC039,MOL03,2025-04,58.38759213330867,4,2,0,0,0,0,1
REP007,DOC039,MOL03,2025-04,58.38759213330867,4,2,0,0,0,0,1
REP005,DOC039,MOL03,2025-04,58.38759213330867,4,2,0,0,0,0,1
REP008,DOC039,MOL03,2025-04,58.38759213330867,4,2,0,0,0,0,0
REP010,DOC039,MOL03,2025-04,58.38759213330867,4,2,0,0,0,0,0
REP003,DOC039,MOL03,2025-04,58.38759213330867,4,2,0,0,0,0,1
REP004,DOC039,MOL03,2025-04,58.38759213330867,4,2,0,0,0,0,1
REP004,DOC031,MOL03,2025-04,58.206910347882925,5,6,0,0,0,0,1
REP003,DOC031,MOL03,2025-04,58.206910347882925,5,6,0,0,0,0,1
REP007,DOC031,MOL03,2025-04,58.206910347882925,5,6,0,0,0,0,1
REP010,DOC031,MOL03,2025-04,58.206910347882925,5,6,0,0,0,0,0
REP006,DOC031,MOL03,2025-04,58.206910347882925,5,6,0,0,0,0,1
REP005,DOC019,MOL03,2025-04,52.82636796833414,6,31,1,0,0,0,1
REP003,DOC019,MOL03,2025-04,52.82636796833414,6,31,1,0,0,0,1
REP009,DOC019,MOL03,2025-04,52.82636796833414,6,31,1,0,0,0,1
REP002,DOC019,MOL03,2025-04,52.82636796833414,6,31,1,0,0,0,0
REP001,DOC019,MOL03,2025-04,52.82636796833414,6,31,1,0,0,0,1
REP010,DOC019,MOL03,2025-04,52.82636796833414,6,31,1,0,0,0,0
REP004,DOC019,MOL03,2025-04,52.82636796833414,6,31,1,0,0,0,1
REP008,DOC019,MOL03,2025-04,52.82636796833414,6,31,1,0,0,0,0
REP010,DOC001,MOL03,2025-04,52.176146161680094,7,12,0,0,0,0,0
REP002,DOC001,MOL03,2025-04,52.176146161680094,7,12,0,0,0,0,0
REP006,DOC001,MOL03,2025-04,52.176146161680094,7,12,0,0,0,0,1
REP007,DOC001,MOL03,2025-04,52.176146161680094,7,12,0,0,0,0,1
REP005,DOC001,MOL03,2025-04,52.176146161680094,7,12,0,0,0,0,1
REP008,DOC001,MOL03,2025-04,52.176146161680094,7,12,0,0,0,0,0
REP006,DOC027,MOL03,2025-04,50.19746805906181,8,1,0,0,0,0,1
REP009,DOC027,MOL03,2025-04,50.19746805906181,8,1,0,0,0,0,1
REP008,DOC027,MOL03,2025-04,50.19746805906181,8,1,0,0,0,0,0
REP007,DOC027,MOL03,2025-04,50.19746805906181,8,1,0,0,0,0,1
REP010,DOC027,MOL03,2025-04,50.19746805906181,8,1,0,0,0,0,0
REP002,DOC033,MOL03,2025-04,42.6611129041636,9,8,0,0,0,0,0
REP003,DOC033,MOL03,2025-04,42.6611129041636,9,8,0,0,0,0,1
REP009,DOC033,MOL03,2025-04,42.6611129041636,9,8,0,0,0,0,1
REP010,DOC033,MOL03,2025-04,42.6611129041636,9,8,0,0,0,0,0
REP007,DOC033,MOL03,2025-04,42.6611129041636,9,8,0,0,0,0,1
REP001,DOC033,MOL03,2025-04,42.6611129041636,9,8,0,0,0,0,1
REP002,DOC015,MOL03,2025-04,40.23895457522705,10,0,0,0,0,0,0
REP007,DOC015,MOL03,2025-04,40.23895457522705,10,0,0,0,0,0,1
REP001,DOC015,MOL03,2025-04,40.23895457522705,10,0,0,0,0,0,1
REP006,DOC015,MOL03,2025-04,40.23895457522705,10,0,0,0,0,0,1
REP003,DOC015,MOL03,2025-04,40.23895457522705,10,0,0,0,0,0,1
REP003,DOC024,MOL03,2025-04,40.019332940670445,11,3,0,0,0,0,1
REP005,DOC024,MOL03,2025-04,40.019332940670445,11,3,0,0,0,0,1
REP006,DOC024,MOL03,2025-04,40.019332940670445,11,3,0,0,0,0,1
REP007,DOC024,MOL03,2025-04,40.019332940670445,11,3,0,0,0,0,1
REP008,DOC024,MOL03,2025-04,40.019332940670445,11,3,0,0,0,0,0
REP010,DOC024,MOL03,2025-04,40.019332940670445,11,3,0,0,0,0,0
REP001,DOC024,MOL03,2025-04,40.019332940670445,11,3,0,0,0,0,1
REP007,DOC008,MOL03,2025-04,39.82343059994902,12,0,0,0,0,0,1
REP001,DOC008,MOL03,2025-04,39.82343059994902,12,0,0,0,0,0,1
REP009,DOC008,MOL03,2025-04,39.82343059994902,12,0,0,0,0,0,1
REP006,DOC008,MOL03,2025-04,39.82343059994902,12,0,0,0,0,0,1
REP005,DOC008,MOL03,2025-04,39.82343059994902,12,0,0,0,0,0,1
REP004,DOC008,MOL03,2025-04,39.82343059994902,12,0,0,0,0,0,1
REP003,DOC008,MOL03,2025-04,39.82343059994902,12,0,0,0,0,0,1
REP004,DOC006,MOL03,2025-04,39.76351641325441,13,1,0,0,0,0,1
REP008,DOC006,MOL03,2025-04,39.76351641325441,13,1,0,0,0,0,0
REP010,DOC006,MOL03,2025-04,39.76351641325441,13,1,0,0,0,0,0
REP004,DOC004,MOL03,2025-04,37.68277222788007,14,40,0,0,0,0,1
REP002,DOC004,MOL03,2025-04,37.68277222788007,14,40,0,0,0,0,0
REP006,DOC004,MOL03,2025-04,37.68277222788007,14,40,0,0,0,0,1
REP008,DOC004,MOL03,2025-04,37.68277222788007,14,40,0,0,0,0,0
REP007,DOC004,MOL03,2025-04,37.68277222788007,14,40,0,0,0,0,1
REP007,DOC049,MOL03,2025-04,37.268675829771496,15,11,0,0,0,0,1
REP002,DOC049,MOL03,2025-04,37.268675829771496,15,11,0,0,0,0,0
REP006,DOC049,MOL03,2025-04,37.268675829771496,15,11,0,0,0,0,1
REP003,DOC049,MOL03,2025-04,37.268675829771496,15,11,0,0,0,0,1
REP004,DOC049,MOL03,2025-04,37.268675829771496,15,11,0,0,0,0,1
REP008,DOC044,MOL03,2025-04,35.9252870605199,16,26,0,0,0,0,0
REP005,DOC044,MOL03,2025-04,35.9252870605199,16,26,0,0,0,0,1
REP007,DOC044,MOL03,2025-04,35.9252870605199,16,26,0,0,0,0,1
REP010,DOC044,MOL03,2025-04,35.9252870605199,16,26,0,0,0,0,0
REP006,DOC009,MOL03,2025-04,32.811477269429254,17,44,0,0,0,0,1
REP001,DOC009,MOL03,2025-04,32.811477269429254,17,44,0,0,0,0,1
REP004,DOC009,MOL03,2025-04,32.811477269429254,17,44,0,0,0,0,1
REP002,DOC009,MOL03,2025-04,32.811477269429254,17,44,0,0,0,0,0
REP007,DOC009,MOL03,2025-04,32.811477269429254,17,44,0,0,0,0,1
REP008,DOC025,MOL03,2025-04,32.580741459013105,18,2,0,0,0,0,0
REP006,DOC025,MOL03,2025-04,32.580741459013105,18,2,0,0,0,0,1
REP002,DOC025,MOL03,2025-04,32.580741459013105,18,2,0,0,0,0,0
REP003,DOC025,MOL03,2025-04,32.580741459013105,18,2,0,0,0,0,1
REP007,DOC025,MOL03,2025-04,32.580741459013105,18,2,0,0,0,0,1
REP010,DOC025,MOL03,2025-04,32.580741459013105,18,2,0,0,0,0,0
REP009,DOC025,MOL03,2025-04,32.580741459013105,18,2,0,0,0,0,1
REP004,DOC025,MOL03,2025-04,32.580741459013105,18,2,0,0,0,0,1
REP001,DOC025,MOL03,2025-04,32.580741459013105,18,2,0,0,0,0,1
REP007,DOC037,MOL03,2025-04,29.819544373160024,19,10,0,0,0,0,1
REP003,DOC037,MOL03,2025-04,29.819544373160024,19,10,0,0,0,0,1
REP006,DOC037,MOL03,2025-04,29.819544373160024,19,10,0,0,0,0,1
REP002,DOC037,MOL03,2025-04,29.819544373160024,19,10,0,0,0,0,0
REP005,DOC037,MOL03,2025-04,29.819544373160024,19,10,0,0,0,0,1
REP009,DOC037,MOL03,2025-04,29.819544373160024,19,10,0,0,0,0,1
REP007,DOC012,MOL03,2025-04,29.68443232027493,20,13,0,0,0,0,1
REP001,DOC012,MOL03,2025-04,29.68443232027493,20,13,0,0,0,0,1
REP008,DOC041,MOL03,2025-04,29.635526491997577,21,19,0,0,0,0,0
REP007,DOC041,MOL03,2025-04,29.635526491997577,21,19,0,0,0,0,1
REP003,DOC041,MOL03,2025-04,29.635526491997577,21,19,0,0,0,0,1
REP006,DOC041,MOL03,2025-04,29.635526491997577,21,19,0,0,0,0,1
REP010,DOC007,MOL03,2025-04,28.50470240269666,22,7,0,0,0,0,0
REP002,DOC007,MOL03,2025-04,28.50470240269666,22,7,0,0,0,0,0
REP009,DOC007,MOL03,2025-04,28.50470240269666,22,7,0,0,0,0,1
REP006,DOC007,MOL03,2025-04,28.50470240269666,22,7,0,0,0,0,1
REP004,DOC007,MOL03,2025-04,28.50470240269666,22,7,0,0,0,0,1
REP005,DOC007,MOL03,2025-04,28.50470240269666,22,7,0,0,0,0,1
REP003,DOC007,MOL03,2025-04,28.50470240269666,22,7,0,0,0,0,1
REP009,DOC046,MOL03,2025-04,27.26134620881433,23,9,0,0,0,0,1
REP003,DOC046,MOL03,2025-04,27.26134620881433,23,9,0,0,0,0,1
REP005,DOC046,MOL03,2025-04,27.26134620881433,23,9,0,0,0,0,1
REP002,DOC046,MOL03,2025-04,27.26134620881433,23,9,0,0,0,0,0
REP001,DOC046,MOL03,2025-04,27.26134620881433,23,9,0,0,0,0,1
REP010,DOC046,MOL03,2025-04,27.26134620881433,23,9,0,0,0,0,0
REP001,DOC034,MOL03,2025-04,26.295121279894328,24,6,0,0,0,0,1
REP003,DOC034,MOL03,2025-04,26.295121279894328,24,6,0,0,0,0,1
REP009,DOC034,MOL03,2025-04,26.295121279894328,24,6,0,0,0,0,1
REP006,DOC034,MOL03,2025-04,26.295121279894328,24,6,0,0,0,0,1
REP007,DOC034,MOL03,2025-04,26.295121279894328,24,6,0,0,0,0,1
REP005,DOC034,MOL03,2025-04,26.295121279894328,24,6,0,0,0,0,1
REP002,DOC034,MOL03,2025-04,26.295121279894328,24,6,0,0,0,0,0
REP009,DOC040,MOL03,2025-04,22.98091344406174,25,18,0,0,0,0,1
REP001,DOC040,MOL03,2025-04,22.98091344406174,25,18,0,0,0,0,1
REP004,DOC040,MOL03,2025-04,22.98091344406174,25,18,0,0,0,0,1
REP008,DOC040,MOL03,2025-04,22.98091344406174,25,18,0,0,0,0,0
REP006,DOC040,MOL03,2025-04,22.98091344406174,25,18,0,0,0,0,1
REP003,DOC040,MOL03,2025-04,22.98091344406174,25,18,0,0,0,0,1
REP010,DOC040,MOL03,2025-04,22.98091344406174,25,18,0,0,0,0,0
REP005,DOC040,MOL03,2025-04,22.98091344406174,25,18,0,0,0,0,1
REP007,DOC040,MOL03,2025-04,22.98091344406174,25,18,0,0,0,0,1
REP010,DOC050,MOL03,2025-04,18.84138611394004,26,23,0,0,0,0,0
REP007,DOC050,MOL03,2025-04,18.84138611394004,26,23,0,0,0,0,1
REP004,DOC050,MOL03,2025-04,18.84138611394004,26,23,0,0,0,0,1
REP009,DOC050,MOL03,2025-04,18.84138611394004,26,23,0,0,0,0,1
REP003,DOC050,MOL03,2025-04,18.84138611394004,26,23,0,0,0,0,1
REP006,DOC050,MOL03,2025-04,18.84138611394004,26,23,0,0,0,0,1
REP004,DOC014,MOL03,2025-04,16.62887460570657,27,9,0,0,0,0,1
REP009,DOC014,MOL03,2025-04,16.62887460570657,27,9,0,0,0,0,1
REP001,DOC014,MOL03,2025-04,16.62887460570657,27,9,0,0,0,0,1
REP006,DOC014,MOL03,2025-04,16.62887460570657,27,9,0,0,0,0,1
REP003,DOC014,MOL03,2025-04,16.62887460570657,27,9,0,0,0,0,1
REP002,DOC021,MOL03,2025-04,14.941148820297787,28,14,0,0,0,0,0
REP010,DOC021,MOL03,2025-04,14.941148820297787,28,14,0,0,0,0,0
REP009,DOC021,MOL03,2025-04,14.941148820297787,28,14,0,0,0,0,1
REP003,DOC021,MOL03,2025-04,14.941148820297787,28,14,0,0,0,0,1
REP006,DOC021,MOL03,2025-04,14.941148820297787,28,14,0,0,0,0,1
REP007,DOC021,MOL03,2025-04,14.941148820297787,28,14,0,0,0,0,1
REP004,DOC021,MOL03,2025-04,14.941148820297787,28,14,0,0,0,0,1
REP001,DOC021,MOL03,2025-04,14.941148820297787,28,14,0,0,0,0,1
REP005,DOC011,MOL03,2025-04,14.88163633362866,29,11,0,0,0,0,1
REP007,DOC011,MOL03,2025-04,14.88163633362866,29,11,0,0,0,0,1
REP001,DOC011,MOL03,2025-04,14.88163633362866,29,11,0,0,0,0,1
REP008,DOC011,MOL03,2025-04,14.88163633362866,29,11,0,0,0,0,0
REP009,DOC011,MOL03,2025-04,14.88163633362866,29,11,0,0,0,0,1
REP002,DOC011,MOL03,2025-04,14.88163633362866,29,11,0,0,0,0,0
REP006,DOC011,MOL03,2025-04,14.88163633362866,29,11,0,0,0,0,1
REP004,DOC011,MOL03,2025-04,14.88163633362866,29,11,0,0,0,0,1
REP005,DOC028,MOL03,2025-04,13.799118602643436,30,72,0,0,1,0,1
REP006,DOC028,MOL03,2025-04,13.799118602643436,30,72,0,0,1,0,1
REP008,DOC028,MOL03,2025-04,13.799118602643436,30,72,0,0,1,0,0
REP003,DOC028,MOL03,2025-04,13.799118602643436,30,72,0,0,1,0,1
REP001,DOC028,MOL03,2025-04,13.799118602643436,30,72,0,0,1,0,1
REP007,DOC028,MOL03,2025-04,13.799118602643436,30,72,0,0,1,0,1
REP005,DOC016,MOL03,2025-04,10.835522417174309,31,21,0,0,0,0,1
REP006,DOC016,MOL03,2025-04,10.835522417174309,31,21,0,0,0,0,1
REP009,DOC016,MOL03,2025-04,10.835522417174309,31,21,0,0,0,0,1
REP003,DOC016,MOL03,2025-04,10.835522417174309,31,21,0,0,0,0,1
REP001,DOC016,MOL03,2025-04,10.835522417174309,31,21,0,0,0,0,1
REP010,DOC016,MOL03,2025-04,10.835522417174309,31,21,0,0,0,0,0
REP010,DOC036,MOL03,2025-04,7.384719099602874,32,4,0,0,0,0,0
REP009,DOC036,MOL03,2025-04,7.384719099602874,32,4,0,0,0,0,1
REP007,DOC036,MOL03,2025-04,7.384719099602874,32,4,0,0,0,0,1
REP005,DOC036,MOL03,2025-04,7.384719099602874,32,4,0,0,0,0,1
REP001,DOC036,MOL03,2025-04,7.384719099602874,32,4,0,0,0,0,1
REP004,DOC036,MOL03,2025-04,7.384719099602874,32,4,0,0,0,0,1
REP006,DOC036,MOL03,2025-04,7.384719099602874,32,4,0,0,0,0,1
REP002,DOC036,MOL03,2025-04,7.384719099602874,32,4,0,0,0,0,0
REP006,DOC032,MOL03,2025-04,5.590301374465726,33,14,0,0,0,0,1
REP005,DOC032,MOL03,2025-04,5.590301374465726,33,14,0,0,0,0,1
REP010,DOC032,MOL03,2025-04,5.590301374465726,33,14,0,0,0,0,0
REP002,DOC032,MOL03,2025-04,5.590301374465726,33,14,0,0,0,0,0
REP009,DOC032,MOL03,2025-04,5.590301374465726,33,14,0,0,0,0,1
REP001,DOC032,MOL03,2025-04,5.590301374465726,33,14,0,0,0,0,1
REP007,DOC032,MOL03,2025-04,5.590301374465726,33,14,0,0,0,0,1
REP009,DOC042,MOL03,2025-04,0.8281927962171445,34,5,0,0,0,0,1
REP002,DOC042,MOL03,2025-04,0.8281927962171445,34,5,0,0,0,0,0
REP001,DOC042,MOL03,2025-04,0.8281927962171445,34,5,0,0,0,0,1
REP007,DOC042,MOL03,2025-04,0.8281927962171445,34,5,0,0,0,0,1
REP006,DOC042,MOL03,2025-04,0.8281927962171445,34,5,0,0,0,0,1
REP008,DOC002,MOL03,2025-04,0.0,35,6,0,0,0,0,0
REP004,DOC002,MOL03,2025-04,0.0,35,6,0,0,0,0,1
REP005,DOC002,MOL03,2025-04,0.0,35,6,0,0,0,0,1
REP003,DOC002,MOL03,2025-04,0.0,35,6,0,0,0,0,1
REP007,DOC002,MOL03,2025-04,0.0,35,6,0,0,0,0,1
REP004,DOC004,MOL03,2025-05,100.0,1,40,1,0,0,0,1
REP002,DOC004,MOL03,2025-05,100.0,1,40,1,0,0,0,0
REP006,DOC004,MOL03,2025-05,100.0,1,40,1,0,0,0,1
REP008,DOC004,MOL03,2025-05,100.0,1,40,1,0,0,0,0
REP007,DOC004,MOL03,2025-05,100.0,1,40,1,0,0,0,1
REP002,DOC021,MOL03,2025-05,63.94433857841532,2,14,0,0,0,0,0
REP010,DOC021,MOL03,2025-05,63.94433857841532,2,14,0,0,0,0,0
REP009,DOC021,MOL03,2025-05,63.94433857841532,2,14,0,0,0,0,1
REP003,DOC021,MOL03,2025-05,63.94433857841532,2,14,0,0,0,0,1
REP006,DOC021,MOL03,2025-05,63.94433857841532,2,14,0,0,0,0,1
REP007,DOC021,MOL03,2025-05,63.94433857841532,2,14,0,0,0,0,1
REP004,DOC021,MOL03,2025-05,63.94433857841532,2,14,0,0,0,0,1
REP001,DOC021,MOL03,2025-05,63.94433857841532,2,14,0,0,0,0,1
REP001,DOC039,MOL03,2025-05,63.08266003729023,3,2,0,0,0,0,1
REP007,DOC039,MOL03,2025-05,63.08266003729023,3,2,0,0,0,0,1
REP005,DOC039,MOL03,2025-05,63.08266003729023,3,2,0,0,0,0,1
REP008,DOC039,MOL03,2025-05,63.08266003729023,3,2,0,0,0,0,0
REP010,DOC039,MOL03,2025-05,63.08266003729023,3,2,0,0,0,0,0
REP003,DOC039,MOL03,2025-05,63.08266003729023,3,2,0,0,0,0,1
REP004,DOC039,MOL03,2025-05,63.08266003729023,3,2,0,0,0,0,1
REP008,DOC041,MOL03,2025-05,60.992701882545234,4,19,0,0,0,0,0
REP007,DOC041,MOL03,2025-05,60.992701882545234,4,19,0,0,0,0,1
REP003,DOC041,MOL03,2025-05,60.992701882545234,4,19,0,0,0,0,1
REP006,DOC041,MOL03,2025-05,60.992701882545234,4,19,0,0,0,0,1
REP005,DOC019,MOL03,2025-05,53.66465753210508,5,31,1,0,0,0,1
REP003,DOC019,MOL03,2025-05,53.66465753210508,5,31,1,0,0,0,1
REP009,DOC019,MOL03,2025-05,53.66465753210508,5,31,1,0,0,0,1
REP002,DOC019,MOL03,2025-05,53.66465753210508,5,31,1,0,0,0,0
REP001,DOC019,MOL03,2025-05,53.66465753210508,5,31,1,0,0,0,1
REP010,DOC019,MOL03,2025-05,53.66465753210508,5,31,1,0,0,0,0
REP004,DOC019,MOL03,2025-05,53.66465753210508,5,31,1,0,0,0,1
REP008,DOC019,MOL03,2025-05,53.66465753210508,5,31,1,0,0,0,0
REP007,DOC012,MOL03,2025-05,52.72798777560372,6,13,0,0,0,0,1
REP001,DOC012,MOL03,2025-05,52.72798777560372,6,13,0,0,0,0,1
REP009,DOC038,MOL03,2025-05,51.89558732131757,7,96,1,0,0,0,1
REP010,DOC038,MOL03,2025-05,51.89558732131757,7,96,1,0,0,0,0
REP004,DOC038,MOL03,2025-05,51.89558732131757,7,96,1,0,0,0,1
REP002,DOC038,MOL03,2025-05,51.89558732131757,7,96,1,0,0,0,0
REP006,DOC038,MOL03,2025-05,51.89558732131757,7,96,1,0,0,0,1
REP004,DOC006,MOL03,2025-05,44.126155804059245,8,1,0,0,0,0,1
REP008,DOC006,MOL03,2025-05,44.126155804059245,8,1,0,0,0,0,0
REP010,DOC006,MOL03,2025-05,44.126155804059245,8,1,0,0,0,0,0
REP003,DOC024,MOL03,2025-05,42.74906971703589,9,3,0,0,0,0,1
REP005,DOC024,MOL03,2025-05,42.74906971703589,9,3,0,0,0,0,1
REP006,DOC024,MOL03,2025-05,42.74906971703589,9,3,0,0,0,0,1
REP007,DOC024,MOL03,2025-05,42.74906971703589,9,3,0,0,0,0,1
REP008,DOC024,MOL03,2025-05,42.74906971703589,9,3,0,0,0,0,0
REP010,DOC024,MOL03,2025-05,42.74906971703589,9,3,0,0,0,0,0
REP001,DOC024,MOL03,2025-05,42.74906971703589,9,3,0,0,0,0,1
REP005,DOC028,MOL03,2025-05,39.71879931217279,10,72,1,0,0,0,1
REP006,DOC028,MOL03,2025-05,39.71879931217279,10,72,1,0,0,0,1
REP008,DOC028,MOL03,2025-05,39.71879931217279,10,72,1,0,0,0,0
REP003,DOC028,MOL03,2025-05,39.71879931217279,10,72,1,0,0,0,1
REP001,DOC028,MOL03,2025-05,39.71879931217279,10,72,1,0,0,0,1
REP007,DOC028,MOL03,2025-05,39.71879931217279,10,72,1,0,0,0,1
REP008,DOC002,MOL03,2025-05,39.71410814170292,11,6,0,0,0,0,0
REP004,DOC002,MOL03,2025-05,39.71410814170292,11,6,0,0,0,0,1
REP005,DOC002,MOL03,2025-05,39.71410814170292,11,6,0,0,0,0,1
REP003,DOC002,MOL03,2025-05,39.71410814170292,11,6,0,0,0,0,1
REP007,DOC002,MOL03,2025-05,39.71410814170292,11,6,0,0,0,0,1
REP007,DOC008,MOL03,2025-05,35.76746163594192,12,0,0,0,0,0,1
REP001,DOC008,MOL03,2025-05,35.76746163594192,12,0,0,0,0,0,1
REP009,DOC008,MOL03,2025-05,35.76746163594192,12,0,0,0,0,0,1
REP006,DOC008,MOL03,2025-05,35.76746163594192,12,0,0,0,0,0,1
REP005,DOC008,MOL03,2025-05,35.76746163594192,12,0,0,0,0,0,1
REP004,DOC008,MOL03,2025-05,35.76746163594192,12,0,0,0,0,0,1
REP003,DOC008,MOL03,2025-05,35.76746163594192,12,0,0,0,0,0,1
REP008,DOC023,MOL03,2025-05,32.87756370416407,13,8,0,0,0,0,0
REP007,DOC023,MOL03,2025-05,32.87756370416407,13,8,0,0,0,0,1
REP004,DOC023,MOL03,2025-05,32.87756370416407,13,8,0,0,0,0,1
REP006,DOC023,MOL03,2025-05,32.87756370416407,13,8,0,0,0,0,1
REP002,DOC023,MOL03,2025-05,32.87756370416407,13,8,0,0,0,0,0
REP010,DOC023,MOL03,2025-05,32.87756370416407,13,8,0,0,0,0,0
REP002,DOC029,MOL03,2025-05,32.87756370416407,13,47,0,0,0,0,0
REP009,DOC029,MOL03,2025-05,32.87756370416407,13,47,0,0,0,0,1
REP003,DOC029,MOL03,2025-05,32.87756370416407,13,47,0,0,0,0,1
REP005,DOC029,MOL03,2025-05,32.87756370416407,13,47,0,0,0,0,1
REP005,DOC016,MOL03,2025-05,31.0130515848353,15,21,0,0,0,0,1
REP006,DOC016,MOL03,2025-05,31.0130515848353,15,21,0,0,0,0,1
REP009,DOC016,MOL03,2025-05,31.0130515848353,15,21,0,0,0,0,1
REP003,DOC016,MOL03,2025-05,31.0130515848353,15,21,0,0,0,0,1
REP001,DOC016,MOL03,2025-05,31.0130515848353,15,21,0,0,0,0,1
REP010,DOC016,MOL03,2025-05,31.0130515848353,15,21,0,0,0,0,0
REP007,DOC003,MOL03,2025-05,30.453697949036663,16,0,0,0,0,0,1
REP010,DOC003,MOL03,2025-05,30.453697949036663,16,0,0,0,0,0,0
REP005,DOC003,MOL03,2025-05,30.453697949036663,16,0,0,0,0,0,1
REP003,DOC003,MOL03,2025-05,30.453697949036663,16,0,0,0,0,0,1
REP002,DOC003,MOL03,2025-05,30.453697949036663,16,0,0,0,0,0,0
REP004,DOC003,MOL03,2025-05,30.453697949036663,16,0,0,0,0,0,1
REP006,DOC003,MOL03,2025-05,30.453697949036663,16,0,0,0,0,0,1
REP005,DOC026,MOL03,2025-05,30.453697949036663,16,10,0,0,0,0,1
REP001,DOC026,MOL03,2025-05,30.453697949036663,16,10,0,0,0,0,1
REP006,DOC026,MOL03,2025-05,30.453697949036663,16,10,0,0,0,0,1
REP009,DOC026,MOL03,2025-05,30.453697949036663,16,10,0,0,0,0,1
REP003,DOC026,MOL03,2025-05,30.453697949036663,16,10,0,0,0,0,1
REP004,DOC026,MOL03,2025-05,30.453697949036663,16,10,0,0,0,0,1
REP007,DOC026,MOL03,2025-05,30.453697949036663,16,10,0,0,0,0,1
REP008,DOC026,MOL03,2025-05,30.453697949036663,16,10,0,0,0,0,0
REP002,DOC043,MOL03,2025-05,25.77191906453018,18,24,0,0,0,0,0
REP008,DOC043,MOL03,2025-05,25.77191906453018,18,24,0,0,0,0,0
REP001,DOC043,MOL03,2025-05,25.77191906453018,18,24,0,0,0,0,1
REP005,DOC043,MOL03,2025-05,25.77191906453018,18,24,0,0,0,0,1
REP004,DOC043,MOL03,2025-05,25.77191906453018,18,24,0,0,0,0,1
REP004,DOC031,MOL03,2025-05,25.726933799658685,19,6,0,0,0,0,1
REP003,DOC031,MOL03,2025-05,25.726933799658685,19,6,0,0,0,0,1
REP007,DOC031,MOL03,2025-05,25.726933799658685,19,6,0,0,0,0,1
REP010,DOC031,MOL03,2025-05,25.726933799658685,19,6,0,0,0,0,0
REP006,DOC031,MOL03,2025-05,25.726933799658685,19,6,0,0,0,0,1
REP007,DOC037,MOL03,2025-05,25.43683271873688,20,10,0,0,0,0,1
REP003,DOC037,MOL03,2025-05,25.43683271873688,20,10,0,0,0,0,1
REP006,DOC037,MOL03,2025-05,25.43683271873688,20,10,0,0,0,0,1
REP002,DOC037,MOL03,2025-05,25.43683271873688,20,10,0,0,0,0,0
REP005,DOC037,MOL03,2025-05,25.43683271873688,20,10,0,0,0,0,1
REP009,DOC037,MOL03,2025-05,25.43683271873688,20,10,0,0,0,0,1
REP005,DOC011,MOL03,2025-05,24.3934021052554,21,11,0,0,0,0,1
REP007,DOC011,MOL03,2025-05,24.3934021052554,21,11,0,0,0,0,1
REP001,DOC011,MOL03,2025-05,24.3934021052554,21,11,0,0,0,0,1
REP008,DOC011,MOL03,2025-05,24.3934021052554,21,11,0,0,0,0,0
REP009,DOC011,MOL03,2025-05,24.3934021052554,21,11,0,0,0,0,1
REP002,DOC011,MOL03,2025-05,24.3934021052554,21,11,0,0,0,0,0
REP006,DOC011,MOL03,2025-05,24.3934021052554,21,11,0,0,0,0,1
REP004,DOC011,MOL03,2025-05,24.3934021052554,21,11,0,0,0,0,1
REP006,DOC009,MOL03,2025-05,23.885651254357327,22,44,0,0,1,0,1
REP001,DOC009,MOL03,2025-05,23.885651254357327,22,44,0,0,1,0,1
REP004,DOC009,MOL03,2025-05,23.885651254357327,22,44,0,0,1,0,1
REP002,DOC009,MOL03,2025-05,23.885651254357327,22,44,0,0,1,0,0
REP007,DOC009,MOL03,2025-05,23.885651254357327,22,44,0,0,1,0,1
REP009,DOC046,MOL03,2025-05,21.8769422001243,23,9,0,0,0,0,1
REP003,DOC046,MOL03,2025-05,21.8769422001243,23,9,0,0,0,0,1
REP005,DOC046,MOL03,2025-05,21.8769422001243,23,9,0,0,0,0,1
REP002,DOC046,MOL03,2025-05,21.8769422001243,23,9,0,0,0,0,0
REP001,DOC046,MOL03,2025-05,21.8769422001243,23,9,0,0,0,0,1
REP010,DOC046,MOL03,2025-05,21.8769422001243,23,9,0,0,0,0,0
REP008,DOC025,MOL03,2025-05,20.91459449602868,24,2,0,0,0,0,0
REP006,DOC025,MOL03,2025-05,20.91459449602868,24,2,0,0,0,0,1
REP002,DOC025,MOL03,2025-05,20.91459449602868,24,2,0,0,0,0,0
REP003,DOC025,MOL03,2025-05,20.91459449602868,24,2,0,0,0,0,1
REP007,DOC025,MOL03,2025-05,20.91459449602868,24,2,0,0,0,0,1
REP010,DOC025,MOL03,2025-05,20.91459449602868,24,2,0,0,0,0,0
REP009,DOC025,MOL03,2025-05,20.91459449602868,24,2,0,0,0,0,1
REP004,DOC025,MOL03,2025-05,20.91459449602868,24,2,0,0,0,0,1
REP001,DOC025,MOL03,2025-05,20.91459449602868,24,2,0,0,0,0,1
REP006,DOC027,MOL03,2025-05,20.361855860228843,25,1,0,0,0,0,1
REP009,DOC027,MOL03,2025-05,20.361855860228843,25,1,0,0,0,0,1
REP008,DOC027,MOL03,2025-05,20.361855860228843,25,1,0,0,0,0,0
REP007,DOC027,MOL03,2025-05,20.361855860228843,25,1,0,0,0,0,1
REP010,DOC027,MOL03,2025-05,20.361855860228843,25,1,0,0,0,0,0
REP010,DOC007,MOL03,2025-05,20.059101697223607,26,7,0,0,0,0,0
REP002,DOC007,MOL03,2025-05,20.059101697223607,26,7,0,0,0,0,0
REP009,DOC007,MOL03,2025-05,20.059101697223607,26,7,0,0,0,0,1
REP006,DOC007,MOL03,2025-05,20.059101697223607,26,7,0,0,0,0,1
REP004,DOC007,MOL03,2025-05,20.059101697223607,26,7,0,0,0,0,1
REP005,DOC007,MOL03,2025-05,20.059101697223607,26,7,0,0,0,0,1
REP003,DOC007,MOL03,2025-05,20.059101697223607,26,7,0,0,0,0,1
REP008,DOC044,MOL03,2025-05,18.764841209372094,27,26,0,0,0,0,0
REP005,DOC044,MOL03,2025-05,18.764841209372094,27,26,0,0,0,0,1
REP007,DOC044,MOL03,2025-05,18.764841209372094,27,26,0,0,0,0,1
REP010,DOC044,MOL03,2025-05,18.764841209372094,27,26,0,0,0,0,0
REP007,DOC020,MOL03,2025-05,16.640705789523167,28,9,0,0,0,0,1
REP008,DOC020,MOL03,2025-05,16.640705789523167,28,9,0,0,0,0,0
REP004,DOC020,MOL03,2025-05,16.640705789523167,28,9,0,0,0,0,1
REP006,DOC020,MOL03,2025-05,16.640705789523167,28,9,0,0,0,0,1
REP005,DOC020,MOL03,2025-05,16.640705789523167,28,9,0,0,0,0,1
REP002,DOC033,MOL03,2025-05,16.609289097090652,29,8,0,0,0,0,0
REP003,DOC033,MOL03,2025-05,16.609289097090652,29,8,0,0,0,0,1
REP009,DOC033,MOL03,2025-05,16.609289097090652,29,8,0,0,0,0,1
REP010,DOC033,MOL03,2025-05,16.609289097090652,29,8,0,0,0,0,0
REP007,DOC033,MOL03,2025-05,16.609289097090652,29,8,0,0,0,0,1
REP001,DOC033,MOL03,2025-05,16.609289097090652,29,8,0,0,0,0,1
REP009,DOC040,MOL03,2025-05,15.183153248288235,30,18,0,0,0,0,1
REP001,DOC040,MOL03,2025-05,15.183153248288235,30,18,0,0,0,0,1
REP004,DOC040,MOL03,2025-05,15.183153248288235,30,18,0,0,0,0,1
REP008,DOC040,MOL03,2025-05,15.183153248288235,30,18,0,0,0,0,0
REP006,DOC040,MOL03,2025-05,15.183153248288235,30,18,0,0,0,0,1
REP003,DOC040,MOL03,2025-05,15.183153248288235,30,18,0,0,0,0,1
REP010,DOC040,MOL03,2025-05,15.183153248288235,30,18,0,0,0,0,0
REP005,DOC040,MOL03,2025-05,15.183153248288235,30,18,0,0,0,0,1
REP007,DOC040,MOL03,2025-05,15.183153248288235,30,18,0,0,0,0,1
REP004,DOC014,MOL03,2025-05,14.564245575129233,31,9,0,0,0,0,1
REP009,DOC014,MOL03,2025-05,14.564245575129233,31,9,0,0,0,0,1
REP001,DOC014,MOL03,2025-05,14.564245575129233,31,9,0,0,0,0,1
REP006,DOC014,MOL03,2025-05,14.564245575129233,31,9,0,0,0,0,1
REP003,DOC014,MOL03,2025-05,14.564245575129233,31,9,0,0,0,0,1
REP008,DOC005,MOL03,2025-05,13.673088875077683,32,13,0,0,0,0,0
REP004,DOC005,MOL03,2025-05,13.673088875077683,32,13,0,0,0,0,1
REP002,DOC005,MOL03,2025-05,13.673088875077683,32,13,0,0,0,0,0
REP007,DOC005,MOL03,2025-05,13.673088875077683,32,13,0,0,0,0,1
REP003,DOC005,MOL03,2025-05,13.673088875077683,32,13,0,0,0,0,1
REP005,DOC005,MOL03,2025-05,13.673088875077683,32,13,0,0,0,0,1
REP006,DOC005,MOL03,2025-05,13.673088875077683,32,13,0,0,0,0,1
REP009,DOC013,MOL03,2025-05,12.7408328154133,33,21,0,0,0,0,1
REP001,DOC013,MOL03,2025-05,12.7408328154133,33,21,0,0,0,0,1
REP004,DOC013,MOL03,2025-05,12.7408328154133,33,21,0,0,0,0,1
REP007,DOC013,MOL03,2025-05,12.7408328154133,33,21,0,0,0,0,1
REP008,DOC013,MOL03,2025-05,12.7408328154133,33,21,0,0,0,0,0
REP005,DOC013,MOL03,2025-05,12.7408328154133,33,21,0,0,0,0,1
REP002,DOC013,MOL03,2025-05,12.7408328154133,33,21,0,0,0,0,0
REP010,DOC045,MOL03,2025-05,12.7408328154133,33,14,0,0,0,0,0
REP007,DOC045,MOL03,2025-05,12.7408328154133,33,14,0,0,0,0,1
REP009,DOC045,MOL03,2025-05,12.7408328154133,33,14,0,0,0,0,1
REP001,DOC045,MOL03,2025-05,12.7408328154133,33,14,0,0,0,0,1
REP004,DOC045,MOL03,2025-05,12.7408328154133,33,14,0,0,0,0,1
REP006,DOC045,MOL03,2025-05,12.7408328154133,33,14,0,0,0,0,1
REP005,DOC045,MOL03,2025-05,12.7408328154133,33,14,0,0,0,0,1
REP003,DOC018,MOL03,2025-05,6.463642013673088,35,20,0,0,0,0,1
REP009,DOC018,MOL03,2025-05,6.463642013673088,35,20,0,0,0,0,1
REP005,DOC018,MOL03,2025-05,6.463642013673088,35,20,0,0,0,0,1
REP001,DOC018,MOL03,2025-05,6.463642013673088,35,20,0,0,0,0,1
REP010,DOC018,MOL03,2025-05,6.463642013673088,35,20,0,0,0,0,0
REP006,DOC032,MOL03,2025-05,5.904288377874456,36,14,0,0,0,0,1
REP005,DOC032,MOL03,2025-05,5.904288377874456,36,14,0,0,0,0,1
REP010,DOC032,MOL03,2025-05,5.904288377874456,36,14,0,0,0,0,0
REP002,DOC032,MOL03,2025-05,5.904288377874456,36,14,0,0,0,0,0
REP009,DOC032,MOL03,2025-05,5.904288377874456,36,14,0,0,0,0,1
REP001,DOC032,MOL03,2025-05,5.904288377874456,36,14,0,0,0,0,1
REP007,DOC032,MOL03,2025-05,5.904288377874456,36,14,0,0,0,0,1
REP008,DOC030,MOL03,2025-05,5.5313859540087,37,5,0,0,0,0,0
REP001,DOC030,MOL03,2025-05,5.5313859540087,37,5,0,0,0,0,1
REP004,DOC030,MOL03,2025-05,5.5313859540087,37,5,0,0,0,0,1
REP009,DOC030,MOL03,2025-05,5.5313859540087,37,5,0,0,0,0,1
REP010,DOC030,MOL03,2025-05,5.5313859540087,37,5,0,0,0,0,0
REP005,DOC030,MOL03,2025-05,5.5313859540087,37,5,0,0,0,0,1
REP002,DOC015,MOL03,2025-05,4.882670388534285,38,0,0,0,0,0,0
REP007,DOC015,MOL03,2025-05,4.882670388534285,38,0,0,0,0,0,1
REP001,DOC015,MOL03,2025-05,4.882670388534285,38,0,0,0,0,0,1
REP006,DOC015,MOL03,2025-05,4.882670388534285,38,0,0,0,0,0,1
REP003,DOC015,MOL03,2025-05,4.882670388534285,38,0,0,0,0,0,1
REP002,DOC022,MOL03,2025-05,0.559353635798633,39,0,0,0,0,0,0
REP001,DOC022,MOL03,2025-05,0.559353635798633,39,0,0,0,0,0,1
REP006,DOC022,MOL03,2025-05,0.559353635798633,39,0,0,0,0,0,1
REP007,DOC022,MOL03,2025-05,0.559353635798633,39,0,0,0,0,0,1
REP004,DOC022,MOL03,2025-05,0.559353635798633,39,0,0,0,0,0,1
REP009,DOC048,MOL03,2025-05,0.559353635798633,39,13,0,0,0,0,1
REP010,DOC048,MOL03,2025-05,0.559353635798633,39,13,0,0,0,0,0
REP004,DOC048,MOL03,2025-05,0.559353635798633,39,13,0,0,0,0,1
REP001,DOC048,MOL03,2025-05,0.559353635798633,39,13,0,0,0,0,1
REP002,DOC048,MOL03,2025-05,0.559353635798633,39,13,0,0,0,0,0
REP006,DOC048,MOL03,2025-05,0.559353635798633,39,13,0,0,0,0,1
REP003,DOC048,MOL03,2025-05,0.559353635798633,39,13,0,0,0,0,1
REP008,DOC048,MOL03,2025-05,0.559353635798633,39,13,0,0,0,0,0
REP006,DOC010,MOL03,2025-05,0.0,41,0,0,0,0,0,1
REP005,DOC010,MOL03,2025-05,0.0,41,0,0,0,0,0,1
REP009,DOC010,MOL03,2025-05,0.0,41,0,0,0,0,0,1
REP003,DOC010,MOL03,2025-05,0.0,41,0,0,0,0,0,1
REP007,DOC010,MOL03,2025-05,0.0,41,0,0,0,0,0,1
REP001,DOC010,MOL03,2025-05,0.0,41,0,0,0,0,0,1
REP008,DOC010,MOL03,2025-05,0.0,41,0,0,0,0,0,0
REP003,DOC024,MOL03,2025-06,100.0,1,3,0,0,0,0,1
REP005,DOC024,MOL03,2025-06,100.0,1,3,0,0,0,0,1
REP006,DOC024,MOL03,2025-06,100.0,1,3,0,0,0,0,1
REP007,DOC024,MOL03,2025-06,100.0,1,3,0,0,0,0,1
REP008,DOC024,MOL03,2025-06,100.0,1,3,0,0,0,0,0
REP010,DOC024,MOL03,2025-06,100.0,1,3,0,0,0,0,0
REP001,DOC024,MOL03,2025-06,100.0,1,3,0,0,0,0,1
REP004,DOC047,MOL03,2025-06,90.77509932870306,2,11,0,0,0,0,1
REP003,DOC047,MOL03,2025-06,90.77509932870306,2,11,0,0,0,0,1
REP009,DOC047,MOL03,2025-06,90.77509932870306,2,11,0,0,0,0,1
REP001,DOC047,MOL03,2025-06,90.77509932870306,2,11,0,0,0,0,1
REP005,DOC047,MOL03,2025-06,90.77509932870306,2,11,0,0,0,0,1
REP008,DOC047,MOL03,2025-06,90.77509932870306,2,11,0,0,0,0,0
REP007,DOC047,MOL03,2025-06,90.77509932870306,2,11,0,0,0,0,1
REP006,DOC047,MOL03,2025-06,90.77509932870306,2,11,0,0,0,0,1
REP010,DOC047,MOL03,2025-06,90.77509932870306,2,11,0,0,0,0,0
REP008,DOC023,MOL03,2025-06,81.31114457679658,3,8,0,0,0,0,0
REP007,DOC023,MOL03,2025-06,81.31114457679658,3,8,0,0,0,0,1
REP004,DOC023,MOL03,2025-06,81.31114457679658,3,8,0,0,0,0,1
REP006,DOC023,MOL03,2025-06,81.31114457679658,3,8,0,0,0,0,1
REP002,DOC023,MOL03,2025-06,81.31114457679658,3,8,0,0,0,0,0
REP010,DOC023,MOL03,2025-06,81.31114457679658,3,8,0,0,0,0,0
REP007,DOC049,MOL03,2025-06,80.04928394320903,4,11,0,0,0,0,1
REP002,DOC049,MOL03,2025-06,80.04928394320903,4,11,0,0,0,0,0
REP006,DOC049,MOL03,2025-06,80.04928394320903,4,11,0,0,0,0,1
REP003,DOC049,MOL03,2025-06,80.04928394320903,4,11,0,0,0,0,1
REP004,DOC049,MOL03,2025-06,80.04928394320903,4,11,0,0,0,0,1
REP002,DOC015,MOL03,2025-06,78.58219448026375,5,0,0,0,0,0,0
REP007,DOC015,MOL03,2025-06,78.58219448026375,5,0,0,0,0,0,1
REP001,DOC015,MOL03,2025-06,78.58219448026375,5,0,0,0,0,0,1
REP006,DOC015,MOL03,2025-06,78.58219448026375,5,0,0,0,0,0,1
REP003,DOC015,MOL03,2025-06,78.58219448026375,5,0,0,0,0,0,1
REP002,DOC021,MOL03,2025-06,75.18104669502033,6,14,0,0,0,0,0
REP010,DOC021,MOL03,2025-06,75.18104669502033,6,14,0,0,0,0,0
REP009,DOC021,MOL03,2025-06,75.18104669502033,6,14,0,0,0,0,1
REP003,DOC021,MOL03,2025-06,75.18104669502033,6,14,0,0,0,0,1
REP006,DOC021,MOL03,2025-06,75.18104669502033,6,14,0,0,0,0,1
REP007,DOC021,MOL03,2025-06,75.18104669502033,6,14,0,0,0,0,1
REP004,DOC021,MOL03,2025-06,75.18104669502033,6,14,0,0,0,0,1
REP001,DOC021,MOL03,2025-06,75.18104669502033,6,14,0,0,0,0,1
REP009,DOC048,MOL03,2025-06,55.75846674664907,7,13,0,0,0,0,1
REP010,DOC048,MOL03,2025-06,55.75846674664907,7,13,0,0,0,0,0
REP004,DOC048,MOL03,2025-06,55.75846674664907,7,13,0,0,0,0,1
REP001,DOC048,MOL03,2025-06,55.75846674664907,7,13,0,0,0,0,1
REP002,DOC048,MOL03,2025-06,55.75846674664907,7,13,0,0,0,0,0
REP006,DOC048,MOL03,2025-06,55.75846674664907,7,13,0,0,0,0,1
REP003,DOC048,MOL03,2025-06,55.75846674664907,7,13,0,0,0,0,1
REP008,DOC048,MOL03,2025-06,55.75846674664907,7,13,0,0,0,0,0
REP005,DOC019,MOL03,2025-06,54.45080768415062,8,31,1,0,0,0,1
REP003,DOC019,MOL03,2025-06,54.45080768415062,8,31,1,0,0,0,1
REP009,DOC019,MOL03,2025-06,54.45080768415062,8,31,1,0,0,0,1
REP002,DOC019,MOL03,2025-06,54.45080768415062,8,31,1,0,0,0,0
REP001,DOC019,MOL03,2025-06,54.45080768415062,8,31,1,0,0,0,1
REP010,DOC019,MOL03,2025-06,54.45080768415062,8,31,1,0,0,0,0
REP004,DOC019,MOL03,2025-06,54.45080768415062,8,31,1,0,0,0,1
REP008,DOC019,MOL03,2025-06,54.45080768415062,8,31,1,0,0,0,0
REP002,DOC043,MOL03,2025-06,51.59612838330801,9,24,0,0,0,0,0
REP008,DOC043,MOL03,2025-06,51.59612838330801,9,24,0,0,0,0,0
REP001,DOC043,MOL03,2025-06,51.59612838330801,9,24,0,0,0,0,1
REP005,DOC043,MOL03,2025-06,51.59612838330801,9,24,0,0,0,0,1
REP004,DOC043,MOL03,2025-06,51.59612838330801,9,24,0,0,0,0,1
REP006,DOC027,MOL03,2025-06,50.82799402518442,10,1,0,0,0,0,1
REP009,DOC027,MOL03,2025-06,50.82799402518442,10,1,0,0,0,0,1
REP008,DOC027,MOL03,2025-06,50.82799402518442,10,1,0,0,0,0,0
REP007,DOC027,MOL03,2025-06,50.82799402518442,10,1,0,0,0,0,1
REP010,DOC027,MOL03,2025-06,50.82799402518442,10,1,0,0,0,0,0
REP008,DOC044,MOL03,2025-06,49.82985795202644,11,26,0,0,0,0,0
REP005,DOC044,MOL03,2025-06,49.82985795202644,11,26,0,0,0,0,1
REP007,DOC044,MOL03,2025-06,49.82985795202644,11,26,0,0,0,0,1
REP010,DOC044,MOL03,2025-06,49.82985795202644,11,26,0,0,0,0,0
REP002,DOC033,MOL03,2025-06,48.32235169399699,12,8,0,0,0,0,0
REP003,DOC033,MOL03,2025-06,48.32235169399699,12,8,0,0,0,0,1
REP009,DOC033,MOL03,2025-06,48.32235169399699,12,8,0,0,0,0,1
REP010,DOC033,MOL03,2025-06,48.32235169399699,12,8,0,0,0,0,0
REP007,DOC033,MOL03,2025-06,48.32235169399699,12,8,0,0,0,0,1
REP001,DOC033,MOL03,2025-06,48.32235169399699,12,8,0,0,0,0,1
REP006,DOC032,MOL03,2025-06,46.53111086354024,13,14,0,0,0,0,1
REP005,DOC032,MOL03,2025-06,46.53111086354024,13,14,0,0,0,0,1
REP010,DOC032,MOL03,2025-06,46.53111086354024,13,14,0,0,0,0,0
REP002,DOC032,MOL03,2025-06,46.53111086354024,13,14,0,0,0,0,0
REP009,DOC032,MOL03,2025-06,46.53111086354024,13,14,0,0,0,0,1
REP001,DOC032,MOL03,2025-06,46.53111086354024,13,14,0,0,0,0,1
REP007,DOC032,MOL03,2025-06,46.53111086354024,13,14,0,0,0,0,1
REP005,DOC028,MOL03,2025-06,45.87119463257271,14,72,0,0,0,0,1
REP006,DOC028,MOL03,2025-06,45.87119463257271,14,72,0,0,0,0,1
REP008,DOC028,MOL03,2025-06,45.87119463257271,14,72,0,0,0,0,0
REP003,DOC028,MOL03,2025-06,45.87119463257271,14,72,0,0,0,0,1
REP001,DOC028,MOL03,2025-06,45.87119463257271,14,72,0,0,0,0,1
REP007,DOC028,MOL03,2025-06,45.87119463257271,14,72,0,0,0,0,1
REP008,DOC041,MOL03,2025-06,44.19075581413991,15,19,0,0,0,0,0
REP007,DOC041,MOL03,2025-06,44.19075581413991,15,19,0,0,0,0,1
REP003,DOC041,MOL03,2025-06,44.19075581413991,15,19,0,0,0,0,1
REP006,DOC041,MOL03,2025-06,44.19075581413991,15,19,0,0,0,0,1
REP004,DOC014,MOL03,2025-06,43.927914710814505,16,9,0,0,0,0,1
REP009,DOC014,MOL03,2025-06,43.927914710814505,16,9,0,0,0,0,1
REP001,DOC014,MOL03,2025-06,43.927914710814505,16,9,0,0,0,0,1
REP006,DOC014,MOL03,2025-06,43.927914710814505,16,9,0,0,0,0,1
REP003,DOC014,MOL03,2025-06,43.927914710814505,16,9,0,0,0,0,1
REP008,DOC025,MOL03,2025-06,43.86134672245256,17,2,0,0,0,0,0
REP006,DOC025,MOL03,2025-06,43.86134672245256,17,2,0,0,0,0,1
REP002,DOC025,MOL03,2025-06,43.86134672245256,17,2,0,0,0,0,0
REP003,DOC025,MOL03,2025-06,43.86134672245256,17,2,0,0,0,0,1
REP007,DOC025,MOL03,2025-06,43.86134672245256,17,2,0,0,0,0,1
REP010,DOC025,MOL03,2025-06,43.86134672245256,17,2,0,0,0,0,0
REP009,DOC025,MOL03,2025-06,43.86134672245256,17,2,0,0,0,0,1
REP004,DOC025,MOL03,2025-06,43.86134672245256,17,2,0,0,0,0,1
REP001,DOC025,MOL03,2025-06,43.86134672245256,17,2,0,0,0,0,1
REP004,DOC031,MOL03,2025-06,42.45700469839972,18,6,0,0,0,0,1
REP003,DOC031,MOL03,2025-06,42.45700469839972,18,6,0,0,0,0,1
REP007,DOC031,MOL03,2025-06,42.45700469839972,18,6,0,0,0,0,1
REP010,DOC031,MOL03,2025-06,42.45700469839972,18,6,0,0,0,0,0
REP006,DOC031,MOL03,2025-06,42.45700469839972,18,6,0,0,0,0,1
REP005,DOC011,MOL03,2025-06,42.20019202863076,19,11,0,0,0,0,1
REP007,DOC011,MOL03,2025-06,42.20019202863076,19,11,0,0,0,0,1
REP001,DOC011,MOL03,2025-06,42.20019202863076,19,11,0,0,0,0,1
REP008,DOC011,MOL03,2025-06,42.20019202863076,19,11,0,0,0,0,0
REP009,DOC011,MOL03,2025-06,42.20019202863076,19,11,0,0,0,0,1
REP002,DOC011,MOL03,2025-06,42.20019202863076,19,11,0,0,0,0,0
REP006,DOC011,MOL03,2025-06,42.20019202863076,19,11,0,0,0,0,1
REP004,DOC011,MOL03,2025-06,42.20019202863076,19,11,0,0,0,0,1
REP007,DOC003,MOL03,2025-06,41.08933688119401,20,0,0,0,0,0,1
REP010,DOC003,MOL03,2025-06,41.08933688119401,20,0,0,0,0,0,0
REP005,DOC003,MOL03,2025-06,41.08933688119401,20,0,0,0,0,0,1
REP003,DOC003,MOL03,2025-06,41.08933688119401,20,0,0,0,0,0,1
REP002,DOC003,MOL03,2025-06,41.08933688119401,20,0,0,0,0,0,0
REP004,DOC003,MOL03,2025-06,41.08933688119401,20,0,0,0,0,0,1
REP006,DOC003,MOL03,2025-06,41.08933688119401,20,0,0,0,0,0,1
REP005,DOC026,MOL03,2025-06,41.08933688119401,20,10,0,0,0,0,1
REP001,DOC026,MOL03,2025-06,41.08933688119401,20,10,0,0,0,0,1
REP006,DOC026,MOL03,2025-06,41.08933688119401,20,10,0,0,0,0,1
REP009,DOC026,MOL03,2025-06,41.08933688119401,20,10,0,0,0,0,1
REP003,DOC026,MOL03,2025-06,41.08933688119401,20,10,0,0,0,0,1
REP004,DOC026,MOL03,2025-06,41.08933688119401,20,10,0,0,0,0,1
REP007,DOC026,MOL03,2025-06,41.08933688119401,20,10,0,0,0,0,1
REP008,DOC026,MOL03,2025-06,41.08933688119401,20,10,0,0,0,0,0
REP007,DOC012,MOL03,2025-06,40.984887737859424,22,13,0,0,0,0,1
REP001,DOC012,MOL03,2025-06,40.984887737859424,22,13,0,0,0,0,1
REP007,DOC037,MOL03,2025-06,39.19380319483276,23,10,0,0,0,0,1
REP003,DOC037,MOL03,2025-06,39.19380319483276,23,10,0,0,0,0,1
REP006,DOC037,MOL03,2025-06,39.19380319483276,23,10,0,0,0,0,1
REP002,DOC037,MOL03,2025-06,39.19380319483276,23,10,0,0,0,0,0
REP005,DOC037,MOL03,2025-06,39.19380319483276,23,10,0,0,0,0,1
REP009,DOC037,MOL03,2025-06,39.19380319483276,23,10,0,0,0,0,1
REP004,DOC006,MOL03,2025-06,39.14980303749686,24,1,0,0,0,0,1
REP008,DOC006,MOL03,2025-06,39.14980303749686,24,1,0,0,0,0,0
REP010,DOC006,MOL03,2025-06,39.14980303749686,24,1,0,0,0,0,0
REP008,DOC005,MOL03,2025-06,38.95994706201505,25,13,0,0,0,0,0
REP004,DOC005,MOL03,2025-06,38.95994706201505,25,13,0,0,0,0,1
REP002,DOC005,MOL03,2025-06,38.95994706201505,25,13,0,0,0,0,0
REP007,DOC005,MOL03,2025-06,38.95994706201505,25,13,0,0,0,0,1
REP003,DOC005,MOL03,2025-06,38.95994706201505,25,13,0,0,0,0,1
REP005,DOC005,MOL03,2025-06,38.95994706201505,25,13,0,0,0,0,1
REP006,DOC005,MOL03,2025-06,38.95994706201505,25,13,0,0,0,0,1
REP010,DOC036,MOL03,2025-06,38.48674932441972,26,4,0,0,0,0,0
REP009,DOC036,MOL03,2025-06,38.48674932441972,26,4,0,0,0,0,1
REP007,DOC036,MOL03,2025-06,38.48674932441972,26,4,0,0,0,0,1
REP005,DOC036,MOL03,2025-06,38.48674932441972,26,4,0,0,0,0,1
REP001,DOC036,MOL03,2025-06,38.48674932441972,26,4,0,0,0,0,1
REP004,DOC036,MOL03,2025-06,38.48674932441972,26,4,0,0,0,0,1
REP006,DOC036,MOL03,2025-06,38.48674932441972,26,4,0,0,0,0,1
REP002,DOC036,MOL03,2025-06,38.48674932441972,26,4,0,0,0,0,0
REP010,DOC007,MOL03,2025-06,36.5147532519708,27,7,0,0,0,0,0
REP002,DOC007,MOL03,2025-06,36.5147532519708,27,7,0,0,0,0,0
REP009,DOC007,MOL03,2025-06,36.5147532519708,27,7,0,0,0,0,1
REP006,DOC007,MOL03,2025-06,36.5147532519708,27,7,0,0,0,0,1
REP004,DOC007,MOL03,2025-06,36.5147532519708,27,7,0,0,0,0,1
REP005,DOC007,MOL03,2025-06,36.5147532519708,27,7,0,0,0,0,1
REP003,DOC007,MOL03,2025-06,36.5147532519708,27,7,0,0,0,0,1
REP007,DOC020,MOL03,2025-06,26.549183812326543,28,9,0,0,0,0,1
REP008,DOC020,MOL03,2025-06,26.549183812326543,28,9,0,0,0,0,0
REP004,DOC020,MOL03,2025-06,26.549183812326543,28,9,0,0,0,0,1
REP006,DOC020,MOL03,2025-06,26.549183812326543,28,9,0,0,0,0,1
REP005,DOC020,MOL03,2025-06,26.549183812326543,28,9,0,0,0,0,1
REP007,DOC008,MOL03,2025-06,26.438528853728847,29,0,0,0,0,0,1
REP001,DOC008,MOL03,2025-06,26.438528853728847,29,0,0,0,0,0,1
REP009,DOC008,MOL03,2025-06,26.438528853728847,29,0,0,0,0,0,1
REP006,DOC008,MOL03,2025-06,26.438528853728847,29,0,0,0,0,0,1
REP005,DOC008,MOL03,2025-06,26.438528853728847,29,0,0,0,0,0,1
REP004,DOC008,MOL03,2025-06,26.438528853728847,29,0,0,0,0,0,1
REP003,DOC008,MOL03,2025-06,26.438528853728847,29,0,0,0,0,0,1
REP006,DOC009,MOL03,2025-06,24.300617010446064,30,44,0,0,0,0,1
REP001,DOC009,MOL03,2025-06,24.300617010446064,30,44,0,0,0,0,1
REP004,DOC009,MOL03,2025-06,24.300617010446064,30,44,0,0,0,0,1
REP002,DOC009,MOL03,2025-06,24.300617010446064,30,44,0,0,0,0,0
REP007,DOC009,MOL03,2025-06,24.300617010446064,30,44,0,0,0,0,1
REP002,DOC022,MOL03,2025-06,24.05421832776232,31,0,0,0,0,0,0
REP001,DOC022,MOL03,2025-06,24.05421832776232,31,0,0,0,0,0,1
REP006,DOC022,MOL03,2025-06,24.05421832776232,31,0,0,0,0,0,1
REP007,DOC022,MOL03,2025-06,24.05421832776232,31,0,0,0,0,0,1
REP004,DOC022,MOL03,2025-06,24.05421832776232,31,0,0,0,0,0,1
REP006,DOC010,MOL03,2025-06,15.53665905104649,32,0,0,0,0,0,1
REP005,DOC010,MOL03,2025-06,15.53665905104649,32,0,0,0,0,0,1
REP009,DOC010,MOL03,2025-06,15.53665905104649,32,0,0,0,0,0,1
REP003,DOC010,MOL03,2025-06,15.53665905104649,32,0,0,0,0,0,1
REP007,DOC010,MOL03,2025-06,15.53665905104649,32,0,0,0,0,0,1
REP001,DOC010,MOL03,2025-06,15.53665905104649,32,0,0,0,0,0,1
REP008,DOC010,MOL03,2025-06,15.53665905104649,32,0,0,0,0,0,0
REP003,DOC018,MOL03,2025-06,11.435611991887008,33,20,0,0,0,0,1
REP009,DOC018,MOL03,2025-06,11.435611991887008,33,20,0,0,0,0,1
REP005,DOC018,MOL03,2025-06,11.435611991887008,33,20,0,0,0,0,1
REP001,DOC018,MOL03,2025-06,11.435611991887008,33,20,0,0,0,0,1
REP010,DOC018,MOL03,2025-06,11.435611991887008,33,20,0,0,0,0,0
REP009,DOC040,MOL03,2025-06,10.026817033599151,34,18,0,0,1,0,1
REP001,DOC040,MOL03,2025-06,10.026817033599151,34,18,0,0,1,0,1
REP004,DOC040,MOL03,2025-06,10.026817033599151,34,18,0,0,1,0,1
REP008,DOC040,MOL03,2025-06,10.026817033599151,34,18,0,0,1,0,0
REP006,DOC040,MOL03,2025-06,10.026817033599151,34,18,0,0,1,0,1
REP003,DOC040,MOL03,2025-06,10.026817033599151,34,18,0,0,1,0,1
REP010,DOC040,MOL03,2025-06,10.026817033599151,34,18,0,0,1,0,0
REP005,DOC040,MOL03,2025-06,10.026817033599151,34,18,0,0,1,0,1
REP007,DOC040,MOL03,2025-06,10.026817033599151,34,18,0,0,1,0,1
REP009,DOC035,MOL03,2025-06,9.463954751906488,35,61,0,0,0,0,1
REP003,DOC035,MOL03,2025-06,9.463954751906488,35,61,0,0,0,0,1
REP008,DOC035,MOL03,2025-06,9.463954751906488,35,61,0,0,0,0,0
REP004,DOC035,MOL03,2025-06,9.463954751906488,35,61,0,0,0,0,1
REP006,DOC035,MOL03,2025-06,9.463954751906488,35,61,0,0,0,0,1
REP010,DOC035,MOL03,2025-06,9.463954751906488,35,61,0,0,0,0,0
REP002,DOC029,MOL03,2025-06,0.946395475190649,36,47,0,0,1,0,0
REP009,DOC029,MOL03,2025-06,0.946395475190649,36,47,0,0,1,0,1
REP003,DOC029,MOL03,2025-06,0.946395475190649,36,47,0,0,1,0,1
REP005,DOC029,MOL03,2025-06,0.946395475190649,36,47,0,0,1,0,1
REP008,DOC002,MOL03,2025-06,0.0,37,6,0,0,0,0,0
REP004,DOC002,MOL03,2025-06,0.0,37,6,0,0,0,0,1
REP005,DOC002,MOL03,2025-06,0.0,37,6,0,0,0,0,1
REP003,DOC002,MOL03,2025-06,0.0,37,6,0,0,0,0,1
REP007,DOC002,MOL03,2025-06,0.0,37,6,0,0,0,0,1
REP004,DOC004,MOL04,2025-01,100.0,1,40,1,0,0,1,1
REP002,DOC004,MOL04,2025-01,100.0,1,40,1,0,0,1,0
REP006,DOC004,MOL04,2025-01,100.0,1,40,1,0,0,1,1
REP008,DOC004,MOL04,2025-01,100.0,1,40,1,0,0,1,0
REP007,DOC004,MOL04,2025-01,100.0,1,40,1,0,0,1,1
REP004,DOC014,MOL04,2025-01,74.3738195594242,2,9,0,0,0,1,1
REP009,DOC014,MOL04,2025-01,74.3738195594242,2,9,0,0,0,1,1
REP001,DOC014,MOL04,2025-01,74.3738195594242,2,9,0,0,0,1,1
REP006,DOC014,MOL04,2025-01,74.3738195594242,2,9,0,0,0,1,1
REP003,DOC014,MOL04,2025-01,74.3738195594242,2,9,0,0,0,1,1
REP007,DOC008,MOL04,2025-01,46.63529411764706,3,0,0,0,0,0,1
REP001,DOC008,MOL04,2025-01,46.63529411764706,3,0,0,0,0,0,1
REP009,DOC008,MOL04,2025-01,46.63529411764706,3,0,0,0,0,0,1
REP006,DOC008,MOL04,2025-01,46.63529411764706,3,0,0,0,0,0,1
REP005,DOC008,MOL04,2025-01,46.63529411764706,3,0,0,0,0,0,1
REP004,DOC008,MOL04,2025-01,46.63529411764706,3,0,0,0,0,0,1
REP003,DOC008,MOL04,2025-01,46.63529411764706,3,0,0,0,0,0,1
REP007,DOC020,MOL04,2025-01,43.01134893577207,4,9,0,0,0,1,1
REP008,DOC020,MOL04,2025-01,43.01134893577207,4,9,0,0,0,1,0
REP004,DOC020,MOL04,2025-01,43.01134893577207,4,9,0,0,0,1,1
REP006,DOC020,MOL04,2025-01,43.01134893577207,4,9,0,0,0,1,1
REP005,DOC020,MOL04,2025-01,43.01134893577207,4,9,0,0,0,1,1
REP004,DOC031,MOL04,2025-01,41.976470588235294,5,6,0,0,0,0,1
REP003,DOC031,MOL04,2025-01,41.976470588235294,5,6,0,0,0,0,1
REP007,DOC031,MOL04,2025-01,41.976470588235294,5,6,0,0,0,0,1
REP010,DOC031,MOL04,2025-01,41.976470588235294,5,6,0,0,0,0,0
REP006,DOC031,MOL04,2025-01,41.976470588235294,5,6,0,0,0,0,1
REP005,DOC011,MOL04,2025-01,37.85570242147384,6,11,0,0,0,1,1
REP007,DOC011,MOL04,2025-01,37.85570242147384,6,11,0,0,0,1,1
REP001,DOC011,MOL04,2025-01,37.85570242147384,6,11,0,0,0,1,1
REP008,DOC011,MOL04,2025-01,37.85570242147384,6,11,0,0,0,1,0
REP009,DOC011,MOL04,2025-01,37.85570242147384,6,11,0,0,0,1,1
REP002,DOC011,MOL04,2025-01,37.85570242147384,6,11,0,0,0,1,0
REP006,DOC011,MOL04,2025-01,37.85570242147384,6,11,0,0,0,1,1
REP004,DOC011,MOL04,2025-01,37.85570242147384,6,11,0,0,0,1,1
REP009,DOC035,MOL04,2025-01,37.29450181043366,7,61,1,0,0,1,1
REP003,DOC035,MOL04,2025-01,37.29450181043366,7,61,1,0,0,1,1
REP008,DOC035,MOL04,2025-01,37.29450181043366,7,61,1,0,0,1,0
REP004,DOC035,MOL04,2025-01,37.29450181043366,7,61,1,0,0,1,1
REP006,DOC035,MOL04,2025-01,37.29450181043366,7,61,1,0,0,1,1
REP010,DOC035,MOL04,2025-01,37.29450181043366,7,61,1,0,0,1,0
REP007,DOC049,MOL04,2025-01,34.11495995519988,8,11,0,0,0,1,1
REP002,DOC049,MOL04,2025-01,34.11495995519988,8,11,0,0,0,1,0
REP006,DOC049,MOL04,2025-01,34.11495995519988,8,11,0,0,0,1,1
REP003,DOC049,MOL04,2025-01,34.11495995519988,8,11,0,0,0,1,1
REP004,DOC049,MOL04,2025-01,34.11495995519988,8,11,0,0,0,1,1
REP006,DOC027,MOL04,2025-01,32.95410921721189,9,1,0,0,0,0,1
REP009,DOC027,MOL04,2025-01,32.95410921721189,9,1,0,0,0,0,1
REP008,DOC027,MOL04,2025-01,32.95410921721189,9,1,0,0,0,0,0
REP007,DOC027,MOL04,2025-01,32.95410921721189,9,1,0,0,0,0,1
REP010,DOC027,MOL04,2025-01,32.95410921721189,9,1,0,0,0,0,0
REP005,DOC019,MOL04,2025-01,27.435294117647057,10,31,1,0,0,1,1
REP003,DOC019,MOL04,2025-01,27.435294117647057,10,31,1,0,0,1,1
REP009,DOC019,MOL04,2025-01,27.435294117647057,10,31,1,0,0,1,1
REP002,DOC019,MOL04,2025-01,27.435294117647057,10,31,1,0,0,1,0
REP001,DOC019,MOL04,2025-01,27.435294117647057,10,31,1,0,0,1,1
REP010,DOC019,MOL04,2025-01,27.435294117647057,10,31,1,0,0,1,0
REP004,DOC019,MOL04,2025-01,27.435294117647057,10,31,1,0,0,1,1
REP008,DOC019,MOL04,2025-01,27.435294117647057,10,31,1,0,0,1,0
REP009,DOC013,MOL04,2025-01,25.099467649603525,11,21,0,0,0,1,1
REP001,DOC013,MOL04,2025-01,25.099467649603525,11,21,0,0,0,1,1
REP004,DOC013,MOL04,2025-01,25.099467649603525,11,21,0,0,0,1,1
REP007,DOC013,MOL04,2025-01,25.099467649603525,11,21,0,0,0,1,1
REP008,DOC013,MOL04,2025-01,25.099467649603525,11,21,0,0,0,1,0
REP005,DOC013,MOL04,2025-01,25.099467649603525,11,21,0,0,0,1,1
REP002,DOC013,MOL04,2025-01,25.099467649603525,11,21,0,0,0,1,0
REP004,DOC017,MOL04,2025-01,23.73484683440166,12,11,0,0,0,1,1
REP005,DOC017,MOL04,2025-01,23.73484683440166,12,11,0,0,0,1,1
REP002,DOC017,MOL04,2025-01,23.73484683440166,12,11,0,0,0,1,0
REP001,DOC017,MOL04,2025-01,23.73484683440166,12,11,0,0,0,1,1
REP009,DOC017,MOL04,2025-01,23.73484683440166,12,11,0,0,0,1,1
REP006,DOC017,MOL04,2025-01,23.73484683440166,12,11,0,0,0,1,1
REP007,DOC017,MOL04,2025-01,23.73484683440166,12,11,0,0,0,1,1
REP008,DOC025,MOL04,2025-01,22.108865569663973,13,2,0,0,0,0,0
REP006,DOC025,MOL04,2025-01,22.108865569663973,13,2,0,0,0,0,1
REP002,DOC025,MOL04,2025-01,22.108865569663973,13,2,0,0,0,0,0
REP003,DOC025,MOL04,2025-01,22.108865569663973,13,2,0,0,0,0,1
REP007,DOC025,MOL04,2025-01,22.108865569663973,13,2,0,0,0,0,1
REP010,DOC025,MOL04,2025-01,22.108865569663973,13,2,0,0,0,0,0
REP009,DOC025,MOL04,2025-01,22.108865569663973,13,2,0,0,0,0,1
REP004,DOC025,MOL04,2025-01,22.108865569663973,13,2,0,0,0,0,1
REP001,DOC025,MOL04,2025-01,22.108865569663973,13,2,0,0,0,0,1
REP010,DOC001,MOL04,2025-01,20.363499374282863,14,12,0,0,0,1,0
REP002,DOC001,MOL04,2025-01,20.363499374282863,14,12,0,0,0,1,0
REP006,DOC001,MOL04,2025-01,20.363499374282863,14,12,0,0,0,1,1
REP007,DOC001,MOL04,2025-01,20.363499374282863,14,12,0,0,0,1,1
REP005,DOC001,MOL04,2025-01,20.363499374282863,14,12,0,0,0,1,1
REP008,DOC001,MOL04,2025-01,20.363499374282863,14,12,0,0,0,1,0
REP009,DOC040,MOL04,2025-01,19.243266573100843,15,18,0,0,0,1,1
REP001,DOC040,MOL04,2025-01,19.243266573100843,15,18,0,0,0,1,1
REP004,DOC040,MOL04,2025-01,19.243266573100843,15,18,0,0,0,1,1
REP008,DOC040,MOL04,2025-01,19.243266573100843,15,18,0,0,0,1,0
REP006,DOC040,MOL04,2025-01,19.243266573100843,15,18,0,0,0,1,1
REP003,DOC040,MOL04,2025-01,19.243266573100843,15,18,0,0,0,1,1
REP010,DOC040,MOL04,2025-01,19.243266573100843,15,18,0,0,0,1,0
REP005,DOC040,MOL04,2025-01,19.243266573100843,15,18,0,0,0,1,1
REP007,DOC040,MOL04,2025-01,19.243266573100843,15,18,0,0,0,1,1
REP006,DOC009,MOL04,2025-01,17.458823529411767,16,44,0,0,0,1,1
REP001,DOC009,MOL04,2025-01,17.458823529411767,16,44,0,0,0,1,1
REP004,DOC009,MOL04,2025-01,17.458823529411767,16,44,0,0,0,1,1
REP002,DOC009,MOL04,2025-01,17.458823529411767,16,44,0,0,0,1,0
REP007,DOC009,MOL04,2025-01,17.458823529411767,16,44,0,0,0,1,1
REP003,DOC018,MOL04,2025-01,16.812801543114965,17,20,0,0,0,1,1
REP009,DOC018,MOL04,2025-01,16.812801543114965,17,20,0,0,0,1,1
REP005,DOC018,MOL04,2025-01,16.812801543114965,17,20,0,0,0,1,1
REP001,DOC018,MOL04,2025-01,16.812801543114965,17,20,0,0,0,1,1
REP010,DOC018,MOL04,2025-01,16.812801543114965,17,20,0,0,0,1,0
REP001,DOC039,MOL04,2025-01,16.399172856442497,18,2,0,0,0,0,1
REP007,DOC039,MOL04,2025-01,16.399172856442497,18,2,0,0,0,0,1
REP005,DOC039,MOL04,2025-01,16.399172856442497,18,2,0,0,0,0,1
REP008,DOC039,MOL04,2025-01,16.399172856442497,18,2,0,0,0,0,0
REP010,DOC039,MOL04,2025-01,16.399172856442497,18,2,0,0,0,0,0
REP003,DOC039,MOL04,2025-01,16.399172856442497,18,2,0,0,0,0,1
REP004,DOC039,MOL04,2025-01,16.399172856442497,18,2,0,0,0,0,1
REP006,DOC010,MOL04,2025-01,16.370715092968677,19,0,0,0,0,0,1
REP005,DOC010,MOL04,2025-01,16.370715092968677,19,0,0,0,0,0,1
REP009,DOC010,MOL04,2025-01,16.370715092968677,19,0,0,0,0,0,1
REP003,DOC010,MOL04,2025-01,16.370715092968677,19,0,0,0,0,0,1
REP007,DOC010,MOL04,2025-01,16.370715092968677,19,0,0,0,0,0,1
REP001,DOC010,MOL04,2025-01,16.370715092968677,19,0,0,0,0,0,1
REP008,DOC010,MOL04,2025-01,16.370715092968677,19,0,0,0,0,0,0
REP008,DOC002,MOL04,2025-01,15.905370975522464,20,6,0,0,0,0,0
REP004,DOC002,MOL04,2025-01,15.905370975522464,20,6,0,0,0,0,1
REP005,DOC002,MOL04,2025-01,15.905370975522464,20,6,0,0,0,0,1
REP003,DOC002,MOL04,2025-01,15.905370975522464,20,6,0,0,0,0,1
REP007,DOC002,MOL04,2025-01,15.905370975522464,20,6,0,0,0,0,1
REP004,DOC047,MOL04,2025-01,14.692696744345575,21,11,0,0,0,1,1
REP003,DOC047,MOL04,2025-01,14.692696744345575,21,11,0,0,0,1,1
REP009,DOC047,MOL04,2025-01,14.692696744345575,21,11,0,0,0,1,1
REP001,DOC047,MOL04,2025-01,14.692696744345575,21,11,0,0,0,1,1
REP005,DOC047,MOL04,2025-01,14.692696744345575,21,11,0,0,0,1,1
REP008,DOC047,MOL04,2025-01,14.692696744345575,21,11,0,0,0,1,0
REP007,DOC047,MOL04,2025-01,14.692696744345575,21,11,0,0,0,1,1
REP006,DOC047,MOL04,2025-01,14.692696744345575,21,11,0,0,0,1,1
REP010,DOC047,MOL04,2025-01,14.692696744345575,21,11,0,0,0,1,0
REP001,DOC034,MOL04,2025-01,12.279711402082649,22,6,0,0,0,0,1
REP003,DOC034,MOL04,2025-01,12.279711402082649,22,6,0,0,0,0,1
REP009,DOC034,MOL04,2025-01,12.279711402082649,22,6,0,0,0,0,1
REP006,DOC034,MOL04,2025-01,12.279711402082649,22,6,0,0,0,0,1
REP007,DOC034,MOL04,2025-01,12.279711402082649,22,6,0,0,0,0,1
REP005,DOC034,MOL04,2025-01,12.279711402082649,22,6,0,0,0,0,1
REP002,DOC034,MOL04,2025-01,12.279711402082649,22,6,0,0,0,0,0
REP002,DOC022,MOL04,2025-01,12.02159202207447,23,0,0,0,0,0,0
REP001,DOC022,MOL04,2025-01,12.02159202207447,23,0,0,0,0,0,1
REP006,DOC022,MOL04,2025-01,12.02159202207447,23,0,0,0,0,0,1
REP007,DOC022,MOL04,2025-01,12.02159202207447,23,0,0,0,0,0,1
REP004,DOC022,MOL04,2025-01,12.02159202207447,23,0,0,0,0,0,1
REP009,DOC038,MOL04,2025-01,11.698182860480562,24,96,0,0,0,1,1
REP010,DOC038,MOL04,2025-01,11.698182860480562,24,96,0,0,0,1,0
REP004,DOC038,MOL04,2025-01,11.698182860480562,24,96,0,0,0,1,1
REP002,DOC038,MOL04,2025-01,11.698182860480562,24,96,0,0,0,1,0
REP006,DOC038,MOL04,2025-01,11.698182860480562,24,96,0,0,0,1,1
REP010,DOC050,MOL04,2025-01,11.233574399751364,25,23,0,0,0,1,0
REP007,DOC050,MOL04,2025-01,11.233574399751364,25,23,0,0,0,1,1
REP004,DOC050,MOL04,2025-01,11.233574399751364,25,23,0,0,0,1,1
REP009,DOC050,MOL04,2025-01,11.233574399751364,25,23,0,0,0,1,1
REP003,DOC050,MOL04,2025-01,11.233574399751364,25,23,0,0,0,1,1
REP006,DOC050,MOL04,2025-01,11.233574399751364,25,23,0,0,0,1,1
REP007,DOC003,MOL04,2025-01,8.705882352941178,26,0,0,0,0,0,1
REP010,DOC003,MOL04,2025-01,8.705882352941178,26,0,0,0,0,0,0
REP005,DOC003,MOL04,2025-01,8.705882352941178,26,0,0,0,0,0,1
REP003,DOC003,MOL04,2025-01,8.705882352941178,26,0,0,0,0,0,1
REP002,DOC003,MOL04,2025-01,8.705882352941178,26,0,0,0,0,0,0
REP004,DOC003,MOL04,2025-01,8.705882352941178,26,0,0,0,0,0,1
REP006,DOC003,MOL04,2025-01,8.705882352941178,26,0,0,0,0,0,1
REP005,DOC026,MOL04,2025-01,8.705882352941178,26,10,0,0,0,1,1
REP001,DOC026,MOL04,2025-01,8.705882352941178,26,10,0,0,0,1,1
REP006,DOC026,MOL04,2025-01,8.705882352941178,26,10,0,0,0,1,1
REP009,DOC026,MOL04,2025-01,8.705882352941178,26,10,0,0,0,1,1
REP003,DOC026,MOL04,2025-01,8.705882352941178,26,10,0,0,0,1,1
REP004,DOC026,MOL04,2025-01,8.705882352941178,26,10,0,0,0,1,1
REP007,DOC026,MOL04,2025-01,8.705882352941178,26,10,0,0,0,1,1
REP008,DOC026,MOL04,2025-01,8.705882352941178,26,10,0,0,0,1,0
REP010,DOC036,MOL04,2025-01,7.343705219596837,28,4,0,0,0,0,0
REP009,DOC036,MOL04,2025-01,7.343705219596837,28,4,0,0,0,0,1
REP007,DOC036,MOL04,2025-01,7.343705219596837,28,4,0,0,0,0,1
REP005,DOC036,MOL04,2025-01,7.343705219596837,28,4,0,0,0,0,1
REP001,DOC036,MOL04,2025-01,7.343705219596837,28,4,0,0,0,0,1
REP004,DOC036,MOL04,2025-01,7.343705219596837,28,4,0,0,0,0,1
REP006,DOC036,MOL04,2025-01,7.343705219596837,28,4,0,0,0,0,1
REP002,DOC036,MOL04,2025-01,7.343705219596837,28,4,0,0,0,0,0
REP002,DOC021,MOL04,2025-01,5.129411764705882,29,14,0,0,0,1,0
REP010,DOC021,MOL04,2025-01,5.129411764705882,29,14,0,0,0,1,0
REP009,DOC021,MOL04,2025-01,5.129411764705882,29,14,0,0,0,1,1
REP003,DOC021,MOL04,2025-01,5.129411764705882,29,14,0,0,0,1,1
REP006,DOC021,MOL04,2025-01,5.129411764705882,29,14,0,0,0,1,1
REP007,DOC021,MOL04,2025-01,5.129411764705882,29,14,0,0,0,1,1
REP004,DOC021,MOL04,2025-01,5.129411764705882,29,14,0,0,0,1,1
REP001,DOC021,MOL04,2025-01,5.129411764705882,29,14,0,0,0,1,1
REP002,DOC015,MOL04,2025-01,5.082352941176471,30,0,0,0,0,0,0
REP007,DOC015,MOL04,2025-01,5.082352941176471,30,0,0,0,0,0,1
REP001,DOC015,MOL04,2025-01,5.082352941176471,30,0,0,0,0,0,1
REP006,DOC015,MOL04,2025-01,5.082352941176471,30,0,0,0,0,0,1
REP003,DOC015,MOL04,2025-01,5.082352941176471,30,0,0,0,0,0,1
REP004,DOC006,MOL04,2025-01,3.717647058823529,31,1,0,0,0,0,1
REP008,DOC006,MOL04,2025-01,3.717647058823529,31,1,0,0,0,0,0
REP010,DOC006,MOL04,2025-01,3.717647058823529,31,1,0,0,0,0,0
REP002,DOC043,MOL04,2025-01,3.4352941176470595,32,24,0,0,0,1,0
REP008,DOC043,MOL04,2025-01,3.4352941176470595,32,24,0,0,0,1,0
REP001,DOC043,MOL04,2025-01,3.4352941176470595,32,24,0,0,0,1,1
REP005,DOC043,MOL04,2025-01,3.4352941176470595,32,24,0,0,0,1,1
REP004,DOC043,MOL04,2025-01,3.4352941176470595,32,24,0,0,0,1,1
REP010,DOC007,MOL04,2025-01,0.0,33,7,0,0,0,0,0
REP002,DOC007,MOL04,2025-01,0.0,33,7,0,0,0,0,0
REP009,DOC007,MOL04,2025-01,0.0,33,7,0,0,0,0,1
REP006,DOC007,MOL04,2025-01,0.0,33,7,0,0,0,0,1
REP004,DOC007,MOL04,2025-01,0.0,33,7,0,0,0,0,1
REP005,DOC007,MOL04,2025-01,0.0,33,7,0,0,0,0,1
REP003,DOC007,MOL04,2025-01,0.0,33,7,0,0,0,0,1
REP009,DOC013,MOL04,2025-02,100.0,1,21,0,0,0,0,1
REP001,DOC013,MOL04,2025-02,100.0,1,21,0,0,0,0,1
REP004,DOC013,MOL04,2025-02,100.0,1,21,0,0,0,0,1
REP007,DOC013,MOL04,2025-02,100.0,1,21,0,0,0,0,1
REP008,DOC013,MOL04,2025-02,100.0,1,21,0,0,0,0,0
REP005,DOC013,MOL04,2025-02,100.0,1,21,0,0,0,0,1
REP002,DOC013,MOL04,2025-02,100.0,1,21,0,0,0,0,0
REP009,DOC040,MOL04,2025-02,90.09014833086604,2,18,0,0,0,0,1
REP001,DOC040,MOL04,2025-02,90.09014833086604,2,18,0,0,0,0,1
REP004,DOC040,MOL04,2025-02,90.09014833086604,2,18,0,0,0,0,1
REP008,DOC040,MOL04,2025-02,90.09014833086604,2,18,0,0,0,0,0
REP006,DOC040,MOL04,2025-02,90.09014833086604,2,18,0,0,0,0,1
REP003,DOC040,MOL04,2025-02,90.09014833086604,2,18,0,0,0,0,1
REP010,DOC040,MOL04,2025-02,90.09014833086604,2,18,0,0,0,0,0
REP005,DOC040,MOL04,2025-02,90.09014833086604,2,18,0,0,0,0,1
REP007,DOC040,MOL04,2025-02,90.09014833086604,2,18,0,0,0,0,1
REP008,DOC044,MOL04,2025-02,71.41553376150421,3,26,0,0,0,1,0
REP005,DOC044,MOL04,2025-02,71.41553376150421,3,26,0,0,0,1,1
REP007,DOC044,MOL04,2025-02,71.41553376150421,3,26,0,0,0,1,1
REP010,DOC044,MOL04,2025-02,71.41553376150421,3,26,0,0,0,1,0
REP008,DOC023,MOL04,2025-02,69.48015344276425,4,8,0,0,0,1,0
REP007,DOC023,MOL04,2025-02,69.48015344276425,4,8,0,0,0,1,1
REP004,DOC023,MOL04,2025-02,69.48015344276425,4,8,0,0,0,1,1
REP006,DOC023,MOL04,2025-02,69.48015344276425,4,8,0,0,0,1,1
REP002,DOC023,MOL04,2025-02,69.48015344276425,4,8,0,0,0,1,0
REP010,DOC023,MOL04,2025-02,69.48015344276425,4,8,0,0,0,1,0
REP001,DOC039,MOL04,2025-02,67.86749856418558,5,2,0,0,0,0,1
REP007,DOC039,MOL04,2025-02,67.86749856418558,5,2,0,0,0,0,1
REP005,DOC039,MOL04,2025-02,67.86749856418558,5,2,0,0,0,0,1
REP008,DOC039,MOL04,2025-02,67.86749856418558,5,2,0,0,0,0,0
REP010,DOC039,MOL04,2025-02,67.86749856418558,5,2,0,0,0,0,0
REP003,DOC039,MOL04,2025-02,67.86749856418558,5,2,0,0,0,0,1
REP004,DOC039,MOL04,2025-02,67.86749856418558,5,2,0,0,0,0,1
REP008,DOC025,MOL04,2025-02,53.10202850883553,6,2,0,0,0,0,0
REP006,DOC025,MOL04,2025-02,53.10202850883553,6,2,0,0,0,0,1
REP002,DOC025,MOL04,2025-02,53.10202850883553,6,2,0,0,0,0,0
REP003,DOC025,MOL04,2025-02,53.10202850883553,6,2,0,0,0,0,1
REP007,DOC025,MOL04,2025-02,53.10202850883553,6,2,0,0,0,0,1
REP010,DOC025,MOL04,2025-02,53.10202850883553,6,2,0,0,0,0,0
REP009,DOC025,MOL04,2025-02,53.10202850883553,6,2,0,0,0,0,1
REP004,DOC025,MOL04,2025-02,53.10202850883553,6,2,0,0,0,0,1
REP001,DOC025,MOL04,2025-02,53.10202850883553,6,2,0,0,0,0,1
REP006,DOC027,MOL04,2025-02,51.26060507081329,7,1,0,0,0,0,1
REP009,DOC027,MOL04,2025-02,51.26060507081329,7,1,0,0,0,0,1
REP008,DOC027,MOL04,2025-02,51.26060507081329,7,1,0,0,0,0,0
REP007,DOC027,MOL04,2025-02,51.26060507081329,7,1,0,0,0,0,1
REP010,DOC027,MOL04,2025-02,51.26060507081329,7,1,0,0,0,0,0
REP009,DOC035,MOL04,2025-02,51.22121348206699,8,61,1,0,0,0,1
REP003,DOC035,MOL04,2025-02,51.22121348206699,8,61,1,0,0,0,1
REP008,DOC035,MOL04,2025-02,51.22121348206699,8,61,1,0,0,0,0
REP004,DOC035,MOL04,2025-02,51.22121348206699,8,61,1,0,0,0,1
REP006,DOC035,MOL04,2025-02,51.22121348206699,8,61,1,0,0,0,1
REP010,DOC035,MOL04,2025-02,51.22121348206699,8,61,1,0,0,0,0
REP010,DOC001,MOL04,2025-02,50.10534870363625,9,12,0,0,0,0,0
REP002,DOC001,MOL04,2025-02,50.10534870363625,9,12,0,0,0,0,0
REP006,DOC001,MOL04,2025-02,50.10534870363625,9,12,0,0,0,0,1
REP007,DOC001,MOL04,2025-02,50.10534870363625,9,12,0,0,0,0,1
REP005,DOC001,MOL04,2025-02,50.10534870363625,9,12,0,0,0,0,1
REP008,DOC001,MOL04,2025-02,50.10534870363625,9,12,0,0,0,0,0
REP001,DOC034,MOL04,2025-02,48.89271242455924,10,6,0,0,0,0,1
REP003,DOC034,MOL04,2025-02,48.89271242455924,10,6,0,0,0,0,1
REP009,DOC034,MOL04,2025-02,48.89271242455924,10,6,0,0,0,0,1
REP006,DOC034,MOL04,2025-02,48.89271242455924,10,6,0,0,0,0,1
REP007,DOC034,MOL04,2025-02,48.89271242455924,10,6,0,0,0,0,1
REP005,DOC034,MOL04,2025-02,48.89271242455924,10,6,0,0,0,0,1
REP002,DOC034,MOL04,2025-02,48.89271242455924,10,6,0,0,0,0,0
REP007,DOC020,MOL04,2025-02,48.32503216535623,11,9,0,0,0,0,1
REP008,DOC020,MOL04,2025-02,48.32503216535623,11,9,0,0,0,0,0
REP004,DOC020,MOL04,2025-02,48.32503216535623,11,9,0,0,0,0,1
REP006,DOC020,MOL04,2025-02,48.32503216535623,11,9,0,0,0,0,1
REP005,DOC020,MOL04,2025-02,48.32503216535623,11,9,0,0,0,0,1
REP008,DOC002,MOL04,2025-02,46.83400882166012,12,6,0,0,0,0,0
REP004,DOC002,MOL04,2025-02,46.83400882166012,12,6,0,0,0,0,1
REP005,DOC002,MOL04,2025-02,46.83400882166012,12,6,0,0,0,0,1
REP003,DOC002,MOL04,2025-02,46.83400882166012,12,6,0,0,0,0,1
REP007,DOC002,MOL04,2025-02,46.83400882166012,12,6,0,0,0,0,1
REP002,DOC022,MOL04,2025-02,45.66407981341841,13,0,0,0,0,0,0
REP001,DOC022,MOL04,2025-02,45.66407981341841,13,0,0,0,0,0,1
REP006,DOC022,MOL04,2025-02,45.66407981341841,13,0,0,0,0,0,1
REP007,DOC022,MOL04,2025-02,45.66407981341841,13,0,0,0,0,0,1
REP004,DOC022,MOL04,2025-02,45.66407981341841,13,0,0,0,0,0,1
REP009,DOC038,MOL04,2025-02,45.24357685787436,14,96,0,0,0,0,1
REP010,DOC038,MOL04,2025-02,45.24357685787436,14,96,0,0,0,0,0
REP004,DOC038,MOL04,2025-02,45.24357685787436,14,96,0,0,0,0,1
REP002,DOC038,MOL04,2025-02,45.24357685787436,14,96,0,0,0,0,0
REP006,DOC038,MOL04,2025-02,45.24357685787436,14,96,0,0,0,0,1
REP006,DOC009,MOL04,2025-02,39.28822047042101,15,44,0,0,0,0,1
REP001,DOC009,MOL04,2025-02,39.28822047042101,15,44,0,0,0,0,1
REP004,DOC009,MOL04,2025-02,39.28822047042101,15,44,0,0,0,0,1
REP002,DOC009,MOL04,2025-02,39.28822047042101,15,44,0,0,0,0,0
REP007,DOC009,MOL04,2025-02,39.28822047042101,15,44,0,0,0,0,1
REP004,DOC017,MOL04,2025-02,34.49507819941152,16,11,0,0,0,0,1
REP005,DOC017,MOL04,2025-02,34.49507819941152,16,11,0,0,0,0,1
REP002,DOC017,MOL04,2025-02,34.49507819941152,16,11,0,0,0,0,0
REP001,DOC017,MOL04,2025-02,34.49507819941152,16,11,0,0,0,0,1
REP009,DOC017,MOL04,2025-02,34.49507819941152,16,11,0,0,0,0,1
REP006,DOC017,MOL04,2025-02,34.49507819941152,16,11,0,0,0,0,1
REP007,DOC017,MOL04,2025-02,34.49507819941152,16,11,0,0,0,0,1
REP008,DOC005,MOL04,2025-02,32.32085132295718,17,13,0,0,0,1,0
REP004,DOC005,MOL04,2025-02,32.32085132295718,17,13,0,0,0,1,1
REP002,DOC005,MOL04,2025-02,32.32085132295718,17,13,0,0,0,1,0
REP007,DOC005,MOL04,2025-02,32.32085132295718,17,13,0,0,0,1,1
REP003,DOC005,MOL04,2025-02,32.32085132295718,17,13,0,0,0,1,1
REP005,DOC005,MOL04,2025-02,32.32085132295718,17,13,0,0,0,1,1
REP006,DOC005,MOL04,2025-02,32.32085132295718,17,13,0,0,0,1,1
REP003,DOC024,MOL04,2025-02,28.25655265360329,18,3,0,0,0,0,1
REP005,DOC024,MOL04,2025-02,28.25655265360329,18,3,0,0,0,0,1
REP006,DOC024,MOL04,2025-02,28.25655265360329,18,3,0,0,0,0,1
REP007,DOC024,MOL04,2025-02,28.25655265360329,18,3,0,0,0,0,1
REP008,DOC024,MOL04,2025-02,28.25655265360329,18,3,0,0,0,0,0
REP010,DOC024,MOL04,2025-02,28.25655265360329,18,3,0,0,0,0,0
REP001,DOC024,MOL04,2025-02,28.25655265360329,18,3,0,0,0,0,1
REP010,DOC036,MOL04,2025-02,28.157431949192,19,4,0,0,0,0,0
REP009,DOC036,MOL04,2025-02,28.157431949192,19,4,0,0,0,0,1
REP007,DOC036,MOL04,2025-02,28.157431949192,19,4,0,0,0,0,1
REP005,DOC036,MOL04,2025-02,28.157431949192,19,4,0,0,0,0,1
REP001,DOC036,MOL04,2025-02,28.157431949192,19,4,0,0,0,0,1
REP004,DOC036,MOL04,2025-02,28.157431949192,19,4,0,0,0,0,1
REP006,DOC036,MOL04,2025-02,28.157431949192,19,4,0,0,0,0,1
REP002,DOC036,MOL04,2025-02,28.157431949192,19,4,0,0,0,0,0
REP006,DOC010,MOL04,2025-02,23.78662665554192,20,0,0,0,0,0,1
REP005,DOC010,MOL04,2025-02,23.78662665554192,20,0,0,0,0,0,1
REP009,DOC010,MOL04,2025-02,23.78662665554192,20,0,0,0,0,0,1
REP003,DOC010,MOL04,2025-02,23.78662665554192,20,0,0,0,0,0,1
REP007,DOC010,MOL04,2025-02,23.78662665554192,20,0,0,0,0,0,1
REP001,DOC010,MOL04,2025-02,23.78662665554192,20,0,0,0,0,0,1
REP008,DOC010,MOL04,2025-02,23.78662665554192,20,0,0,0,0,0,0
REP007,DOC049,MOL04,2025-02,19.72201970312013,21,11,0,0,0,0,1
REP002,DOC049,MOL04,2025-02,19.72201970312013,21,11,0,0,0,0,0
REP006,DOC049,MOL04,2025-02,19.72201970312013,21,11,0,0,0,0,1
REP003,DOC049,MOL04,2025-02,19.72201970312013,21,11,0,0,0,0,1
REP004,DOC049,MOL04,2025-02,19.72201970312013,21,11,0,0,0,0,1
REP004,DOC031,MOL04,2025-02,17.418422868659565,22,6,0,0,0,0,1
REP003,DOC031,MOL04,2025-02,17.418422868659565,22,6,0,0,0,0,1
REP007,DOC031,MOL04,2025-02,17.418422868659565,22,6,0,0,0,0,1
REP010,DOC031,MOL04,2025-02,17.418422868659565,22,6,0,0,0,0,0
REP006,DOC031,MOL04,2025-02,17.418422868659565,22,6,0,0,0,0,1
REP003,DOC018,MOL04,2025-02,15.318958695234905,23,20,0,0,0,0,1
REP009,DOC018,MOL04,2025-02,15.318958695234905,23,20,0,0,0,0,1
REP005,DOC018,MOL04,2025-02,15.318958695234905,23,20,0,0,0,0,1
REP001,DOC018,MOL04,2025-02,15.318958695234905,23,20,0,0,0,0,1
REP010,DOC018,MOL04,2025-02,15.318958695234905,23,20,0,0,0,0,0
REP004,DOC004,MOL04,2025-02,12.967048135557675,24,40,0,0,0,0,1
REP002,DOC004,MOL04,2025-02,12.967048135557675,24,40,0,0,0,0,0
REP006,DOC004,MOL04,2025-02,12.967048135557675,24,40,0,0,0,0,1
REP008,DOC004,MOL04,2025-02,12.967048135557675,24,40,0,0,0,0,0
REP007,DOC004,MOL04,2025-02,12.967048135557675,24,40,0,0,0,0,1
REP005,DOC011,MOL04,2025-02,10.897336015249955,25,11,0,0,0,0,1
REP007,DOC011,MOL04,2025-02,10.897336015249955,25,11,0,0,0,0,1
REP001,DOC011,MOL04,2025-02,10.897336015249955,25,11,0,0,0,0,1
REP008,DOC011,MOL04,2025-02,10.897336015249955,25,11,0,0,0,0,0
REP009,DOC011,MOL04,2025-02,10.897336015249955,25,11,0,0,0,0,1
REP002,DOC011,MOL04,2025-02,10.897336015249955,25,11,0,0,0,0,0
REP006,DOC011,MOL04,2025-02,10.897336015249955,25,11,0,0,0,0,1
REP004,DOC011,MOL04,2025-02,10.897336015249955,25,11,0,0,0,0,1
REP004,DOC047,MOL04,2025-02,9.43259168790765,26,11,0,0,0,0,1
REP003,DOC047,MOL04,2025-02,9.43259168790765,26,11,0,0,0,0,1
REP009,DOC047,MOL04,2025-02,9.43259168790765,26,11,0,0,0,0,1
REP001,DOC047,MOL04,2025-02,9.43259168790765,26,11,0,0,0,0,1
REP005,DOC047,MOL04,2025-02,9.43259168790765,26,11,0,0,0,0,1
REP008,DOC047,MOL04,2025-02,9.43259168790765,26,11,0,0,0,0,0
REP007,DOC047,MOL04,2025-02,9.43259168790765,26,11,0,0,0,0,1
REP006,DOC047,MOL04,2025-02,9.43259168790765,26,11,0,0,0,0,1
REP010,DOC047,MOL04,2025-02,9.43259168790765,26,11,0,0,0,0,0
REP010,DOC050,MOL04,2025-02,7.529860206818848,27,23,0,0,0,0,0
REP007,DOC050,MOL04,2025-02,7.529860206818848,27,23,0,0,0,0,1
REP004,DOC050,MOL04,2025-02,7.529860206818848,27,23,0,0,0,0,1
REP009,DOC050,MOL04,2025-02,7.529860206818848,27,23,0,0,0,0,1
REP003,DOC050,MOL04,2025-02,7.529860206818848,27,23,0,0,0,0,1
REP006,DOC050,MOL04,2025-02,7.529860206818848,27,23,0,0,0,0,1
REP006,DOC032,MOL04,2025-02,6.193217019967847,28,14,0,0,0,1,1
REP005,DOC032,MOL04,2025-02,6.193217019967847,28,14,0,0,0,1,1
REP010,DOC032,MOL04,2025-02,6.193217019967847,28,14,0,0,0,1,0
REP002,DOC032,MOL04,2025-02,6.193217019967847,28,14,0,0,0,1,0
REP009,DOC032,MOL04,2025-02,6.193217019967847,28,14,0,0,0,1,1
REP001,DOC032,MOL04,2025-02,6.193217019967847,28,14,0,0,0,1,1
REP007,DOC032,MOL04,2025-02,6.193217019967847,28,14,0,0,0,1,1
REP004,DOC014,MOL04,2025-02,5.976210435056776,29,9,0,0,0,0,1
REP009,DOC014,MOL04,2025-02,5.976210435056776,29,9,0,0,0,0,1
REP001,DOC014,MOL04,2025-02,5.976210435056776,29,9,0,0,0,0,1
REP006,DOC014,MOL04,2025-02,5.976210435056776,29,9,0,0,0,0,1
REP003,DOC014,MOL04,2025-02,5.976210435056776,29,9,0,0,0,0,1
REP002,DOC015,MOL04,2025-02,1.5483042549919612,30,0,0,0,0,0,0
REP007,DOC015,MOL04,2025-02,1.5483042549919612,30,0,0,0,0,0,1
REP001,DOC015,MOL04,2025-02,1.5483042549919612,30,0,0,0,0,0,1
REP006,DOC015,MOL04,2025-02,1.5483042549919612,30,0,0,0,0,0,1
REP003,DOC015,MOL04,2025-02,1.5483042549919612,30,0,0,0,0,0,1
REP010,DOC007,MOL04,2025-02,1.419278900409298,31,7,0,0,0,0,0
REP002,DOC007,MOL04,2025-02,1.419278900409298,31,7,0,0,0,0,0
REP009,DOC007,MOL04,2025-02,1.419278900409298,31,7,0,0,0,0,1
REP006,DOC007,MOL04,2025-02,1.419278900409298,31,7,0,0,0,0,1
REP004,DOC007,MOL04,2025-02,1.419278900409298,31,7,0,0,0,0,1
REP005,DOC007,MOL04,2025-02,1.419278900409298,31,7,0,0,0,0,1
REP003,DOC007,MOL04,2025-02,1.419278900409298,31,7,0,0,0,0,1
REP005,DOC016,MOL04,2025-02,0.0,32,21,0,0,0,0,1
REP006,DOC016,MOL04,2025-02,0.0,32,21,0,0,0,0,1
REP009,DOC016,MOL04,2025-02,0.0,32,21,0,0,0,0,1
REP003,DOC016,MOL04,2025-02,0.0,32,21,0,0,0,0,1
REP001,DOC016,MOL04,2025-02,0.0,32,21,0,0,0,0,1
REP010,DOC016,MOL04,2025-02,0.0,32,21,0,0,0,0,0
REP004,DOC017,MOL04,2025-03,100.0,1,11,0,0,0,0,1
REP005,DOC017,MOL04,2025-03,100.0,1,11,0,0,0,0,1
REP002,DOC017,MOL04,2025-03,100.0,1,11,0,0,0,0,0
REP001,DOC017,MOL04,2025-03,100.0,1,11,0,0,0,0,1
REP009,DOC017,MOL04,2025-03,100.0,1,11,0,0,0,0,1
REP006,DOC017,MOL04,2025-03,100.0,1,11,0,0,0,0,1
REP007,DOC017,MOL04,2025-03,100.0,1,11,0,0,0,0,1
REP005,DOC028,MOL04,2025-03,90.58933527771332,2,72,1,0,0,1,1
REP006,DOC028,MOL04,2025-03,90.58933527771332,2,72,1,0,0,1,1
REP008,DOC028,MOL04,2025-03,90.58933527771332,2,72,1,0,0,1,0
REP003,DOC028,MOL04,2025-03,90.58933527771332,2,72,1,0,0,1,1
REP001,DOC028,MOL04,2025-03,90.58933527771332,2,72,1,0,0,1,1
REP007,DOC028,MOL04,2025-03,90.58933527771332,2,72,1,0,0,1,1
REP004,DOC006,MOL04,2025-03,88.45130026678827,3,1,0,0,0,0,1
REP008,DOC006,MOL04,2025-03,88.45130026678827,3,1,0,0,0,0,0
REP010,DOC006,MOL04,2025-03,88.45130026678827,3,1,0,0,0,0,0
REP002,DOC043,MOL04,2025-03,88.45130026678827,3,24,0,0,0,0,0
REP008,DOC043,MOL04,2025-03,88.45130026678827,3,24,0,0,0,0,0
REP001,DOC043,MOL04,2025-03,88.45130026678827,3,24,0,0,0,0,1
REP005,DOC043,MOL04,2025-03,88.45130026678827,3,24,0,0,0,0,1
REP004,DOC043,MOL04,2025-03,88.45130026678827,3,24,0,0,0,0,1
REP007,DOC020,MOL04,2025-03,85.79030799345952,5,9,0,0,0,0,1
REP008,DOC020,MOL04,2025-03,85.79030799345952,5,9,0,0,0,0,0
REP004,DOC020,MOL04,2025-03,85.79030799345952,5,9,0,0,0,0,1
REP006,DOC020,MOL04,2025-03,85.79030799345952,5,9,0,0,0,0,1
REP005,DOC020,MOL04,2025-03,85.79030799345952,5,9,0,0,0,0,1
REP006,DOC009,MOL04,2025-03,83.14580598041871,6,44,1,0,0,0,1
REP001,DOC009,MOL04,2025-03,83.14580598041871,6,44,1,0,0,0,1
REP004,DOC009,MOL04,2025-03,83.14580598041871,6,44,1,0,0,0,1
REP002,DOC009,MOL04,2025-03,83.14580598041871,6,44,1,0,0,0,0
REP007,DOC009,MOL04,2025-03,83.14580598041871,6,44,1,0,0,0,1
REP009,DOC042,MOL04,2025-03,82.27475467967146,7,5,0,0,0,0,1
REP002,DOC042,MOL04,2025-03,82.27475467967146,7,5,0,0,0,0,0
REP001,DOC042,MOL04,2025-03,82.27475467967146,7,5,0,0,0,0,1
REP007,DOC042,MOL04,2025-03,82.27475467967146,7,5,0,0,0,0,1
REP006,DOC042,MOL04,2025-03,82.27475467967146,7,5,0,0,0,0,1
REP008,DOC002,MOL04,2025-03,79.08461176246927,8,6,0,0,0,0,0
REP004,DOC002,MOL04,2025-03,79.08461176246927,8,6,0,0,0,0,1
REP005,DOC002,MOL04,2025-03,79.08461176246927,8,6,0,0,0,0,1
REP003,DOC002,MOL04,2025-03,79.08461176246927,8,6,0,0,0,0,1
REP007,DOC002,MOL04,2025-03,79.08461176246927,8,6,0,0,0,0,1
REP003,DOC018,MOL04,2025-03,78.43253114714837,9,20,0,0,0,0,1
REP009,DOC018,MOL04,2025-03,78.43253114714837,9,20,0,0,0,0,1
REP005,DOC018,MOL04,2025-03,78.43253114714837,9,20,0,0,0,0,1
REP001,DOC018,MOL04,2025-03,78.43253114714837,9,20,0,0,0,0,1
REP010,DOC018,MOL04,2025-03,78.43253114714837,9,20,0,0,0,0,0
REP001,DOC034,MOL04,2025-03,73.32828933544091,10,6,0,0,0,0,1
REP003,DOC034,MOL04,2025-03,73.32828933544091,10,6,0,0,0,0,1
REP009,DOC034,MOL04,2025-03,73.32828933544091,10,6,0,0,0,0,1
REP006,DOC034,MOL04,2025-03,73.32828933544091,10,6,0,0,0,0,1
REP007,DOC034,MOL04,2025-03,73.32828933544091,10,6,0,0,0,0,1
REP005,DOC034,MOL04,2025-03,73.32828933544091,10,6,0,0,0,0,1
REP002,DOC034,MOL04,2025-03,73.32828933544091,10,6,0,0,0,0,0
REP007,DOC037,MOL04,2025-03,57.568572331204194,11,10,0,0,0,1,1
REP003,DOC037,MOL04,2025-03,57.568572331204194,11,10,0,0,0,1,1
REP006,DOC037,MOL04,2025-03,57.568572331204194,11,10,0,0,0,1,1
REP002,DOC037,MOL04,2025-03,57.568572331204194,11,10,0,0,0,1,0
REP005,DOC037,MOL04,2025-03,57.568572331204194,11,10,0,0,0,1,1
REP009,DOC037,MOL04,2025-03,57.568572331204194,11,10,0,0,0,1,1
REP010,DOC045,MOL04,2025-03,57.568572331204194,11,14,0,0,0,1,0
REP007,DOC045,MOL04,2025-03,57.568572331204194,11,14,0,0,0,1,1
REP009,DOC045,MOL04,2025-03,57.568572331204194,11,14,0,0,0,1,1
REP001,DOC045,MOL04,2025-03,57.568572331204194,11,14,0,0,0,1,1
REP004,DOC045,MOL04,2025-03,57.568572331204194,11,14,0,0,0,1,1
REP006,DOC045,MOL04,2025-03,57.568572331204194,11,14,0,0,0,1,1
REP005,DOC045,MOL04,2025-03,57.568572331204194,11,14,0,0,0,1,1
REP010,DOC050,MOL04,2025-03,54.8331314765728,13,23,0,0,0,0,0
REP007,DOC050,MOL04,2025-03,54.8331314765728,13,23,0,0,0,0,1
REP004,DOC050,MOL04,2025-03,54.8331314765728,13,23,0,0,0,0,1
REP009,DOC050,MOL04,2025-03,54.8331314765728,13,23,0,0,0,0,1
REP003,DOC050,MOL04,2025-03,54.8331314765728,13,23,0,0,0,0,1
REP006,DOC050,MOL04,2025-03,54.8331314765728,13,23,0,0,0,0,1
REP007,DOC049,MOL04,2025-03,54.43673857856035,14,11,0,0,0,0,1
REP002,DOC049,MOL04,2025-03,54.43673857856035,14,11,0,0,0,0,0
REP006,DOC049,MOL04,2025-03,54.43673857856035,14,11,0,0,0,0,1
REP003,DOC049,MOL04,2025-03,54.43673857856035,14,11,0,0,0,0,1
REP004,DOC049,MOL04,2025-03,54.43673857856035,14,11,0,0,0,0,1
REP004,DOC047,MOL04,2025-03,51.73725594834197,15,11,0,0,0,0,1
REP003,DOC047,MOL04,2025-03,51.73725594834197,15,11,0,0,0,0,1
REP009,DOC047,MOL04,2025-03,51.73725594834197,15,11,0,0,0,0,1
REP001,DOC047,MOL04,2025-03,51.73725594834197,15,11,0,0,0,0,1
REP005,DOC047,MOL04,2025-03,51.73725594834197,15,11,0,0,0,0,1
REP008,DOC047,MOL04,2025-03,51.73725594834197,15,11,0,0,0,0,0
REP007,DOC047,MOL04,2025-03,51.73725594834197,15,11,0,0,0,0,1
REP006,DOC047,MOL04,2025-03,51.73725594834197,15,11,0,0,0,0,1
REP010,DOC047,MOL04,2025-03,51.73725594834197,15,11,0,0,0,0,0
REP002,DOC022,MOL04,2025-03,47.95155297419748,16,0,0,0,0,0,0
REP001,DOC022,MOL04,2025-03,47.95155297419748,16,0,0,0,0,0,1
REP006,DOC022,MOL04,2025-03,47.95155297419748,16,0,0,0,0,0,1
REP007,DOC022,MOL04,2025-03,47.95155297419748,16,0,0,0,0,0,1
REP004,DOC022,MOL04,2025-03,47.95155297419748,16,0,0,0,0,0,1
REP004,DOC014,MOL04,2025-03,43.98998776490566,17,9,0,0,0,0,1
REP009,DOC014,MOL04,2025-03,43.98998776490566,17,9,0,0,0,0,1
REP001,DOC014,MOL04,2025-03,43.98998776490566,17,9,0,0,0,0,1
REP006,DOC014,MOL04,2025-03,43.98998776490566,17,9,0,0,0,0,1
REP003,DOC014,MOL04,2025-03,43.98998776490566,17,9,0,0,0,0,1
REP006,DOC010,MOL04,2025-03,42.99036452071682,18,0,0,0,0,0,1
REP005,DOC010,MOL04,2025-03,42.99036452071682,18,0,0,0,0,0,1
REP009,DOC010,MOL04,2025-03,42.99036452071682,18,0,0,0,0,0,1
REP003,DOC010,MOL04,2025-03,42.99036452071682,18,0,0,0,0,0,1
REP007,DOC010,MOL04,2025-03,42.99036452071682,18,0,0,0,0,0,1
REP001,DOC010,MOL04,2025-03,42.99036452071682,18,0,0,0,0,0,1
REP008,DOC010,MOL04,2025-03,42.99036452071682,18,0,0,0,0,0,0
REP009,DOC035,MOL04,2025-03,41.43386615115514,19,61,0,0,0,0,1
REP003,DOC035,MOL04,2025-03,41.43386615115514,19,61,0,0,0,0,1
REP008,DOC035,MOL04,2025-03,41.43386615115514,19,61,0,0,0,0,0
REP004,DOC035,MOL04,2025-03,41.43386615115514,19,61,0,0,0,0,1
REP006,DOC035,MOL04,2025-03,41.43386615115514,19,61,0,0,0,0,1
REP010,DOC035,MOL04,2025-03,41.43386615115514,19,61,0,0,0,0,0
REP008,DOC025,MOL04,2025-03,39.45535119612242,20,2,0,0,0,0,0
REP006,DOC025,MOL04,2025-03,39.45535119612242,20,2,0,0,0,0,1
REP002,DOC025,MOL04,2025-03,39.45535119612242,20,2,0,0,0,0,0
REP003,DOC025,MOL04,2025-03,39.45535119612242,20,2,0,0,0,0,1
REP007,DOC025,MOL04,2025-03,39.45535119612242,20,2,0,0,0,0,1
REP010,DOC025,MOL04,2025-03,39.45535119612242,20,2,0,0,0,0,0
REP009,DOC025,MOL04,2025-03,39.45535119612242,20,2,0,0,0,0,1
REP004,DOC025,MOL04,2025-03,39.45535119612242,20,2,0,0,0,0,1
REP001,DOC025,MOL04,2025-03,39.45535119612242,20,2,0,0,0,0,1
REP002,DOC021,MOL04,2025-03,39.03893556985373,21,14,0,0,0,0,0
REP010,DOC021,MOL04,2025-03,39.03893556985373,21,14,0,0,0,0,0
REP009,DOC021,MOL04,2025-03,39.03893556985373,21,14,0,0,0,0,1
REP003,DOC021,MOL04,2025-03,39.03893556985373,21,14,0,0,0,0,1
REP006,DOC021,MOL04,2025-03,39.03893556985373,21,14,0,0,0,0,1
REP007,DOC021,MOL04,2025-03,39.03893556985373,21,14,0,0,0,0,1
REP004,DOC021,MOL04,2025-03,39.03893556985373,21,14,0,0,0,0,1
REP001,DOC021,MOL04,2025-03,39.03893556985373,21,14,0,0,0,0,1
REP005,DOC011,MOL04,2025-03,38.3418630074244,22,11,0,0,0,0,1
REP007,DOC011,MOL04,2025-03,38.3418630074244,22,11,0,0,0,0,1
REP001,DOC011,MOL04,2025-03,38.3418630074244,22,11,0,0,0,0,1
REP008,DOC011,MOL04,2025-03,38.3418630074244,22,11,0,0,0,0,0
REP009,DOC011,MOL04,2025-03,38.3418630074244,22,11,0,0,0,0,1
REP002,DOC011,MOL04,2025-03,38.3418630074244,22,11,0,0,0,0,0
REP006,DOC011,MOL04,2025-03,38.3418630074244,22,11,0,0,0,0,1
REP004,DOC011,MOL04,2025-03,38.3418630074244,22,11,0,0,0,0,1
REP010,DOC007,MOL04,2025-03,33.099949428395256,23,7,0,0,0,0,0
REP002,DOC007,MOL04,2025-03,33.099949428395256,23,7,0,0,0,0,0
REP009,DOC007,MOL04,2025-03,33.099949428395256,23,7,0,0,0,0,1
REP006,DOC007,MOL04,2025-03,33.099949428395256,23,7,0,0,0,0,1
REP004,DOC007,MOL04,2025-03,33.099949428395256,23,7,0,0,0,0,1
REP005,DOC007,MOL04,2025-03,33.099949428395256,23,7,0,0,0,0,1
REP003,DOC007,MOL04,2025-03,33.099949428395256,23,7,0,0,0,0,1
REP009,DOC038,MOL04,2025-03,29.080676620619457,24,96,0,0,0,0,1
REP010,DOC038,MOL04,2025-03,29.080676620619457,24,96,0,0,0,0,0
REP004,DOC038,MOL04,2025-03,29.080676620619457,24,96,0,0,0,0,1
REP002,DOC038,MOL04,2025-03,29.080676620619457,24,96,0,0,0,0,0
REP006,DOC038,MOL04,2025-03,29.080676620619457,24,96,0,0,0,0,1
REP001,DOC039,MOL04,2025-03,24.068604270035525,25,2,0,0,0,0,1
REP007,DOC039,MOL04,2025-03,24.068604270035525,25,2,0,0,0,0,1
REP005,DOC039,MOL04,2025-03,24.068604270035525,25,2,0,0,0,0,1
REP008,DOC039,MOL04,2025-03,24.068604270035525,25,2,0,0,0,0,0
REP010,DOC039,MOL04,2025-03,24.068604270035525,25,2,0,0,0,0,0
REP003,DOC039,MOL04,2025-03,24.068604270035525,25,2,0,0,0,0,1
REP004,DOC039,MOL04,2025-03,24.068604270035525,25,2,0,0,0,0,1
REP010,DOC001,MOL04,2025-03,19.54425913508388,26,12,0,0,0,0,0
REP002,DOC001,MOL04,2025-03,19.54425913508388,26,12,0,0,0,0,0
REP006,DOC001,MOL04,2025-03,19.54425913508388,26,12,0,0,0,0,1
REP007,DOC001,MOL04,2025-03,19.54425913508388,26,12,0,0,0,0,1
REP005,DOC001,MOL04,2025-03,19.54425913508388,26,12,0,0,0,0,1
REP008,DOC001,MOL04,2025-03,19.54425913508388,26,12,0,0,0,0,0
REP005,DOC019,MOL04,2025-03,17.18346656928653,27,31,0,0,0,0,1
REP003,DOC019,MOL04,2025-03,17.18346656928653,27,31,0,0,0,0,1
REP009,DOC019,MOL04,2025-03,17.18346656928653,27,31,0,0,0,0,1
REP002,DOC019,MOL04,2025-03,17.18346656928653,27,31,0,0,0,0,0
REP001,DOC019,MOL04,2025-03,17.18346656928653,27,31,0,0,0,0,1
REP010,DOC019,MOL04,2025-03,17.18346656928653,27,31,0,0,0,0,0
REP004,DOC019,MOL04,2025-03,17.18346656928653,27,31,0,0,0,0,1
REP008,DOC019,MOL04,2025-03,17.18346656928653,27,31,0,0,0,0,0
REP009,DOC046,MOL04,2025-03,13.144955993094769,28,9,0,0,0,1,1
REP003,DOC046,MOL04,2025-03,13.144955993094769,28,9,0,0,0,1,1
REP005,DOC046,MOL04,2025-03,13.144955993094769,28,9,0,0,0,1,1
REP002,DOC046,MOL04,2025-03,13.144955993094769,28,9,0,0,0,1,0
REP001,DOC046,MOL04,2025-03,13.144955993094769,28,9,0,0,0,1,1
REP010,DOC046,MOL04,2025-03,13.144955993094769,28,9,0,0,0,1,0
REP010,DOC036,MOL04,2025-03,13.082763485621182,29,4,0,0,0,0,0
REP009,DOC036,MOL04,2025-03,13.082763485621182,29,4,0,0,0,0,1
REP007,DOC036,MOL04,2025-03,13.082763485621182,29,4,0,0,0,0,1
REP005,DOC036,MOL04,2025-03,13.082763485621182,29,4,0,0,0,0,1
REP001,DOC036,MOL04,2025-03,13.082763485621182,29,4,0,0,0,0,1
REP004,DOC036,MOL04,2025-03,13.082763485621182,29,4,0,0,0,0,1
REP006,DOC036,MOL04,2025-03,13.082763485621182,29,4,0,0,0,0,1
REP002,DOC036,MOL04,2025-03,13.082763485621182,29,4,0,0,0,0,0
REP008,DOC005,MOL04,2025-03,10.452615608966925,30,13,0,0,0,0,0
REP004,DOC005,MOL04,2025-03,10.452615608966925,30,13,0,0,0,0,1
REP002,DOC005,MOL04,2025-03,10.452615608966925,30,13,0,0,0,0,0
REP007,DOC005,MOL04,2025-03,10.452615608966925,30,13,0,0,0,0,1
REP003,DOC005,MOL04,2025-03,10.452615608966925,30,13,0,0,0,0,1
REP005,DOC005,MOL04,2025-03,10.452615608966925,30,13,0,0,0,0,1
REP006,DOC005,MOL04,2025-03,10.452615608966925,30,13,0,0,0,0,1
REP009,DOC040,MOL04,2025-03,9.213823826287545,31,18,0,0,0,0,1
REP001,DOC040,MOL04,2025-03,9.213823826287545,31,18,0,0,0,0,1
REP004,DOC040,MOL04,2025-03,9.213823826287545,31,18,0,0,0,0,1
REP008,DOC040,MOL04,2025-03,9.213823826287545,31,18,0,0,0,0,0
REP006,DOC040,MOL04,2025-03,9.213823826287545,31,18,0,0,0,0,1
REP003,DOC040,MOL04,2025-03,9.213823826287545,31,18,0,0,0,0,1
REP010,DOC040,MOL04,2025-03,9.213823826287545,31,18,0,0,0,0,0
REP005,DOC040,MOL04,2025-03,9.213823826287545,31,18,0,0,0,0,1
REP007,DOC040,MOL04,2025-03,9.213823826287545,31,18,0,0,0,0,1
REP006,DOC027,MOL04,2025-03,8.207289485654485,32,1,0,0,0,0,1
REP009,DOC027,MOL04,2025-03,8.207289485654485,32,1,0,0,0,0,1
REP008,DOC027,MOL04,2025-03,8.207289485654485,32,1,0,0,0,0,0
REP007,DOC027,MOL04,2025-03,8.207289485654485,32,1,0,0,0,0,1
REP010,DOC027,MOL04,2025-03,8.207289485654485,32,1,0,0,0,0,0
REP009,DOC013,MOL04,2025-03,5.508678197337959,33,21,0,0,0,0,1
REP001,DOC013,MOL04,2025-03,5.508678197337959,33,21,0,0,0,0,1
REP004,DOC013,MOL04,2025-03,5.508678197337959,33,21,0,0,0,0,1
REP007,DOC013,MOL04,2025-03,5.508678197337959,33,21,0,0,0,0,1
REP008,DOC013,MOL04,2025-03,5.508678197337959,33,21,0,0,0,0,0
REP005,DOC013,MOL04,2025-03,5.508678197337959,33,21,0,0,0,0,1
REP002,DOC013,MOL04,2025-03,5.508678197337959,33,21,0,0,0,0,0
REP008,DOC044,MOL04,2025-03,0.5543053732027905,34,26,0,0,0,0,0
REP005,DOC044,MOL04,2025-03,0.5543053732027905,34,26,0,0,0,0,1
REP007,DOC044,MOL04,2025-03,0.5543053732027905,34,26,0,0,0,0,1
REP010,DOC044,MOL04,2025-03,0.5543053732027905,34,26,0,0,0,0,0
REP007,DOC003,MOL04,2025-03,0.0,35,0,0,0,0,0,1
REP010,DOC003,MOL04,2025-03,0.0,35,0,0,0,0,0,0
REP005,DOC003,MOL04,2025-03,0.0,35,0,0,0,0,0,1
REP003,DOC003,MOL04,2025-03,0.0,35,0,0,0,0,0,1
REP002,DOC003,MOL04,2025-03,0.0,35,0,0,0,0,0,0
REP004,DOC003,MOL04,2025-03,0.0,35,0,0,0,0,0,1
REP006,DOC003,MOL04,2025-03,0.0,35,0,0,0,0,0,1
REP005,DOC026,MOL04,2025-03,0.0,35,10,0,0,0,0,1
REP001,DOC026,MOL04,2025-03,0.0,35,10,0,0,0,0,1
REP006,DOC026,MOL04,2025-03,0.0,35,10,0,0,0,0,1
REP009,DOC026,MOL04,2025-03,0.0,35,10,0,0,0,0,1
REP003,DOC026,MOL04,2025-03,0.0,35,10,0,0,0,0,1
REP004,DOC026,MOL04,2025-03,0.0,35,10,0,0,0,0,1
REP007,DOC026,MOL04,2025-03,0.0,35,10,0,0,0,0,1
REP008,DOC026,MOL04,2025-03,0.0,35,10,0,0,0,0,0
REP009,DOC040,MOL04,2025-04,100.0,1,18,0,0,0,0,1
REP001,DOC040,MOL04,2025-04,100.0,1,18,0,0,0,0,1
REP004,DOC040,MOL04,2025-04,100.0,1,18,0,0,0,0,1
REP008,DOC040,MOL04,2025-04,100.0,1,18,0,0,0,0,0
REP006,DOC040,MOL04,2025-04,100.0,1,18,0,0,0,0,1
REP003,DOC040,MOL04,2025-04,100.0,1,18,0,0,0,0,1
REP010,DOC040,MOL04,2025-04,100.0,1,18,0,0,0,0,0
REP005,DOC040,MOL04,2025-04,100.0,1,18,0,0,0,0,1
REP007,DOC040,MOL04,2025-04,100.0,1,18,0,0,0,0,1
REP006,DOC027,MOL04,2025-04,98.19911454048189,2,1,0,0,0,0,1
REP009,DOC027,MOL04,2025-04,98.19911454048189,2,1,0,0,0,0,1
REP008,DOC027,MOL04,2025-04,98.19911454048189,2,1,0,0,0,0,0
REP007,DOC027,MOL04,2025-04,98.19911454048189,2,1,0,0,0,0,1
REP010,DOC027,MOL04,2025-04,98.19911454048189,2,1,0,0,0,0,0
REP008,DOC023,MOL04,2025-04,81.0661325092397,3,8,0,0,0,0,0
REP007,DOC023,MOL04,2025-04,81.0661325092397,3,8,0,0,0,0,1
REP004,DOC023,MOL04,2025-04,81.0661325092397,3,8,0,0,0,0,1
REP006,DOC023,MOL04,2025-04,81.0661325092397,3,8,0,0,0,0,1
REP002,DOC023,MOL04,2025-04,81.0661325092397,3,8,0,0,0,0,0
REP010,DOC023,MOL04,2025-04,81.0661325092397,3,8,0,0,0,0,0
REP007,DOC020,MOL04,2025-04,68.99215567642871,4,9,0,0,0,0,1
REP008,DOC020,MOL04,2025-04,68.99215567642871,4,9,0,0,0,0,0
REP004,DOC020,MOL04,2025-04,68.99215567642871,4,9,0,0,0,0,1
REP006,DOC020,MOL04,2025-04,68.99215567642871,4,9,0,0,0,0,1
REP005,DOC020,MOL04,2025-04,68.99215567642871,4,9,0,0,0,0,1
REP005,DOC016,MOL04,2025-04,67.41608213350241,5,21,0,0,0,0,1
REP006,DOC016,MOL04,2025-04,67.41608213350241,5,21,0,0,0,0,1
REP009,DOC016,MOL04,2025-04,67.41608213350241,5,21,0,0,0,0,1
REP003,DOC016,MOL04,2025-04,67.41608213350241,5,21,0,0,0,0,1
REP001,DOC016,MOL04,2025-04,67.41608213350241,5,21,0,0,0,0,1
REP010,DOC016,MOL04,2025-04,67.41608213350241,5,21,0,0,0,0,0
REP002,DOC029,MOL04,2025-04,63.77606869997249,6,47,1,0,0,1,0
REP009,DOC029,MOL04,2025-04,63.77606869997249,6,47,1,0,0,1,1
REP003,DOC029,MOL04,2025-04,63.77606869997249,6,47,1,0,0,1,1
REP005,DOC029,MOL04,2025-04,63.77606869997249,6,47,1,0,0,1,1
REP007,DOC049,MOL04,2025-04,61.03097400744393,7,11,0,0,0,0,1
REP002,DOC049,MOL04,2025-04,61.03097400744393,7,11,0,0,0,0,0
REP006,DOC049,MOL04,2025-04,61.03097400744393,7,11,0,0,0,0,1
REP003,DOC049,MOL04,2025-04,61.03097400744393,7,11,0,0,0,0,1
REP004,DOC049,MOL04,2025-04,61.03097400744393,7,11,0,0,0,0,1
REP009,DOC035,MOL04,2025-04,59.96879301663191,8,61,1,0,0,0,1
REP003,DOC035,MOL04,2025-04,59.96879301663191,8,61,1,0,0,0,1
REP008,DOC035,MOL04,2025-04,59.96879301663191,8,61,1,0,0,0,0
REP004,DOC035,MOL04,2025-04,59.96879301663191,8,61,1,0,0,0,1
REP006,DOC035,MOL04,2025-04,59.96879301663191,8,61,1,0,0,0,1
REP010,DOC035,MOL04,2025-04,59.96879301663191,8,61,1,0,0,0,0
REP010,DOC001,MOL04,2025-04,58.62410107132513,9,12,0,0,0,0,0
REP002,DOC001,MOL04,2025-04,58.62410107132513,9,12,0,0,0,0,0
REP006,DOC001,MOL04,2025-04,58.62410107132513,9,12,0,0,0,0,1
REP007,DOC001,MOL04,2025-04,58.62410107132513,9,12,0,0,0,0,1
REP005,DOC001,MOL04,2025-04,58.62410107132513,9,12,0,0,0,0,1
REP008,DOC001,MOL04,2025-04,58.62410107132513,9,12,0,0,0,0,0
REP008,DOC002,MOL04,2025-04,52.16262834520329,10,6,0,0,0,0,0
REP004,DOC002,MOL04,2025-04,52.16262834520329,10,6,0,0,0,0,1
REP005,DOC002,MOL04,2025-04,52.16262834520329,10,6,0,0,0,0,1
REP003,DOC002,MOL04,2025-04,52.16262834520329,10,6,0,0,0,0,1
REP007,DOC002,MOL04,2025-04,52.16262834520329,10,6,0,0,0,0,1
REP007,DOC008,MOL04,2025-04,48.306011607470246,11,0,0,0,0,0,1
REP001,DOC008,MOL04,2025-04,48.306011607470246,11,0,0,0,0,0,1
REP009,DOC008,MOL04,2025-04,48.306011607470246,11,0,0,0,0,0,1
REP006,DOC008,MOL04,2025-04,48.306011607470246,11,0,0,0,0,0,1
REP005,DOC008,MOL04,2025-04,48.306011607470246,11,0,0,0,0,0,1
REP004,DOC008,MOL04,2025-04,48.306011607470246,11,0,0,0,0,0,1
REP003,DOC008,MOL04,2025-04,48.306011607470246,11,0,0,0,0,0,1
REP009,DOC013,MOL04,2025-04,43.31456203738664,12,21,0,0,0,0,1
REP001,DOC013,MOL04,2025-04,43.31456203738664,12,21,0,0,0,0,1
REP004,DOC013,MOL04,2025-04,43.31456203738664,12,21,0,0,0,0,1
REP007,DOC013,MOL04,2025-04,43.31456203738664,12,21,0,0,0,0,1
REP008,DOC013,MOL04,2025-04,43.31456203738664,12,21,0,0,0,0,0
REP005,DOC013,MOL04,2025-04,43.31456203738664,12,21,0,0,0,0,1
REP002,DOC013,MOL04,2025-04,43.31456203738664,12,21,0,0,0,0,0
REP004,DOC017,MOL04,2025-04,40.06855850069616,13,11,0,0,0,0,1
REP005,DOC017,MOL04,2025-04,40.06855850069616,13,11,0,0,0,0,1
REP002,DOC017,MOL04,2025-04,40.06855850069616,13,11,0,0,0,0,0
REP001,DOC017,MOL04,2025-04,40.06855850069616,13,11,0,0,0,0,1
REP009,DOC017,MOL04,2025-04,40.06855850069616,13,11,0,0,0,0,1
REP006,DOC017,MOL04,2025-04,40.06855850069616,13,11,0,0,0,0,1
REP007,DOC017,MOL04,2025-04,40.06855850069616,13,11,0,0,0,0,1
REP008,DOC005,MOL04,2025-04,39.20597802364539,14,13,0,0,0,0,0
REP004,DOC005,MOL04,2025-04,39.20597802364539,14,13,0,0,0,0,1
REP002,DOC005,MOL04,2025-04,39.20597802364539,14,13,0,0,0,0,0
REP007,DOC005,MOL04,2025-04,39.20597802364539,14,13,0,0,0,0,1
REP003,DOC005,MOL04,2025-04,39.20597802364539,14,13,0,0,0,0,1
REP005,DOC005,MOL04,2025-04,39.20597802364539,14,13,0,0,0,0,1
REP006,DOC005,MOL04,2025-04,39.20597802364539,14,13,0,0,0,0,1
REP004,DOC014,MOL04,2025-04,35.30168346599216,15,9,0,0,0,0,1
REP009,DOC014,MOL04,2025-04,35.30168346599216,15,9,0,0,0,0,1
REP001,DOC014,MOL04,2025-04,35.30168346599216,15,9,0,0,0,0,1
REP006,DOC014,MOL04,2025-04,35.30168346599216,15,9,0,0,0,0,1
REP003,DOC014,MOL04,2025-04,35.30168346599216,15,9,0,0,0,0,1
REP001,DOC034,MOL04,2025-04,32.645689932624535,16,6,0,0,0,0,1
REP003,DOC034,MOL04,2025-04,32.645689932624535,16,6,0,0,0,0,1
REP009,DOC034,MOL04,2025-04,32.645689932624535,16,6,0,0,0,0,1
REP006,DOC034,MOL04,2025-04,32.645689932624535,16,6,0,0,0,0,1
REP007,DOC034,MOL04,2025-04,32.645689932624535,16,6,0,0,0,0,1
REP005,DOC034,MOL04,2025-04,32.645689932624535,16,6,0,0,0,0,1
REP002,DOC034,MOL04,2025-04,32.645689932624535,16,6,0,0,0,0,0
REP007,DOC037,MOL04,2025-04,32.38095283577675,17,10,0,0,0,0,1
REP003,DOC037,MOL04,2025-04,32.38095283577675,17,10,0,0,0,0,1
REP006,DOC037,MOL04,2025-04,32.38095283577675,17,10,0,0,0,0,1
REP002,DOC037,MOL04,2025-04,32.38095283577675,17,10,0,0,0,0,0
REP005,DOC037,MOL04,2025-04,32.38095283577675,17,10,0,0,0,0,1
REP009,DOC037,MOL04,2025-04,32.38095283577675,17,10,0,0,0,0,1
REP010,DOC045,MOL04,2025-04,32.38095283577675,17,14,0,0,0,0,0
REP007,DOC045,MOL04,2025-04,32.38095283577675,17,14,0,0,0,0,1
REP009,DOC045,MOL04,2025-04,32.38095283577675,17,14,0,0,0,0,1
REP001,DOC045,MOL04,2025-04,32.38095283577675,17,14,0,0,0,0,1
REP004,DOC045,MOL04,2025-04,32.38095283577675,17,14,0,0,0,0,1
REP006,DOC045,MOL04,2025-04,32.38095283577675,17,14,0,0,0,0,1
REP005,DOC045,MOL04,2025-04,32.38095283577675,17,14,0,0,0,0,1
REP005,DOC011,MOL04,2025-04,27.989136581829182,19,11,0,0,0,0,1
REP007,DOC011,MOL04,2025-04,27.989136581829182,19,11,0,0,0,0,1
REP001,DOC011,MOL04,2025-04,27.989136581829182,19,11,0,0,0,0,1
REP008,DOC011,MOL04,2025-04,27.989136581829182,19,11,0,0,0,0,0
REP009,DOC011,MOL04,2025-04,27.989136581829182,19,11,0,0,0,0,1
REP002,DOC011,MOL04,2025-04,27.989136581829182,19,11,0,0,0,0,0
REP006,DOC011,MOL04,2025-04,27.989136581829182,19,11,0,0,0,0,1
REP004,DOC011,MOL04,2025-04,27.989136581829182,19,11,0,0,0,0,1
REP010,DOC050,MOL04,2025-04,26.45944443879522,20,23,0,0,0,0,0
REP007,DOC050,MOL04,2025-04,26.45944443879522,20,23,0,0,0,0,1
REP004,DOC050,MOL04,2025-04,26.45944443879522,20,23,0,0,0,0,1
REP009,DOC050,MOL04,2025-04,26.45944443879522,20,23,0,0,0,0,1
REP003,DOC050,MOL04,2025-04,26.45944443879522,20,23,0,0,0,0,1
REP006,DOC050,MOL04,2025-04,26.45944443879522,20,23,0,0,0,0,1
REP008,DOC025,MOL04,2025-04,21.65904895325866,21,2,0,0,0,0,0
REP006,DOC025,MOL04,2025-04,21.65904895325866,21,2,0,0,0,0,1
REP002,DOC025,MOL04,2025-04,21.65904895325866,21,2,0,0,0,0,0
REP003,DOC025,MOL04,2025-04,21.65904895325866,21,2,0,0,0,0,1
REP007,DOC025,MOL04,2025-04,21.65904895325866,21,2,0,0,0,0,1
REP010,DOC025,MOL04,2025-04,21.65904895325866,21,2,0,0,0,0,0
REP009,DOC025,MOL04,2025-04,21.65904895325866,21,2,0,0,0,0,1
REP004,DOC025,MOL04,2025-04,21.65904895325866,21,2,0,0,0,0,1
REP001,DOC025,MOL04,2025-04,21.65904895325866,21,2,0,0,0,0,1
REP006,DOC010,MOL04,2025-04,21.586714506059103,22,0,0,0,0,0,1
REP005,DOC010,MOL04,2025-04,21.586714506059103,22,0,0,0,0,0,1
REP009,DOC010,MOL04,2025-04,21.586714506059103,22,0,0,0,0,0,1
REP003,DOC010,MOL04,2025-04,21.586714506059103,22,0,0,0,0,0,1
REP007,DOC010,MOL04,2025-04,21.586714506059103,22,0,0,0,0,0,1
REP001,DOC010,MOL04,2025-04,21.586714506059103,22,0,0,0,0,0,1
REP008,DOC010,MOL04,2025-04,21.586714506059103,22,0,0,0,0,0,0
REP009,DOC038,MOL04,2025-04,20.19775425629871,23,96,0,0,1,0,1
REP010,DOC038,MOL04,2025-04,20.19775425629871,23,96,0,0,1,0,0
REP004,DOC038,MOL04,2025-04,20.19775425629871,23,96,0,0,1,0,1
REP002,DOC038,MOL04,2025-04,20.19775425629871,23,96,0,0,1,0,0
REP006,DOC038,MOL04,2025-04,20.19775425629871,23,96,0,0,1,0,1
REP001,DOC039,MOL04,2025-04,19.76942354597174,24,2,0,0,0,0,1
REP007,DOC039,MOL04,2025-04,19.76942354597174,24,2,0,0,0,0,1
REP005,DOC039,MOL04,2025-04,19.76942354597174,24,2,0,0,0,0,1
REP008,DOC039,MOL04,2025-04,19.76942354597174,24,2,0,0,0,0,0
REP010,DOC039,MOL04,2025-04,19.76942354597174,24,2,0,0,0,0,0
REP003,DOC039,MOL04,2025-04,19.76942354597174,24,2,0,0,0,0,1
REP004,DOC039,MOL04,2025-04,19.76942354597174,24,2,0,0,0,0,1
REP002,DOC022,MOL04,2025-04,19.391639946394765,25,0,0,0,0,0,0
REP001,DOC022,MOL04,2025-04,19.391639946394765,25,0,0,0,0,0,1
REP006,DOC022,MOL04,2025-04,19.391639946394765,25,0,0,0,0,0,1
REP007,DOC022,MOL04,2025-04,19.391639946394765,25,0,0,0,0,0,1
REP004,DOC022,MOL04,2025-04,19.391639946394765,25,0,0,0,0,0,1
REP004,DOC031,MOL04,2025-04,16.835062130075976,26,6,0,0,0,0,1
REP003,DOC031,MOL04,2025-04,16.835062130075976,26,6,0,0,0,0,1
REP007,DOC031,MOL04,2025-04,16.835062130075976,26,6,0,0,0,0,1
REP010,DOC031,MOL04,2025-04,16.835062130075976,26,6,0,0,0,0,0
REP006,DOC031,MOL04,2025-04,16.835062130075976,26,6,0,0,0,0,1
REP010,DOC036,MOL04,2025-04,14.100249509781625,27,4,0,0,0,0,0
REP009,DOC036,MOL04,2025-04,14.100249509781625,27,4,0,0,0,0,1
REP007,DOC036,MOL04,2025-04,14.100249509781625,27,4,0,0,0,0,1
REP005,DOC036,MOL04,2025-04,14.100249509781625,27,4,0,0,0,0,1
REP001,DOC036,MOL04,2025-04,14.100249509781625,27,4,0,0,0,0,1
REP004,DOC036,MOL04,2025-04,14.100249509781625,27,4,0,0,0,0,1
REP006,DOC036,MOL04,2025-04,14.100249509781625,27,4,0,0,0,0,1
REP002,DOC036,MOL04,2025-04,14.100249509781625,27,4,0,0,0,0,0
REP004,DOC047,MOL04,2025-04,9.636706915186275,28,11,0,0,0,0,1
REP003,DOC047,MOL04,2025-04,9.636706915186275,28,11,0,0,0,0,1
REP009,DOC047,MOL04,2025-04,9.636706915186275,28,11,0,0,0,0,1
REP001,DOC047,MOL04,2025-04,9.636706915186275,28,11,0,0,0,0,1
REP005,DOC047,MOL04,2025-04,9.636706915186275,28,11,0,0,0,0,1
REP008,DOC047,MOL04,2025-04,9.636706915186275,28,11,0,0,0,0,0
REP007,DOC047,MOL04,2025-04,9.636706915186275,28,11,0,0,0,0,1
REP006,DOC047,MOL04,2025-04,9.636706915186275,28,11,0,0,0,0,1
REP010,DOC047,MOL04,2025-04,9.636706915186275,28,11,0,0,0,0,0
REP003,DOC018,MOL04,2025-04,1.2033711339053703,29,20,0,0,0,0,1
REP009,DOC018,MOL04,2025-04,1.2033711339053703,29,20,0,0,0,0,1
REP005,DOC018,MOL04,2025-04,1.2033711339053703,29,20,0,0,0,0,1
REP001,DOC018,MOL04,2025-04,1.2033711339053703,29,20,0,0,0,0,1
REP010,DOC018,MOL04,2025-04,1.2033711339053703,29,20,0,0,0,0,0
REP008,DOC044,MOL04,2025-04,0.0,30,26,0,0,1,0,0
REP005,DOC044,MOL04,2025-04,0.0,30,26,0,0,1,0,1
REP007,DOC044,MOL04,2025-04,0.0,30,26,0,0,1,0,1
REP010,DOC044,MOL04,2025-04,0.0,30,26,0,0,1,0,0
REP009,DOC042,MOL04,2025-05,100.0,1,5,0,0,0,0,1
REP002,DOC042,MOL04,2025-05,100.0,1,5,0,0,0,0,0
REP001,DOC042,MOL04,2025-05,100.0,1,5,0,0,0,0,1
REP007,DOC042,MOL04,2025-05,100.0,1,5,0,0,0,0,1
REP006,DOC042,MOL04,2025-05,100.0,1,5,0,0,0,0,1
REP008,DOC002,MOL04,2025-05,81.55516166291468,2,6,0,0,0,0,0
REP004,DOC002,MOL04,2025-05,81.55516166291468,2,6,0,0,0,0,1
REP005,DOC002,MOL04,2025-05,81.55516166291468,2,6,0,0,0,0,1
REP003,DOC002,MOL04,2025-05,81.55516166291468,2,6,0,0,0,0,1
REP007,DOC002,MOL04,2025-05,81.55516166291468,2,6,0,0,0,0,1
REP002,DOC043,MOL04,2025-05,72.48211363877182,3,24,0,0,0,0,0
REP008,DOC043,MOL04,2025-05,72.48211363877182,3,24,0,0,0,0,0
REP001,DOC043,MOL04,2025-05,72.48211363877182,3,24,0,0,0,0,1
REP005,DOC043,MOL04,2025-05,72.48211363877182,3,24,0,0,0,0,1
REP004,DOC043,MOL04,2025-05,72.48211363877182,3,24,0,0,0,0,1
REP007,DOC049,MOL04,2025-05,47.298186181533545,4,11,0,0,0,0,1
REP002,DOC049,MOL04,2025-05,47.298186181533545,4,11,0,0,0,0,0
REP006,DOC049,MOL04,2025-05,47.298186181533545,4,11,0,0,0,0,1
REP003,DOC049,MOL04,2025-05,47.298186181533545,4,11,0,0,0,0,1
REP004,DOC049,MOL04,2025-05,47.298186181533545,4,11,0,0,0,0,1
REP002,DOC021,MOL04,2025-05,42.90038580045155,5,14,0,0,0,0,0
REP010,DOC021,MOL04,2025-05,42.90038580045155,5,14,0,0,0,0,0
REP009,DOC021,MOL04,2025-05,42.90038580045155,5,14,0,0,0,0,1
REP003,DOC021,MOL04,2025-05,42.90038580045155,5,14,0,0,0,0,1
REP006,DOC021,MOL04,2025-05,42.90038580045155,5,14,0,0,0,0,1
REP007,DOC021,MOL04,2025-05,42.90038580045155,5,14,0,0,0,0,1
REP004,DOC021,MOL04,2025-05,42.90038580045155,5,14,0,0,0,0,1
REP001,DOC021,MOL04,2025-05,42.90038580045155,5,14,0,0,0,0,1
REP007,DOC008,MOL04,2025-05,38.42872926675197,6,0,0,0,0,0,1
REP001,DOC008,MOL04,2025-05,38.42872926675197,6,0,0,0,0,0,1
REP009,DOC008,MOL04,2025-05,38.42872926675197,6,0,0,0,0,0,1
REP006,DOC008,MOL04,2025-05,38.42872926675197,6,0,0,0,0,0,1
REP005,DOC008,MOL04,2025-05,38.42872926675197,6,0,0,0,0,0,1
REP004,DOC008,MOL04,2025-05,38.42872926675197,6,0,0,0,0,0,1
REP003,DOC008,MOL04,2025-05,38.42872926675197,6,0,0,0,0,0,1
REP008,DOC023,MOL04,2025-05,35.3329670511138,7,8,0,0,0,0,0
REP007,DOC023,MOL04,2025-05,35.3329670511138,7,8,0,0,0,0,1
REP004,DOC023,MOL04,2025-05,35.3329670511138,7,8,0,0,0,0,1
REP006,DOC023,MOL04,2025-05,35.3329670511138,7,8,0,0,0,0,1
REP002,DOC023,MOL04,2025-05,35.3329670511138,7,8,0,0,0,0,0
REP010,DOC023,MOL04,2025-05,35.3329670511138,7,8,0,0,0,0,0
REP004,DOC017,MOL04,2025-05,34.77065281440727,8,11,0,0,0,0,1
REP005,DOC017,MOL04,2025-05,34.77065281440727,8,11,0,0,0,0,1
REP002,DOC017,MOL04,2025-05,34.77065281440727,8,11,0,0,0,0,0
REP001,DOC017,MOL04,2025-05,34.77065281440727,8,11,0,0,0,0,1
REP009,DOC017,MOL04,2025-05,34.77065281440727,8,11,0,0,0,0,1
REP006,DOC017,MOL04,2025-05,34.77065281440727,8,11,0,0,0,0,1
REP007,DOC017,MOL04,2025-05,34.77065281440727,8,11,0,0,0,0,1
REP008,DOC025,MOL04,2025-05,33.93901741941471,9,2,0,0,0,0,0
REP006,DOC025,MOL04,2025-05,33.93901741941471,9,2,0,0,0,0,1
REP002,DOC025,MOL04,2025-05,33.93901741941471,9,2,0,0,0,0,0
REP003,DOC025,MOL04,2025-05,33.93901741941471,9,2,0,0,0,0,1
REP007,DOC025,MOL04,2025-05,33.93901741941471,9,2,0,0,0,0,1
REP010,DOC025,MOL04,2025-05,33.93901741941471,9,2,0,0,0,0,0
REP009,DOC025,MOL04,2025-05,33.93901741941471,9,2,0,0,0,0,1
REP004,DOC025,MOL04,2025-05,33.93901741941471,9,2,0,0,0,0,1
REP001,DOC025,MOL04,2025-05,33.93901741941471,9,2,0,0,0,0,1
REP004,DOC047,MOL04,2025-05,33.1163469110142,10,11,0,0,0,0,1
REP003,DOC047,MOL04,2025-05,33.1163469110142,10,11,0,0,0,0,1
REP009,DOC047,MOL04,2025-05,33.1163469110142,10,11,0,0,0,0,1
REP001,DOC047,MOL04,2025-05,33.1163469110142,10,11,0,0,0,0,1
REP005,DOC047,MOL04,2025-05,33.1163469110142,10,11,0,0,0,0,1
REP008,DOC047,MOL04,2025-05,33.1163469110142,10,11,0,0,0,0,0
REP007,DOC047,MOL04,2025-05,33.1163469110142,10,11,0,0,0,0,1
REP006,DOC047,MOL04,2025-05,33.1163469110142,10,11,0,0,0,0,1
REP010,DOC047,MOL04,2025-05,33.1163469110142,10,11,0,0,0,0,0
REP010,DOC050,MOL04,2025-05,30.163191705966785,11,23,0,0,0,0,0
REP007,DOC050,MOL04,2025-05,30.163191705966785,11,23,0,0,0,0,1
REP004,DOC050,MOL04,2025-05,30.163191705966785,11,23,0,0,0,0,1
REP009,DOC050,MOL04,2025-05,30.163191705966785,11,23,0,0,0,0,1
REP003,DOC050,MOL04,2025-05,30.163191705966785,11,23,0,0,0,0,1
REP006,DOC050,MOL04,2025-05,30.163191705966785,11,23,0,0,0,0,1
REP009,DOC035,MOL04,2025-05,27.05196835999273,12,61,0,0,0,0,1
REP003,DOC035,MOL04,2025-05,27.05196835999273,12,61,0,0,0,0,1
REP008,DOC035,MOL04,2025-05,27.05196835999273,12,61,0,0,0,0,0
REP004,DOC035,MOL04,2025-05,27.05196835999273,12,61,0,0,0,0,1
REP006,DOC035,MOL04,2025-05,27.05196835999273,12,61,0,0,0,0,1
REP010,DOC035,MOL04,2025-05,27.05196835999273,12,61,0,0,0,0,0
REP010,DOC007,MOL04,2025-05,22.77793139880345,13,7,0,0,0,0,0
REP002,DOC007,MOL04,2025-05,22.77793139880345,13,7,0,0,0,0,0
REP009,DOC007,MOL04,2025-05,22.77793139880345,13,7,0,0,0,0,1
REP006,DOC007,MOL04,2025-05,22.77793139880345,13,7,0,0,0,0,1
REP004,DOC007,MOL04,2025-05,22.77793139880345,13,7,0,0,0,0,1
REP005,DOC007,MOL04,2025-05,22.77793139880345,13,7,0,0,0,0,1
REP003,DOC007,MOL04,2025-05,22.77793139880345,13,7,0,0,0,0,1
REP005,DOC028,MOL04,2025-05,21.832004055136235,14,72,0,0,0,0,1
REP006,DOC028,MOL04,2025-05,21.832004055136235,14,72,0,0,0,0,1
REP008,DOC028,MOL04,2025-05,21.832004055136235,14,72,0,0,0,0,0
REP003,DOC028,MOL04,2025-05,21.832004055136235,14,72,0,0,0,0,1
REP001,DOC028,MOL04,2025-05,21.832004055136235,14,72,0,0,0,0,1
REP007,DOC028,MOL04,2025-05,21.832004055136235,14,72,0,0,0,0,1
REP006,DOC027,MOL04,2025-05,21.15483620416017,15,1,0,0,0,0,1
REP009,DOC027,MOL04,2025-05,21.15483620416017,15,1,0,0,0,0,1
REP008,DOC027,MOL04,2025-05,21.15483620416017,15,1,0,0,0,0,0
REP007,DOC027,MOL04,2025-05,21.15483620416017,15,1,0,0,0,0,1
REP010,DOC027,MOL04,2025-05,21.15483620416017,15,1,0,0,0,0,0
REP009,DOC038,MOL04,2025-05,20.3836695421561,16,96,0,0,0,0,1
REP010,DOC038,MOL04,2025-05,20.3836695421561,16,96,0,0,0,0,0
REP004,DOC038,MOL04,2025-05,20.3836695421561,16,96,0,0,0,0,1
REP002,DOC038,MOL04,2025-05,20.3836695421561,16,96,0,0,0,0,0
REP006,DOC038,MOL04,2025-05,20.3836695421561,16,96,0,0,0,0,1
REP009,DOC013,MOL04,2025-05,20.134344400953488,17,21,0,0,0,0,1
REP001,DOC013,MOL04,2025-05,20.134344400953488,17,21,0,0,0,0,1
REP004,DOC013,MOL04,2025-05,20.134344400953488,17,21,0,0,0,0,1
REP007,DOC013,MOL04,2025-05,20.134344400953488,17,21,0,0,0,0,1
REP008,DOC013,MOL04,2025-05,20.134344400953488,17,21,0,0,0,0,0
REP005,DOC013,MOL04,2025-05,20.134344400953488,17,21,0,0,0,0,1
REP002,DOC013,MOL04,2025-05,20.134344400953488,17,21,0,0,0,0,0
REP010,DOC001,MOL04,2025-05,18.006275148216847,18,12,0,0,0,0,0
REP002,DOC001,MOL04,2025-05,18.006275148216847,18,12,0,0,0,0,0
REP006,DOC001,MOL04,2025-05,18.006275148216847,18,12,0,0,0,0,1
REP007,DOC001,MOL04,2025-05,18.006275148216847,18,12,0,0,0,0,1
REP005,DOC001,MOL04,2025-05,18.006275148216847,18,12,0,0,0,0,1
REP008,DOC001,MOL04,2025-05,18.006275148216847,18,12,0,0,0,0,0
REP010,DOC036,MOL04,2025-05,18.00093047924364,19,4,0,0,0,0,0
REP009,DOC036,MOL04,2025-05,18.00093047924364,19,4,0,0,0,0,1
REP007,DOC036,MOL04,2025-05,18.00093047924364,19,4,0,0,0,0,1
REP005,DOC036,MOL04,2025-05,18.00093047924364,19,4,0,0,0,0,1
REP001,DOC036,MOL04,2025-05,18.00093047924364,19,4,0,0,0,0,1
REP004,DOC036,MOL04,2025-05,18.00093047924364,19,4,0,0,0,0,1
REP006,DOC036,MOL04,2025-05,18.00093047924364,19,4,0,0,0,0,1
REP002,DOC036,MOL04,2025-05,18.00093047924364,19,4,0,0,0,0,0
REP007,DOC003,MOL04,2025-05,17.618327706073174,20,0,0,0,0,0,1
REP010,DOC003,MOL04,2025-05,17.618327706073174,20,0,0,0,0,0,0
REP005,DOC003,MOL04,2025-05,17.618327706073174,20,0,0,0,0,0,1
REP003,DOC003,MOL04,2025-05,17.618327706073174,20,0,0,0,0,0,1
REP002,DOC003,MOL04,2025-05,17.618327706073174,20,0,0,0,0,0,0
REP004,DOC003,MOL04,2025-05,17.618327706073174,20,0,0,0,0,0,1
REP006,DOC003,MOL04,2025-05,17.618327706073174,20,0,0,0,0,0,1
REP005,DOC026,MOL04,2025-05,17.618327706073174,20,10,0,0,0,0,1
REP001,DOC026,MOL04,2025-05,17.618327706073174,20,10,0,0,0,0,1
REP006,DOC026,MOL04,2025-05,17.618327706073174,20,10,0,0,0,0,1
REP009,DOC026,MOL04,2025-05,17.618327706073174,20,10,0,0,0,0,1
REP003,DOC026,MOL04,2025-05,17.618327706073174,20,10,0,0,0,0,1
REP004,DOC026,MOL04,2025-05,17.618327706073174,20,10,0,0,0,0,1
REP007,DOC026,MOL04,2025-05,17.618327706073174,20,10,0,0,0,0,1
REP008,DOC026,MOL04,2025-05,17.618327706073174,20,10,0,0,0,0,0
REP004,DOC014,MOL04,2025-05,17.523827899599727,22,9,0,0,0,0,1
REP009,DOC014,MOL04,2025-05,17.523827899599727,22,9,0,0,0,0,1
REP001,DOC014,MOL04,2025-05,17.523827899599727,22,9,0,0,0,0,1
REP006,DOC014,MOL04,2025-05,17.523827899599727,22,9,0,0,0,0,1
REP003,DOC014,MOL04,2025-05,17.523827899599727,22,9,0,0,0,0,1
REP007,DOC020,MOL04,2025-05,17.336993190201845,23,9,0,0,0,0,1
REP008,DOC020,MOL04,2025-05,17.336993190201845,23,9,0,0,0,0,0
REP004,DOC020,MOL04,2025-05,17.336993190201845,23,9,0,0,0,0,1
REP006,DOC020,MOL04,2025-05,17.336993190201845,23,9,0,0,0,0,1
REP005,DOC020,MOL04,2025-05,17.336993190201845,23,9,0,0,0,0,1
REP005,DOC011,MOL04,2025-05,16.794697004896324,24,11,0,0,0,0,1
REP007,DOC011,MOL04,2025-05,16.794697004896324,24,11,0,0,0,0,1
REP001,DOC011,MOL04,2025-05,16.794697004896324,24,11,0,0,0,0,1
REP008,DOC011,MOL04,2025-05,16.794697004896324,24,11,0,0,0,0,0
REP009,DOC011,MOL04,2025-05,16.794697004896324,24,11,0,0,0,0,1
REP002,DOC011,MOL04,2025-05,16.794697004896324,24,11,0,0,0,0,0
REP006,DOC011,MOL04,2025-05,16.794697004896324,24,11,0,0,0,0,1
REP004,DOC011,MOL04,2025-05,16.794697004896324,24,11,0,0,0,0,1
REP003,DOC018,MOL04,2025-05,15.79747983391692,25,20,0,0,0,0,1
REP009,DOC018,MOL04,2025-05,15.79747983391692,25,20,0,0,0,0,1
REP005,DOC018,MOL04,2025-05,15.79747983391692,25,20,0,0,0,0,1
REP001,DOC018,MOL04,2025-05,15.79747983391692,25,20,0,0,0,0,1
REP010,DOC018,MOL04,2025-05,15.79747983391692,25,20,0,0,0,0,0
REP008,DOC005,MOL04,2025-05,13.834618331404297,26,13,0,0,0,0,0
REP004,DOC005,MOL04,2025-05,13.834618331404297,26,13,0,0,0,0,1
REP002,DOC005,MOL04,2025-05,13.834618331404297,26,13,0,0,0,0,0
REP007,DOC005,MOL04,2025-05,13.834618331404297,26,13,0,0,0,0,1
REP003,DOC005,MOL04,2025-05,13.834618331404297,26,13,0,0,0,0,1
REP005,DOC005,MOL04,2025-05,13.834618331404297,26,13,0,0,0,0,1
REP006,DOC005,MOL04,2025-05,13.834618331404297,26,13,0,0,0,0,1
REP002,DOC015,MOL04,2025-05,12.802697592858236,27,0,0,0,0,0,0
REP007,DOC015,MOL04,2025-05,12.802697592858236,27,0,0,0,0,0,1
REP001,DOC015,MOL04,2025-05,12.802697592858236,27,0,0,0,0,0,1
REP006,DOC015,MOL04,2025-05,12.802697592858236,27,0,0,0,0,0,1
REP003,DOC015,MOL04,2025-05,12.802697592858236,27,0,0,0,0,0,1
REP001,DOC039,MOL04,2025-05,10.539861450392843,28,2,0,0,0,0,1
REP007,DOC039,MOL04,2025-05,10.539861450392843,28,2,0,0,0,0,1
REP005,DOC039,MOL04,2025-05,10.539861450392843,28,2,0,0,0,0,1
REP008,DOC039,MOL04,2025-05,10.539861450392843,28,2,0,0,0,0,0
REP010,DOC039,MOL04,2025-05,10.539861450392843,28,2,0,0,0,0,0
REP003,DOC039,MOL04,2025-05,10.539861450392843,28,2,0,0,0,0,1
REP004,DOC039,MOL04,2025-05,10.539861450392843,28,2,0,0,0,0,1
REP006,DOC010,MOL04,2025-05,8.82430067787187,29,0,0,0,0,0,1
REP005,DOC010,MOL04,2025-05,8.82430067787187,29,0,0,0,0,0,1
REP009,DOC010,MOL04,2025-05,8.82430067787187,29,0,0,0,0,0,1
REP003,DOC010,MOL04,2025-05,8.82430067787187,29,0,0,0,0,0,1
REP007,DOC010,MOL04,2025-05,8.82430067787187,29,0,0,0,0,0,1
REP001,DOC010,MOL04,2025-05,8.82430067787187,29,0,0,0,0,0,1
REP008,DOC010,MOL04,2025-05,8.82430067787187,29,0,0,0,0,0,0
REP009,DOC040,MOL04,2025-05,6.5269947757864015,30,18,0,0,0,0,1
REP001,DOC040,MOL04,2025-05,6.5269947757864015,30,18,0,0,0,0,1
REP004,DOC040,MOL04,2025-05,6.5269947757864015,30,18,0,0,0,0,1
REP008,DOC040,MOL04,2025-05,6.5269947757864015,30,18,0,0,0,0,0
REP006,DOC040,MOL04,2025-05,6.5269947757864015,30,18,0,0,0,0,1
REP003,DOC040,MOL04,2025-05,6.5269947757864015,30,18,0,0,0,0,1
REP010,DOC040,MOL04,2025-05,6.5269947757864015,30,18,0,0,0,0,0
REP005,DOC040,MOL04,2025-05,6.5269947757864015,30,18,0,0,0,0,1
REP007,DOC040,MOL04,2025-05,6.5269947757864015,30,18,0,0,0,0,1
REP004,DOC031,MOL04,2025-05,6.095212792308876,31,6,0,0,0,0,1
REP003,DOC031,MOL04,2025-05,6.095212792308876,31,6,0,0,0,0,1
REP007,DOC031,MOL04,2025-05,6.095212792308876,31,6,0,0,0,0,1
REP010,DOC031,MOL04,2025-05,6.095212792308876,31,6,0,0,0,0,0
REP006,DOC031,MOL04,2025-05,6.095212792308876,31,6,0,0,0,0,1
REP002,DOC022,MOL04,2025-05,5.929910686864957,32,0,0,0,0,0,0
REP001,DOC022,MOL04,2025-05,5.929910686864957,32,0,0,0,0,0,1
REP006,DOC022,MOL04,2025-05,5.929910686864957,32,0,0,0,0,0,1
REP007,DOC022,MOL04,2025-05,5.929910686864957,32,0,0,0,0,0,1
REP004,DOC022,MOL04,2025-05,5.929910686864957,32,0,0,0,0,0,1
REP009,DOC048,MOL04,2025-05,2.426161277478455,33,13,0,0,0,1,1
REP010,DOC048,MOL04,2025-05,2.426161277478455,33,13,0,0,0,1,0
REP004,DOC048,MOL04,2025-05,2.426161277478455,33,13,0,0,0,1,1
REP001,DOC048,MOL04,2025-05,2.426161277478455,33,13,0,0,0,1,1
REP002,DOC048,MOL04,2025-05,2.426161277478455,33,13,0,0,0,1,0
REP006,DOC048,MOL04,2025-05,2.426161277478455,33,13,0,0,0,1,1
REP003,DOC048,MOL04,2025-05,2.426161277478455,33,13,0,0,0,1,1
REP008,DOC048,MOL04,2025-05,2.426161277478455,33,13,0,0,0,1,0
REP001,DOC034,MOL04,2025-05,0.0,34,6,0,0,0,0,1
REP003,DOC034,MOL04,2025-05,0.0,34,6,0,0,0,0,1
REP009,DOC034,MOL04,2025-05,0.0,34,6,0,0,0,0,1
REP006,DOC034,MOL04,2025-05,0.0,34,6,0,0,0,0,1
REP007,DOC034,MOL04,2025-05,0.0,34,6,0,0,0,0,1
REP005,DOC034,MOL04,2025-05,0.0,34,6,0,0,0,0,1
REP002,DOC034,MOL04,2025-05,0.0,34,6,0,0,0,0,0
REP002,DOC022,MOL04,2025-06,100.0,1,0,0,0,0,0,0
REP001,DOC022,MOL04,2025-06,100.0,1,0,0,0,0,0,1
REP006,DOC022,MOL04,2025-06,100.0,1,0,0,0,0,0,1
REP007,DOC022,MOL04,2025-06,100.0,1,0,0,0,0,0,1
REP004,DOC022,MOL04,2025-06,100.0,1,0,0,0,0,0,1
REP006,DOC009,MOL04,2025-06,88.65017057154553,2,44,1,0,0,0,1
REP001,DOC009,MOL04,2025-06,88.65017057154553,2,44,1,0,0,0,1
REP004,DOC009,MOL04,2025-06,88.65017057154553,2,44,1,0,0,0,1
REP002,DOC009,MOL04,2025-06,88.65017057154553,2,44,1,0,0,0,0
REP007,DOC009,MOL04,2025-06,88.65017057154553,2,44,1,0,0,0,1
REP006,DOC010,MOL04,2025-06,83.67499041226992,3,0,0,0,0,0,1
REP005,DOC010,MOL04,2025-06,83.67499041226992,3,0,0,0,0,0,1
REP009,DOC010,MOL04,2025-06,83.67499041226992,3,0,0,0,0,0,1
REP003,DOC010,MOL04,2025-06,83.67499041226992,3,0,0,0,0,0,1
REP007,DOC010,MOL04,2025-06,83.67499041226992,3,0,0,0,0,0,1
REP001,DOC010,MOL04,2025-06,83.67499041226992,3,0,0,0,0,0,1
REP008,DOC010,MOL04,2025-06,83.67499041226992,3,0,0,0,0,0,0
REP010,DOC007,MOL04,2025-06,81.68013259049036,4,7,0,0,0,0,0
REP002,DOC007,MOL04,2025-06,81.68013259049036,4,7,0,0,0,0,0
REP009,DOC007,MOL04,2025-06,81.68013259049036,4,7,0,0,0,0,1
REP006,DOC007,MOL04,2025-06,81.68013259049036,4,7,0,0,0,0,1
REP004,DOC007,MOL04,2025-06,81.68013259049036,4,7,0,0,0,0,1
REP005,DOC007,MOL04,2025-06,81.68013259049036,4,7,0,0,0,0,1
REP003,DOC007,MOL04,2025-06,81.68013259049036,4,7,0,0,0,0,1
REP004,DOC031,MOL04,2025-06,80.95408696746378,5,6,0,0,0,0,1
REP003,DOC031,MOL04,2025-06,80.95408696746378,5,6,0,0,0,0,1
REP007,DOC031,MOL04,2025-06,80.95408696746378,5,6,0,0,0,0,1
REP010,DOC031,MOL04,2025-06,80.95408696746378,5,6,0,0,0,0,0
REP006,DOC031,MOL04,2025-06,80.95408696746378,5,6,0,0,0,0,1
REP001,DOC034,MOL04,2025-06,80.54067981595925,6,6,0,0,0,0,1
REP003,DOC034,MOL04,2025-06,80.54067981595925,6,6,0,0,0,0,1
REP009,DOC034,MOL04,2025-06,80.54067981595925,6,6,0,0,0,0,1
REP006,DOC034,MOL04,2025-06,80.54067981595925,6,6,0,0,0,0,1
REP007,DOC034,MOL04,2025-06,80.54067981595925,6,6,0,0,0,0,1
REP005,DOC034,MOL04,2025-06,80.54067981595925,6,6,0,0,0,0,1
REP002,DOC034,MOL04,2025-06,80.54067981595925,6,6,0,0,0,0,0
REP007,DOC003,MOL04,2025-06,67.30442925456406,7,0,0,0,0,0,1
REP010,DOC003,MOL04,2025-06,67.30442925456406,7,0,0,0,0,0,0
REP005,DOC003,MOL04,2025-06,67.30442925456406,7,0,0,0,0,0,1
REP003,DOC003,MOL04,2025-06,67.30442925456406,7,0,0,0,0,0,1
REP002,DOC003,MOL04,2025-06,67.30442925456406,7,0,0,0,0,0,0
REP004,DOC003,MOL04,2025-06,67.30442925456406,7,0,0,0,0,0,1
REP006,DOC003,MOL04,2025-06,67.30442925456406,7,0,0,0,0,0,1
REP005,DOC026,MOL04,2025-06,67.30442925456406,7,10,0,0,0,0,1
REP001,DOC026,MOL04,2025-06,67.30442925456406,7,10,0,0,0,0,1
REP006,DOC026,MOL04,2025-06,67.30442925456406,7,10,0,0,0,0,1
REP009,DOC026,MOL04,2025-06,67.30442925456406,7,10,0,0,0,0,1
REP003,DOC026,MOL04,2025-06,67.30442925456406,7,10,0,0,0,0,1
REP004,DOC026,MOL04,2025-06,67.30442925456406,7,10,0,0,0,0,1
REP007,DOC026,MOL04,2025-06,67.30442925456406,7,10,0,0,0,0,1
REP008,DOC026,MOL04,2025-06,67.30442925456406,7,10,0,0,0,0,0
REP001,DOC039,MOL04,2025-06,66.31790155189628,9,2,0,0,0,0,1
REP007,DOC039,MOL04,2025-06,66.31790155189628,9,2,0,0,0,0,1
REP005,DOC039,MOL04,2025-06,66.31790155189628,9,2,0,0,0,0,1
REP008,DOC039,MOL04,2025-06,66.31790155189628,9,2,0,0,0,0,0
REP010,DOC039,MOL04,2025-06,66.31790155189628,9,2,0,0,0,0,0
REP003,DOC039,MOL04,2025-06,66.31790155189628,9,2,0,0,0,0,1
REP004,DOC039,MOL04,2025-06,66.31790155189628,9,2,0,0,0,0,1
REP009,DOC046,MOL04,2025-06,65.99754713311621,10,9,0,0,0,0,1
REP003,DOC046,MOL04,2025-06,65.99754713311621,10,9,0,0,0,0,1
REP005,DOC046,MOL04,2025-06,65.99754713311621,10,9,0,0,0,0,1
REP002,DOC046,MOL04,2025-06,65.99754713311621,10,9,0,0,0,0,0
REP001,DOC046,MOL04,2025-06,65.99754713311621,10,9,0,0,0,0,1
REP010,DOC046,MOL04,2025-06,65.99754713311621,10,9,0,0,0,0,0
REP009,DOC048,MOL04,2025-06,61.64127339495673,11,13,0,0,0,0,1
REP010,DOC048,MOL04,2025-06,61.64127339495673,11,13,0,0,0,0,0
REP004,DOC048,MOL04,2025-06,61.64127339495673,11,13,0,0,0,0,1
REP001,DOC048,MOL04,2025-06,61.64127339495673,11,13,0,0,0,0,1
REP002,DOC048,MOL04,2025-06,61.64127339495673,11,13,0,0,0,0,0
REP006,DOC048,MOL04,2025-06,61.64127339495673,11,13,0,0,0,0,1
REP003,DOC048,MOL04,2025-06,61.64127339495673,11,13,0,0,0,0,1
REP008,DOC048,MOL04,2025-06,61.64127339495673,11,13,0,0,0,0,0
REP009,DOC013,MOL04,2025-06,57.70321323243882,12,21,0,0,0,0,1
REP001,DOC013,MOL04,2025-06,57.70321323243882,12,21,0,0,0,0,1
REP004,DOC013,MOL04,2025-06,57.70321323243882,12,21,0,0,0,0,1
REP007,DOC013,MOL04,2025-06,57.70321323243882,12,21,0,0,0,0,1
REP008,DOC013,MOL04,2025-06,57.70321323243882,12,21,0,0,0,0,0
REP005,DOC013,MOL04,2025-06,57.70321323243882,12,21,0,0,0,0,1
REP002,DOC013,MOL04,2025-06,57.70321323243882,12,21,0,0,0,0,0
REP009,DOC038,MOL04,2025-06,48.39085704726461,13,96,0,0,0,0,1
REP010,DOC038,MOL04,2025-06,48.39085704726461,13,96,0,0,0,0,0
REP004,DOC038,MOL04,2025-06,48.39085704726461,13,96,0,0,0,0,1
REP002,DOC038,MOL04,2025-06,48.39085704726461,13,96,0,0,0,0,0
REP006,DOC038,MOL04,2025-06,48.39085704726461,13,96,0,0,0,0,1
REP004,DOC047,MOL04,2025-06,46.92835692246772,14,11,0,0,0,0,1
REP003,DOC047,MOL04,2025-06,46.92835692246772,14,11,0,0,0,0,1
REP009,DOC047,MOL04,2025-06,46.92835692246772,14,11,0,0,0,0,1
REP001,DOC047,MOL04,2025-06,46.92835692246772,14,11,0,0,0,0,1
REP005,DOC047,MOL04,2025-06,46.92835692246772,14,11,0,0,0,0,1
REP008,DOC047,MOL04,2025-06,46.92835692246772,14,11,0,0,0,0,0
REP007,DOC047,MOL04,2025-06,46.92835692246772,14,11,0,0,0,0,1
REP006,DOC047,MOL04,2025-06,46.92835692246772,14,11,0,0,0,0,1
REP010,DOC047,MOL04,2025-06,46.92835692246772,14,11,0,0,0,0,0
REP009,DOC035,MOL04,2025-06,44.039977157770245,15,61,0,0,0,0,1
REP003,DOC035,MOL04,2025-06,44.039977157770245,15,61,0,0,0,0,1
REP008,DOC035,MOL04,2025-06,44.039977157770245,15,61,0,0,0,0,0
REP004,DOC035,MOL04,2025-06,44.039977157770245,15,61,0,0,0,0,1
REP006,DOC035,MOL04,2025-06,44.039977157770245,15,61,0,0,0,0,1
REP010,DOC035,MOL04,2025-06,44.039977157770245,15,61,0,0,0,0,0
REP008,DOC002,MOL04,2025-06,41.79609354318774,16,6,0,0,0,0,0
REP004,DOC002,MOL04,2025-06,41.79609354318774,16,6,0,0,0,0,1
REP005,DOC002,MOL04,2025-06,41.79609354318774,16,6,0,0,0,0,1
REP003,DOC002,MOL04,2025-06,41.79609354318774,16,6,0,0,0,0,1
REP007,DOC002,MOL04,2025-06,41.79609354318774,16,6,0,0,0,0,1
REP010,DOC001,MOL04,2025-06,39.40791803916688,17,12,0,0,0,0,0
REP002,DOC001,MOL04,2025-06,39.40791803916688,17,12,0,0,0,0,0
REP006,DOC001,MOL04,2025-06,39.40791803916688,17,12,0,0,0,0,1
REP007,DOC001,MOL04,2025-06,39.40791803916688,17,12,0,0,0,0,1
REP005,DOC001,MOL04,2025-06,39.40791803916688,17,12,0,0,0,0,1
REP008,DOC001,MOL04,2025-06,39.40791803916688,17,12,0,0,0,0,0
REP006,DOC027,MOL04,2025-06,37.32454351876059,18,1,0,0,0,0,1
REP009,DOC027,MOL04,2025-06,37.32454351876059,18,1,0,0,0,0,1
REP008,DOC027,MOL04,2025-06,37.32454351876059,18,1,0,0,0,0,0
REP007,DOC027,MOL04,2025-06,37.32454351876059,18,1,0,0,0,0,1
REP010,DOC027,MOL04,2025-06,37.32454351876059,18,1,0,0,0,0,0
REP003,DOC018,MOL04,2025-06,35.66974452825284,19,20,0,0,0,0,1
REP009,DOC018,MOL04,2025-06,35.66974452825284,19,20,0,0,0,0,1
REP005,DOC018,MOL04,2025-06,35.66974452825284,19,20,0,0,0,0,1
REP001,DOC018,MOL04,2025-06,35.66974452825284,19,20,0,0,0,0,1
REP010,DOC018,MOL04,2025-06,35.66974452825284,19,20,0,0,0,0,0
REP010,DOC050,MOL04,2025-06,34.43566056664669,20,23,0,0,0,0,0
REP007,DOC050,MOL04,2025-06,34.43566056664669,20,23,0,0,0,0,1
REP004,DOC050,MOL04,2025-06,34.43566056664669,20,23,0,0,0,0,1
REP009,DOC050,MOL04,2025-06,34.43566056664669,20,23,0,0,0,0,1
REP003,DOC050,MOL04,2025-06,34.43566056664669,20,23,0,0,0,0,1
REP006,DOC050,MOL04,2025-06,34.43566056664669,20,23,0,0,0,0,1
REP010,DOC036,MOL04,2025-06,34.38526676215835,21,4,0,0,0,0,0
REP009,DOC036,MOL04,2025-06,34.38526676215835,21,4,0,0,0,0,1
REP007,DOC036,MOL04,2025-06,34.38526676215835,21,4,0,0,0,0,1
REP005,DOC036,MOL04,2025-06,34.38526676215835,21,4,0,0,0,0,1
REP001,DOC036,MOL04,2025-06,34.38526676215835,21,4,0,0,0,0,1
REP004,DOC036,MOL04,2025-06,34.38526676215835,21,4,0,0,0,0,1
REP006,DOC036,MOL04,2025-06,34.38526676215835,21,4,0,0,0,0,1
REP002,DOC036,MOL04,2025-06,34.38526676215835,21,4,0,0,0,0,0
REP004,DOC014,MOL04,2025-06,34.12077214934142,22,9,0,0,0,0,1
REP009,DOC014,MOL04,2025-06,34.12077214934142,22,9,0,0,0,0,1
REP001,DOC014,MOL04,2025-06,34.12077214934142,22,9,0,0,0,0,1
REP006,DOC014,MOL04,2025-06,34.12077214934142,22,9,0,0,0,0,1
REP003,DOC014,MOL04,2025-06,34.12077214934142,22,9,0,0,0,0,1
REP007,DOC020,MOL04,2025-06,34.099887362826664,23,9,0,0,0,0,1
REP008,DOC020,MOL04,2025-06,34.099887362826664,23,9,0,0,0,0,0
REP004,DOC020,MOL04,2025-06,34.099887362826664,23,9,0,0,0,0,1
REP006,DOC020,MOL04,2025-06,34.099887362826664,23,9,0,0,0,0,1
REP005,DOC020,MOL04,2025-06,34.099887362826664,23,9,0,0,0,0,1
REP005,DOC011,MOL04,2025-06,32.88048195721075,24,11,0,0,0,0,1
REP007,DOC011,MOL04,2025-06,32.88048195721075,24,11,0,0,0,0,1
REP001,DOC011,MOL04,2025-06,32.88048195721075,24,11,0,0,0,0,1
REP008,DOC011,MOL04,2025-06,32.88048195721075,24,11,0,0,0,0,0
REP009,DOC011,MOL04,2025-06,32.88048195721075,24,11,0,0,0,0,1
REP002,DOC011,MOL04,2025-06,32.88048195721075,24,11,0,0,0,0,0
REP006,DOC011,MOL04,2025-06,32.88048195721075,24,11,0,0,0,0,1
REP004,DOC011,MOL04,2025-06,32.88048195721075,24,11,0,0,0,0,1
REP008,DOC025,MOL04,2025-06,32.16497223559877,25,2,0,0,0,0,0
REP006,DOC025,MOL04,2025-06,32.16497223559877,25,2,0,0,0,0,1
REP002,DOC025,MOL04,2025-06,32.16497223559877,25,2,0,0,0,0,0
REP003,DOC025,MOL04,2025-06,32.16497223559877,25,2,0,0,0,0,1
REP007,DOC025,MOL04,2025-06,32.16497223559877,25,2,0,0,0,0,1
REP010,DOC025,MOL04,2025-06,32.16497223559877,25,2,0,0,0,0,0
REP009,DOC025,MOL04,2025-06,32.16497223559877,25,2,0,0,0,0,1
REP004,DOC025,MOL04,2025-06,32.16497223559877,25,2,0,0,0,0,1
REP001,DOC025,MOL04,2025-06,32.16497223559877,25,2,0,0,0,0,1
REP002,DOC033,MOL04,2025-06,31.147357227840327,26,8,0,0,0,1,0
REP003,DOC033,MOL04,2025-06,31.147357227840327,26,8,0,0,0,1,1
REP009,DOC033,MOL04,2025-06,31.147357227840327,26,8,0,0,0,1,1
REP010,DOC033,MOL04,2025-06,31.147357227840327,26,8,0,0,0,1,0
REP007,DOC033,MOL04,2025-06,31.147357227840327,26,8,0,0,0,1,1
REP001,DOC033,MOL04,2025-06,31.147357227840327,26,8,0,0,0,1,1
REP007,DOC049,MOL04,2025-06,27.129319028996267,27,11,0,0,0,0,1
REP002,DOC049,MOL04,2025-06,27.129319028996267,27,11,0,0,0,0,0
REP006,DOC049,MOL04,2025-06,27.129319028996267,27,11,0,0,0,0,1
REP003,DOC049,MOL04,2025-06,27.129319028996267,27,11,0,0,0,0,1
REP004,DOC049,MOL04,2025-06,27.129319028996267,27,11,0,0,0,0,1
REP004,DOC017,MOL04,2025-06,27.10488314381763,28,11,0,0,0,0,1
REP005,DOC017,MOL04,2025-06,27.10488314381763,28,11,0,0,0,0,1
REP002,DOC017,MOL04,2025-06,27.10488314381763,28,11,0,0,0,0,0
REP001,DOC017,MOL04,2025-06,27.10488314381763,28,11,0,0,0,0,1
REP009,DOC017,MOL04,2025-06,27.10488314381763,28,11,0,0,0,0,1
REP006,DOC017,MOL04,2025-06,27.10488314381763,28,11,0,0,0,0,1
REP007,DOC017,MOL04,2025-06,27.10488314381763,28,11,0,0,0,0,1
REP009,DOC040,MOL04,2025-06,20.45244366171509,29,18,0,0,0,0,1
REP001,DOC040,MOL04,2025-06,20.45244366171509,29,18,0,0,0,0,1
REP004,DOC040,MOL04,2025-06,20.45244366171509,29,18,0,0,0,0,1
REP008,DOC040,MOL04,2025-06,20.45244366171509,29,18,0,0,0,0,0
REP006,DOC040,MOL04,2025-06,20.45244366171509,29,18,0,0,0,0,1
REP003,DOC040,MOL04,2025-06,20.45244366171509,29,18,0,0,0,0,1
REP010,DOC040,MOL04,2025-06,20.45244366171509,29,18,0,0,0,0,0
REP005,DOC040,MOL04,2025-06,20.45244366171509,29,18,0,0,0,0,1
REP007,DOC040,MOL04,2025-06,20.45244366171509,29,18,0,0,0,0,1
REP007,DOC008,MOL04,2025-06,12.63319384066251,30,0,0,0,0,0,1
REP001,DOC008,MOL04,2025-06,12.63319384066251,30,0,0,0,0,0,1
REP009,DOC008,MOL04,2025-06,12.63319384066251,30,0,0,0,0,0,1
REP006,DOC008,MOL04,2025-06,12.63319384066251,30,0,0,0,0,0,1
REP005,DOC008,MOL04,2025-06,12.63319384066251,30,0,0,0,0,0,1
REP004,DOC008,MOL04,2025-06,12.63319384066251,30,0,0,0,0,0,1
REP003,DOC008,MOL04,2025-06,12.63319384066251,30,0,0,0,0,0,1
REP009,DOC042,MOL04,2025-06,10.527661533885423,31,5,0,0,0,0,1
REP002,DOC042,MOL04,2025-06,10.527661533885423,31,5,0,0,0,0,0
REP001,DOC042,MOL04,2025-06,10.527661533885423,31,5,0,0,0,0,1
REP007,DOC042,MOL04,2025-06,10.527661533885423,31,5,0,0,0,0,1
REP006,DOC042,MOL04,2025-06,10.527661533885423,31,5,0,0,0,0,1
REP005,DOC016,MOL04,2025-06,7.405665354871125,32,21,0,0,0,0,1
REP006,DOC016,MOL04,2025-06,7.405665354871125,32,21,0,0,0,0,1
REP009,DOC016,MOL04,2025-06,7.405665354871125,32,21,0,0,0,0,1
REP003,DOC016,MOL04,2025-06,7.405665354871125,32,21,0,0,0,0,1
REP001,DOC016,MOL04,2025-06,7.405665354871125,32,21,0,0,0,0,1
REP010,DOC016,MOL04,2025-06,7.405665354871125,32,21,0,0,0,0,0
REP008,DOC044,MOL04,2025-06,5.663155859607332,33,26,0,0,0,0,0
REP005,DOC044,MOL04,2025-06,5.663155859607332,33,26,0,0,0,0,1
REP007,DOC044,MOL04,2025-06,5.663155859607332,33,26,0,0,0,0,1
REP010,DOC044,MOL04,2025-06,5.663155859607332,33,26,0,0,0,0,0
REP010,DOC045,MOL04,2025-06,0.8712547476318974,34,14,0,0,0,0,0
REP007,DOC045,MOL04,2025-06,0.8712547476318974,34,14,0,0,0,0,1
REP009,DOC045,MOL04,2025-06,0.8712547476318974,34,14,0,0,0,0,1
REP001,DOC045,MOL04,2025-06,0.8712547476318974,34,14,0,0,0,0,1
REP004,DOC045,MOL04,2025-06,0.8712547476318974,34,14,0,0,0,0,1
REP006,DOC045,MOL04,2025-06,0.8712547476318974,34,14,0,0,0,0,1
REP005,DOC045,MOL04,2025-06,0.8712547476318974,34,14,0,0,0,0,1
REP007,DOC037,MOL04,2025-06,0.0,35,10,0,0,0,0,1
REP003,DOC037,MOL04,2025-06,0.0,35,10,0,0,0,0,1
REP006,DOC037,MOL04,2025-06,0.0,35,10,0,0,0,0,1
REP002,DOC037,MOL04,2025-06,0.0,35,10,0,0,0,0,0
REP005,DOC037,MOL04,2025-06,0.0,35,10,0,0,0,0,1
REP009,DOC037,MOL04,2025-06,0.0,35,10,0,0,0,0,1
REP003,DOC024,MOL05,2025-01,100.0,1,3,0,0,0,0,1
REP005,DOC024,MOL05,2025-01,100.0,1,3,0,0,0,0,1
REP006,DOC024,MOL05,2025-01,100.0,1,3,0,0,0,0,1
REP007,DOC024,MOL05,2025-01,100.0,1,3,0,0,0,0,1
REP008,DOC024,MOL05,2025-01,100.0,1,3,0,0,0,0,0
REP010,DOC024,MOL05,2025-01,100.0,1,3,0,0,0,0,0
REP001,DOC024,MOL05,2025-01,100.0,1,3,0,0,0,0,1
REP004,DOC004,MOL05,2025-01,79.55484806878235,2,40,1,0,0,1,1
REP002,DOC004,MOL05,2025-01,79.55484806878235,2,40,1,0,0,1,0
REP006,DOC004,MOL05,2025-01,79.55484806878235,2,40,1,0,0,1,1
REP008,DOC004,MOL05,2025-01,79.55484806878235,2,40,1,0,0,1,0
REP007,DOC004,MOL05,2025-01,79.55484806878235,2,40,1,0,0,1,1
REP009,DOC046,MOL05,2025-01,74.42909383967255,3,9,0,0,0,1,1
REP003,DOC046,MOL05,2025-01,74.42909383967255,3,9,0,0,0,1,1
REP005,DOC046,MOL05,2025-01,74.42909383967255,3,9,0,0,0,1,1
REP002,DOC046,MOL05,2025-01,74.42909383967255,3,9,0,0,0,1,0
REP001,DOC046,MOL05,2025-01,74.42909383967255,3,9,0,0,0,1,1
REP010,DOC046,MOL05,2025-01,74.42909383967255,3,9,0,0,0,1,0
REP007,DOC008,MOL05,2025-01,62.58037780124568,4,0,0,0,0,0,1
REP001,DOC008,MOL05,2025-01,62.58037780124568,4,0,0,0,0,0,1
REP009,DOC008,MOL05,2025-01,62.58037780124568,4,0,0,0,0,0,1
REP006,DOC008,MOL05,2025-01,62.58037780124568,4,0,0,0,0,0,1
REP005,DOC008,MOL05,2025-01,62.58037780124568,4,0,0,0,0,0,1
REP004,DOC008,MOL05,2025-01,62.58037780124568,4,0,0,0,0,0,1
REP003,DOC008,MOL05,2025-01,62.58037780124568,4,0,0,0,0,0,1
REP005,DOC019,MOL05,2025-01,52.83771727092358,5,31,1,0,0,1,1
REP003,DOC019,MOL05,2025-01,52.83771727092358,5,31,1,0,0,1,1
REP009,DOC019,MOL05,2025-01,52.83771727092358,5,31,1,0,0,1,1
REP002,DOC019,MOL05,2025-01,52.83771727092358,5,31,1,0,0,1,0
REP001,DOC019,MOL05,2025-01,52.83771727092358,5,31,1,0,0,1,1
REP010,DOC019,MOL05,2025-01,52.83771727092358,5,31,1,0,0,1,0
REP004,DOC019,MOL05,2025-01,52.83771727092358,5,31,1,0,0,1,1
REP008,DOC019,MOL05,2025-01,52.83771727092358,5,31,1,0,0,1,0
REP006,DOC032,MOL05,2025-01,46.974165845502704,6,14,0,0,0,1,1
REP005,DOC032,MOL05,2025-01,46.974165845502704,6,14,0,0,0,1,1
REP010,DOC032,MOL05,2025-01,46.974165845502704,6,14,0,0,0,1,0
REP002,DOC032,MOL05,2025-01,46.974165845502704,6,14,0,0,0,1,0
REP009,DOC032,MOL05,2025-01,46.974165845502704,6,14,0,0,0,1,1
REP001,DOC032,MOL05,2025-01,46.974165845502704,6,14,0,0,0,1,1
REP007,DOC032,MOL05,2025-01,46.974165845502704,6,14,0,0,0,1,1
REP009,DOC035,MOL05,2025-01,44.19783780724288,7,61,1,0,0,1,1
REP003,DOC035,MOL05,2025-01,44.19783780724288,7,61,1,0,0,1,1
REP008,DOC035,MOL05,2025-01,44.19783780724288,7,61,1,0,0,1,0
REP004,DOC035,MOL05,2025-01,44.19783780724288,7,61,1,0,0,1,1
REP006,DOC035,MOL05,2025-01,44.19783780724288,7,61,1,0,0,1,1
REP010,DOC035,MOL05,2025-01,44.19783780724288,7,61,1,0,0,1,0
REP009,DOC038,MOL05,2025-01,41.52168851027033,8,96,1,0,0,1,1
REP010,DOC038,MOL05,2025-01,41.52168851027033,8,96,1,0,0,1,0
REP004,DOC038,MOL05,2025-01,41.52168851027033,8,96,1,0,0,1,1
REP002,DOC038,MOL05,2025-01,41.52168851027033,8,96,1,0,0,1,0
REP006,DOC038,MOL05,2025-01,41.52168851027033,8,96,1,0,0,1,1
REP008,DOC002,MOL05,2025-01,40.29404725678564,9,6,0,0,0,0,0
REP004,DOC002,MOL05,2025-01,40.29404725678564,9,6,0,0,0,0,1
REP005,DOC002,MOL05,2025-01,40.29404725678564,9,6,0,0,0,0,1
REP003,DOC002,MOL05,2025-01,40.29404725678564,9,6,0,0,0,0,1
REP007,DOC002,MOL05,2025-01,40.29404725678564,9,6,0,0,0,0,1
REP008,DOC023,MOL05,2025-01,38.14251068653898,10,8,0,0,0,1,0
REP007,DOC023,MOL05,2025-01,38.14251068653898,10,8,0,0,0,1,1
REP004,DOC023,MOL05,2025-01,38.14251068653898,10,8,0,0,0,1,1
REP006,DOC023,MOL05,2025-01,38.14251068653898,10,8,0,0,0,1,1
REP002,DOC023,MOL05,2025-01,38.14251068653898,10,8,0,0,0,1,0
REP010,DOC023,MOL05,2025-01,38.14251068653898,10,8,0,0,0,1,0
REP001,DOC039,MOL05,2025-01,38.14251068653898,10,2,0,0,0,0,1
REP007,DOC039,MOL05,2025-01,38.14251068653898,10,2,0,0,0,0,1
REP005,DOC039,MOL05,2025-01,38.14251068653898,10,2,0,0,0,0,1
REP008,DOC039,MOL05,2025-01,38.14251068653898,10,2,0,0,0,0,0
REP010,DOC039,MOL05,2025-01,38.14251068653898,10,2,0,0,0,0,0
REP003,DOC039,MOL05,2025-01,38.14251068653898,10,2,0,0,0,0,1
REP004,DOC039,MOL05,2025-01,38.14251068653898,10,2,0,0,0,0,1
REP007,DOC020,MOL05,2025-01,34.68664562433578,12,9,0,0,0,1,1
REP008,DOC020,MOL05,2025-01,34.68664562433578,12,9,0,0,0,1,0
REP004,DOC020,MOL05,2025-01,34.68664562433578,12,9,0,0,0,1,1
REP006,DOC020,MOL05,2025-01,34.68664562433578,12,9,0,0,0,1,1
REP005,DOC020,MOL05,2025-01,34.68664562433578,12,9,0,0,0,1,1
REP005,DOC016,MOL05,2025-01,33.02271059438609,13,21,0,0,0,1,1
REP006,DOC016,MOL05,2025-01,33.02271059438609,13,21,0,0,0,1,1
REP009,DOC016,MOL05,2025-01,33.02271059438609,13,21,0,0,0,1,1
REP003,DOC016,MOL05,2025-01,33.02271059438609,13,21,0,0,0,1,1
REP001,DOC016,MOL05,2025-01,33.02271059438609,13,21,0,0,0,1,1
REP010,DOC016,MOL05,2025-01,33.02271059438609,13,21,0,0,0,1,0
REP007,DOC003,MOL05,2025-01,32.75839643485656,14,0,0,0,0,0,1
REP010,DOC003,MOL05,2025-01,32.75839643485656,14,0,0,0,0,0,0
REP005,DOC003,MOL05,2025-01,32.75839643485656,14,0,0,0,0,0,1
REP003,DOC003,MOL05,2025-01,32.75839643485656,14,0,0,0,0,0,1
REP002,DOC003,MOL05,2025-01,32.75839643485656,14,0,0,0,0,0,0
REP004,DOC003,MOL05,2025-01,32.75839643485656,14,0,0,0,0,0,1
REP006,DOC003,MOL05,2025-01,32.75839643485656,14,0,0,0,0,0,1
REP007,DOC012,MOL05,2025-01,31.00413526376068,15,13,0,0,0,1,1
REP001,DOC012,MOL05,2025-01,31.00413526376068,15,13,0,0,0,1,1
REP008,DOC044,MOL05,2025-01,30.87603860469362,16,26,0,0,0,1,0
REP005,DOC044,MOL05,2025-01,30.87603860469362,16,26,0,0,0,1,1
REP007,DOC044,MOL05,2025-01,30.87603860469362,16,26,0,0,0,1,1
REP010,DOC044,MOL05,2025-01,30.87603860469362,16,26,0,0,0,1,0
REP002,DOC033,MOL05,2025-01,30.462810548309648,17,8,0,0,0,1,0
REP003,DOC033,MOL05,2025-01,30.462810548309648,17,8,0,0,0,1,1
REP009,DOC033,MOL05,2025-01,30.462810548309648,17,8,0,0,0,1,1
REP010,DOC033,MOL05,2025-01,30.462810548309648,17,8,0,0,0,1,0
REP007,DOC033,MOL05,2025-01,30.462810548309648,17,8,0,0,0,1,1
REP001,DOC033,MOL05,2025-01,30.462810548309648,17,8,0,0,0,1,1
REP003,DOC018,MOL05,2025-01,30.381217676221645,18,20,0,0,0,1,1
REP009,DOC018,MOL05,2025-01,30.381217676221645,18,20,0,0,0,1,1
REP005,DOC018,MOL05,2025-01,30.381217676221645,18,20,0,0,0,1,1
REP001,DOC018,MOL05,2025-01,30.381217676221645,18,20,0,0,0,1,1
REP010,DOC018,MOL05,2025-01,30.381217676221645,18,20,0,0,0,1,0
REP010,DOC045,MOL05,2025-01,27.698442200605005,19,14,0,0,0,1,0
REP007,DOC045,MOL05,2025-01,27.698442200605005,19,14,0,0,0,1,1
REP009,DOC045,MOL05,2025-01,27.698442200605005,19,14,0,0,0,1,1
REP001,DOC045,MOL05,2025-01,27.698442200605005,19,14,0,0,0,1,1
REP004,DOC045,MOL05,2025-01,27.698442200605005,19,14,0,0,0,1,1
REP006,DOC045,MOL05,2025-01,27.698442200605005,19,14,0,0,0,1,1
REP005,DOC045,MOL05,2025-01,27.698442200605005,19,14,0,0,0,1,1
REP004,DOC017,MOL05,2025-01,25.89774911613,20,11,0,0,0,1,1
REP005,DOC017,MOL05,2025-01,25.89774911613,20,11,0,0,0,1,1
REP002,DOC017,MOL05,2025-01,25.89774911613,20,11,0,0,0,1,0
REP001,DOC017,MOL05,2025-01,25.89774911613,20,11,0,0,0,1,1
REP009,DOC017,MOL05,2025-01,25.89774911613,20,11,0,0,0,1,1
REP006,DOC017,MOL05,2025-01,25.89774911613,20,11,0,0,0,1,1
REP007,DOC017,MOL05,2025-01,25.89774911613,20,11,0,0,0,1,1
REP002,DOC029,MOL05,2025-01,24.91850328936869,21,47,0,0,0,1,0
REP009,DOC029,MOL05,2025-01,24.91850328936869,21,47,0,0,0,1,1
REP003,DOC029,MOL05,2025-01,24.91850328936869,21,47,0,0,0,1,1
REP005,DOC029,MOL05,2025-01,24.91850328936869,21,47,0,0,0,1,1
REP009,DOC013,MOL05,2025-01,22.78311041008033,22,21,0,0,0,1,1
REP001,DOC013,MOL05,2025-01,22.78311041008033,22,21,0,0,0,1,1
REP004,DOC013,MOL05,2025-01,22.78311041008033,22,21,0,0,0,1,1
REP007,DOC013,MOL05,2025-01,22.78311041008033,22,21,0,0,0,1,1
REP008,DOC013,MOL05,2025-01,22.78311041008033,22,21,0,0,0,1,0
REP005,DOC013,MOL05,2025-01,22.78311041008033,22,21,0,0,0,1,1
REP002,DOC013,MOL05,2025-01,22.78311041008033,22,21,0,0,0,1,0
REP008,DOC005,MOL05,2025-01,22.2547647499996,23,13,0,0,0,1,0
REP004,DOC005,MOL05,2025-01,22.2547647499996,23,13,0,0,0,1,1
REP002,DOC005,MOL05,2025-01,22.2547647499996,23,13,0,0,0,1,0
REP007,DOC005,MOL05,2025-01,22.2547647499996,23,13,0,0,0,1,1
REP003,DOC005,MOL05,2025-01,22.2547647499996,23,13,0,0,0,1,1
REP005,DOC005,MOL05,2025-01,22.2547647499996,23,13,0,0,0,1,1
REP006,DOC005,MOL05,2025-01,22.2547647499996,23,13,0,0,0,1,1
REP010,DOC036,MOL05,2025-01,21.43350730581073,24,4,0,0,0,0,0
REP009,DOC036,MOL05,2025-01,21.43350730581073,24,4,0,0,0,0,1
REP007,DOC036,MOL05,2025-01,21.43350730581073,24,4,0,0,0,0,1
REP005,DOC036,MOL05,2025-01,21.43350730581073,24,4,0,0,0,0,1
REP001,DOC036,MOL05,2025-01,21.43350730581073,24,4,0,0,0,0,1
REP004,DOC036,MOL05,2025-01,21.43350730581073,24,4,0,0,0,0,1
REP006,DOC036,MOL05,2025-01,21.43350730581073,24,4,0,0,0,0,1
REP002,DOC036,MOL05,2025-01,21.43350730581073,24,4,0,0,0,0,0
REP004,DOC047,MOL05,2025-01,20.04066410903415,25,11,0,0,0,1,1
REP003,DOC047,MOL05,2025-01,20.04066410903415,25,11,0,0,0,1,1
REP009,DOC047,MOL05,2025-01,20.04066410903415,25,11,0,0,0,1,1
REP001,DOC047,MOL05,2025-01,20.04066410903415,25,11,0,0,0,1,1
REP005,DOC047,MOL05,2025-01,20.04066410903415,25,11,0,0,0,1,1
REP008,DOC047,MOL05,2025-01,20.04066410903415,25,11,0,0,0,1,0
REP007,DOC047,MOL05,2025-01,20.04066410903415,25,11,0,0,0,1,1
REP006,DOC047,MOL05,2025-01,20.04066410903415,25,11,0,0,0,1,1
REP010,DOC047,MOL05,2025-01,20.04066410903415,25,11,0,0,0,1,0
REP010,DOC007,MOL05,2025-01,19.238644288654484,26,7,0,0,0,0,0
REP002,DOC007,MOL05,2025-01,19.238644288654484,26,7,0,0,0,0,0
REP009,DOC007,MOL05,2025-01,19.238644288654484,26,7,0,0,0,0,1
REP006,DOC007,MOL05,2025-01,19.238644288654484,26,7,0,0,0,0,1
REP004,DOC007,MOL05,2025-01,19.238644288654484,26,7,0,0,0,0,1
REP005,DOC007,MOL05,2025-01,19.238644288654484,26,7,0,0,0,0,1
REP003,DOC007,MOL05,2025-01,19.238644288654484,26,7,0,0,0,0,1
REP009,DOC048,MOL05,2025-01,18.82144997598779,27,13,0,0,0,1,1
REP010,DOC048,MOL05,2025-01,18.82144997598779,27,13,0,0,0,1,0
REP004,DOC048,MOL05,2025-01,18.82144997598779,27,13,0,0,0,1,1
REP001,DOC048,MOL05,2025-01,18.82144997598779,27,13,0,0,0,1,1
REP002,DOC048,MOL05,2025-01,18.82144997598779,27,13,0,0,0,1,0
REP006,DOC048,MOL05,2025-01,18.82144997598779,27,13,0,0,0,1,1
REP003,DOC048,MOL05,2025-01,18.82144997598779,27,13,0,0,0,1,1
REP008,DOC048,MOL05,2025-01,18.82144997598779,27,13,0,0,0,1,0
REP007,DOC037,MOL05,2025-01,18.56635704788368,28,10,0,0,0,1,1
REP003,DOC037,MOL05,2025-01,18.56635704788368,28,10,0,0,0,1,1
REP006,DOC037,MOL05,2025-01,18.56635704788368,28,10,0,0,0,1,1
REP002,DOC037,MOL05,2025-01,18.56635704788368,28,10,0,0,0,1,0
REP005,DOC037,MOL05,2025-01,18.56635704788368,28,10,0,0,0,1,1
REP009,DOC037,MOL05,2025-01,18.56635704788368,28,10,0,0,0,1,1
REP006,DOC027,MOL05,2025-01,7.8716926416850574,29,1,0,0,0,0,1
REP009,DOC027,MOL05,2025-01,7.8716926416850574,29,1,0,0,0,0,1
REP008,DOC027,MOL05,2025-01,7.8716926416850574,29,1,0,0,0,0,0
REP007,DOC027,MOL05,2025-01,7.8716926416850574,29,1,0,0,0,0,1
REP010,DOC027,MOL05,2025-01,7.8716926416850574,29,1,0,0,0,0,0
REP008,DOC030,MOL05,2025-01,5.43978759791244,30,5,0,0,0,0,0
REP001,DOC030,MOL05,2025-01,5.43978759791244,30,5,0,0,0,0,1
REP004,DOC030,MOL05,2025-01,5.43978759791244,30,5,0,0,0,0,1
REP009,DOC030,MOL05,2025-01,5.43978759791244,30,5,0,0,0,0,1
REP010,DOC030,MOL05,2025-01,5.43978759791244,30,5,0,0,0,0,0
REP005,DOC030,MOL05,2025-01,5.43978759791244,30,5,0,0,0,0,1
REP002,DOC021,MOL05,2025-01,3.199875057595552,31,14,0,0,0,1,0
REP010,DOC021,MOL05,2025-01,3.199875057595552,31,14,0,0,0,1,0
REP009,DOC021,MOL05,2025-01,3.199875057595552,31,14,0,0,0,1,1
REP003,DOC021,MOL05,2025-01,3.199875057595552,31,14,0,0,0,1,1
REP006,DOC021,MOL05,2025-01,3.199875057595552,31,14,0,0,0,1,1
REP007,DOC021,MOL05,2025-01,3.199875057595552,31,14,0,0,0,1,1
REP004,DOC021,MOL05,2025-01,3.199875057595552,31,14,0,0,0,1,1
REP001,DOC021,MOL05,2025-01,3.199875057595552,31,14,0,0,0,1,1
REP010,DOC001,MOL05,2025-01,0.0,32,12,0,0,0,0,0
REP002,DOC001,MOL05,2025-01,0.0,32,12,0,0,0,0,0
REP006,DOC001,MOL05,2025-01,0.0,32,12,0,0,0,0,1
REP007,DOC001,MOL05,2025-01,0.0,32,12,0,0,0,0,1
REP005,DOC001,MOL05,2025-01,0.0,32,12,0,0,0,0,1
REP008,DOC001,MOL05,2025-01,0.0,32,12,0,0,0,0,0
REP009,DOC035,MOL05,2025-02,100.0,1,61,1,0,0,0,1
REP003,DOC035,MOL05,2025-02,100.0,1,61,1,0,0,0,1
REP008,DOC035,MOL05,2025-02,100.0,1,61,1,0,0,0,0
REP004,DOC035,MOL05,2025-02,100.0,1,61,1,0,0,0,1
REP006,DOC035,MOL05,2025-02,100.0,1,61,1,0,0,0,1
REP010,DOC035,MOL05,2025-02,100.0,1,61,1,0,0,0,0
REP002,DOC022,MOL05,2025-02,71.44037756740327,2,0,0,0,0,0,0
REP001,DOC022,MOL05,2025-02,71.44037756740327,2,0,0,0,0,0,1
REP006,DOC022,MOL05,2025-02,71.44037756740327,2,0,0,0,0,0,1
REP007,DOC022,MOL05,2025-02,71.44037756740327,2,0,0,0,0,0,1
REP004,DOC022,MOL05,2025-02,71.44037756740327,2,0,0,0,0,0,1
REP010,DOC045,MOL05,2025-02,60.53925897665244,3,14,0,0,0,0,0
REP007,DOC045,MOL05,2025-02,60.53925897665244,3,14,0,0,0,0,1
REP009,DOC045,MOL05,2025-02,60.53925897665244,3,14,0,0,0,0,1
REP001,DOC045,MOL05,2025-02,60.53925897665244,3,14,0,0,0,0,1
REP004,DOC045,MOL05,2025-02,60.53925897665244,3,14,0,0,0,0,1
REP006,DOC045,MOL05,2025-02,60.53925897665244,3,14,0,0,0,0,1
REP005,DOC045,MOL05,2025-02,60.53925897665244,3,14,0,0,0,0,1
REP007,DOC037,MOL05,2025-02,60.40132185220042,4,10,0,0,0,0,1
REP003,DOC037,MOL05,2025-02,60.40132185220042,4,10,0,0,0,0,1
REP006,DOC037,MOL05,2025-02,60.40132185220042,4,10,0,0,0,0,1
REP002,DOC037,MOL05,2025-02,60.40132185220042,4,10,0,0,0,0,0
REP005,DOC037,MOL05,2025-02,60.40132185220042,4,10,0,0,0,0,1
REP009,DOC037,MOL05,2025-02,60.40132185220042,4,10,0,0,0,0,1
REP008,DOC002,MOL05,2025-02,52.45297337266116,5,6,0,0,0,0,0
REP004,DOC002,MOL05,2025-02,52.45297337266116,5,6,0,0,0,0,1
REP005,DOC002,MOL05,2025-02,52.45297337266116,5,6,0,0,0,0,1
REP003,DOC002,MOL05,2025-02,52.45297337266116,5,6,0,0,0,0,1
REP007,DOC002,MOL05,2025-02,52.45297337266116,5,6,0,0,0,0,1
REP009,DOC048,MOL05,2025-02,51.518027254664354,6,13,0,0,0,0,1
REP010,DOC048,MOL05,2025-02,51.518027254664354,6,13,0,0,0,0,0
REP004,DOC048,MOL05,2025-02,51.518027254664354,6,13,0,0,0,0,1
REP001,DOC048,MOL05,2025-02,51.518027254664354,6,13,0,0,0,0,1
REP002,DOC048,MOL05,2025-02,51.518027254664354,6,13,0,0,0,0,0
REP006,DOC048,MOL05,2025-02,51.518027254664354,6,13,0,0,0,0,1
REP003,DOC048,MOL05,2025-02,51.518027254664354,6,13,0,0,0,0,1
REP008,DOC048,MOL05,2025-02,51.518027254664354,6,13,0,0,0,0,0
REP002,DOC043,MOL05,2025-02,49.48122691319363,7,24,0,0,0,1,0
REP008,DOC043,MOL05,2025-02,49.48122691319363,7,24,0,0,0,1,0
REP001,DOC043,MOL05,2025-02,49.48122691319363,7,24,0,0,0,1,1
REP005,DOC043,MOL05,2025-02,49.48122691319363,7,24,0,0,0,1,1
REP004,DOC043,MOL05,2025-02,49.48122691319363,7,24,0,0,0,1,1
REP009,DOC038,MOL05,2025-02,46.37288883538713,8,96,1,0,0,0,1
REP010,DOC038,MOL05,2025-02,46.37288883538713,8,96,1,0,0,0,0
REP004,DOC038,MOL05,2025-02,46.37288883538713,8,96,1,0,0,0,1
REP002,DOC038,MOL05,2025-02,46.37288883538713,8,96,1,0,0,0,0
REP006,DOC038,MOL05,2025-02,46.37288883538713,8,96,1,0,0,0,1
REP004,DOC004,MOL05,2025-02,45.00414769015516,9,40,1,0,0,0,1
REP002,DOC004,MOL05,2025-02,45.00414769015516,9,40,1,0,0,0,0
REP006,DOC004,MOL05,2025-02,45.00414769015516,9,40,1,0,0,0,1
REP008,DOC004,MOL05,2025-02,45.00414769015516,9,40,1,0,0,0,0
REP007,DOC004,MOL05,2025-02,45.00414769015516,9,40,1,0,0,0,1
REP008,DOC044,MOL05,2025-02,37.54645255868073,10,26,0,0,0,0,0
REP005,DOC044,MOL05,2025-02,37.54645255868073,10,26,0,0,0,0,1
REP007,DOC044,MOL05,2025-02,37.54645255868073,10,26,0,0,0,0,1
REP010,DOC044,MOL05,2025-02,37.54645255868073,10,26,0,0,0,0,0
REP007,DOC020,MOL05,2025-02,28.09994864462107,11,9,0,0,0,0,1
REP008,DOC020,MOL05,2025-02,28.09994864462107,11,9,0,0,0,0,0
REP004,DOC020,MOL05,2025-02,28.09994864462107,11,9,0,0,0,0,1
REP006,DOC020,MOL05,2025-02,28.09994864462107,11,9,0,0,0,0,1
REP005,DOC020,MOL05,2025-02,28.09994864462107,11,9,0,0,0,0,1
REP010,DOC001,MOL05,2025-02,27.13682800189257,12,12,0,0,0,0,0
REP002,DOC001,MOL05,2025-02,27.13682800189257,12,12,0,0,0,0,0
REP006,DOC001,MOL05,2025-02,27.13682800189257,12,12,0,0,0,0,1
REP007,DOC001,MOL05,2025-02,27.13682800189257,12,12,0,0,0,0,1
REP005,DOC001,MOL05,2025-02,27.13682800189257,12,12,0,0,0,0,1
REP008,DOC001,MOL05,2025-02,27.13682800189257,12,12,0,0,0,0,0
REP008,DOC023,MOL05,2025-02,26.75157974480118,13,8,0,0,0,0,0
REP007,DOC023,MOL05,2025-02,26.75157974480118,13,8,0,0,0,0,1
REP004,DOC023,MOL05,2025-02,26.75157974480118,13,8,0,0,0,0,1
REP006,DOC023,MOL05,2025-02,26.75157974480118,13,8,0,0,0,0,1
REP002,DOC023,MOL05,2025-02,26.75157974480118,13,8,0,0,0,0,0
REP010,DOC023,MOL05,2025-02,26.75157974480118,13,8,0,0,0,0,0
REP010,DOC007,MOL05,2025-02,25.552470191392405,14,7,0,0,0,0,0
REP002,DOC007,MOL05,2025-02,25.552470191392405,14,7,0,0,0,0,0
REP009,DOC007,MOL05,2025-02,25.552470191392405,14,7,0,0,0,0,1
REP006,DOC007,MOL05,2025-02,25.552470191392405,14,7,0,0,0,0,1
REP004,DOC007,MOL05,2025-02,25.552470191392405,14,7,0,0,0,0,1
REP005,DOC007,MOL05,2025-02,25.552470191392405,14,7,0,0,0,0,1
REP003,DOC007,MOL05,2025-02,25.552470191392405,14,7,0,0,0,0,1
REP004,DOC047,MOL05,2025-02,24.499097742423068,15,11,0,0,0,0,1
REP003,DOC047,MOL05,2025-02,24.499097742423068,15,11,0,0,0,0,1
REP009,DOC047,MOL05,2025-02,24.499097742423068,15,11,0,0,0,0,1
REP001,DOC047,MOL05,2025-02,24.499097742423068,15,11,0,0,0,0,1
REP005,DOC047,MOL05,2025-02,24.499097742423068,15,11,0,0,0,0,1
REP008,DOC047,MOL05,2025-02,24.499097742423068,15,11,0,0,0,0,0
REP007,DOC047,MOL05,2025-02,24.499097742423068,15,11,0,0,0,0,1
REP006,DOC047,MOL05,2025-02,24.499097742423068,15,11,0,0,0,0,1
REP010,DOC047,MOL05,2025-02,24.499097742423068,15,11,0,0,0,0,0
REP003,DOC024,MOL05,2025-02,23.70462066310918,16,3,0,0,0,0,1
REP005,DOC024,MOL05,2025-02,23.70462066310918,16,3,0,0,0,0,1
REP006,DOC024,MOL05,2025-02,23.70462066310918,16,3,0,0,0,0,1
REP007,DOC024,MOL05,2025-02,23.70462066310918,16,3,0,0,0,0,1
REP008,DOC024,MOL05,2025-02,23.70462066310918,16,3,0,0,0,0,0
REP010,DOC024,MOL05,2025-02,23.70462066310918,16,3,0,0,0,0,0
REP001,DOC024,MOL05,2025-02,23.70462066310918,16,3,0,0,0,0,1
REP004,DOC017,MOL05,2025-02,23.536136890315067,17,11,0,0,0,0,1
REP005,DOC017,MOL05,2025-02,23.536136890315067,17,11,0,0,0,0,1
REP002,DOC017,MOL05,2025-02,23.536136890315067,17,11,0,0,0,0,0
REP001,DOC017,MOL05,2025-02,23.536136890315067,17,11,0,0,0,0,1
REP009,DOC017,MOL05,2025-02,23.536136890315067,17,11,0,0,0,0,1
REP006,DOC017,MOL05,2025-02,23.536136890315067,17,11,0,0,0,0,1
REP007,DOC017,MOL05,2025-02,23.536136890315067,17,11,0,0,0,0,1
REP003,DOC018,MOL05,2025-02,22.30467345316539,18,20,0,0,0,0,1
REP009,DOC018,MOL05,2025-02,22.30467345316539,18,20,0,0,0,0,1
REP005,DOC018,MOL05,2025-02,22.30467345316539,18,20,0,0,0,0,1
REP001,DOC018,MOL05,2025-02,22.30467345316539,18,20,0,0,0,0,1
REP010,DOC018,MOL05,2025-02,22.30467345316539,18,20,0,0,0,0,0
REP007,DOC008,MOL05,2025-02,19.42552599102797,19,0,0,0,0,0,1
REP001,DOC008,MOL05,2025-02,19.42552599102797,19,0,0,0,0,0,1
REP009,DOC008,MOL05,2025-02,19.42552599102797,19,0,0,0,0,0,1
REP006,DOC008,MOL05,2025-02,19.42552599102797,19,0,0,0,0,0,1
REP005,DOC008,MOL05,2025-02,19.42552599102797,19,0,0,0,0,0,1
REP004,DOC008,MOL05,2025-02,19.42552599102797,19,0,0,0,0,0,1
REP003,DOC008,MOL05,2025-02,19.42552599102797,19,0,0,0,0,0,1
REP005,DOC019,MOL05,2025-02,16.755111776171226,20,31,0,0,0,0,1
REP003,DOC019,MOL05,2025-02,16.755111776171226,20,31,0,0,0,0,1
REP009,DOC019,MOL05,2025-02,16.755111776171226,20,31,0,0,0,0,1
REP002,DOC019,MOL05,2025-02,16.755111776171226,20,31,0,0,0,0,0
REP001,DOC019,MOL05,2025-02,16.755111776171226,20,31,0,0,0,0,1
REP010,DOC019,MOL05,2025-02,16.755111776171226,20,31,0,0,0,0,0
REP004,DOC019,MOL05,2025-02,16.755111776171226,20,31,0,0,0,0,1
REP008,DOC019,MOL05,2025-02,16.755111776171226,20,31,0,0,0,0,0
REP008,DOC005,MOL05,2025-02,15.486299225112868,21,13,0,0,0,0,0
REP004,DOC005,MOL05,2025-02,15.486299225112868,21,13,0,0,0,0,1
REP002,DOC005,MOL05,2025-02,15.486299225112868,21,13,0,0,0,0,0
REP007,DOC005,MOL05,2025-02,15.486299225112868,21,13,0,0,0,0,1
REP003,DOC005,MOL05,2025-02,15.486299225112868,21,13,0,0,0,0,1
REP005,DOC005,MOL05,2025-02,15.486299225112868,21,13,0,0,0,0,1
REP006,DOC005,MOL05,2025-02,15.486299225112868,21,13,0,0,0,0,1
REP004,DOC006,MOL05,2025-02,15.194132032059256,22,1,0,0,0,0,1
REP008,DOC006,MOL05,2025-02,15.194132032059256,22,1,0,0,0,0,0
REP010,DOC006,MOL05,2025-02,15.194132032059256,22,1,0,0,0,0,0
REP001,DOC034,MOL05,2025-02,15.194132032059256,22,6,0,0,0,0,1
REP003,DOC034,MOL05,2025-02,15.194132032059256,22,6,0,0,0,0,1
REP009,DOC034,MOL05,2025-02,15.194132032059256,22,6,0,0,0,0,1
REP006,DOC034,MOL05,2025-02,15.194132032059256,22,6,0,0,0,0,1
REP007,DOC034,MOL05,2025-02,15.194132032059256,22,6,0,0,0,0,1
REP005,DOC034,MOL05,2025-02,15.194132032059256,22,6,0,0,0,0,1
REP002,DOC034,MOL05,2025-02,15.194132032059256,22,6,0,0,0,0,0
REP009,DOC046,MOL05,2025-02,12.625810318116605,24,9,0,0,0,0,1
REP003,DOC046,MOL05,2025-02,12.625810318116605,24,9,0,0,0,0,1
REP005,DOC046,MOL05,2025-02,12.625810318116605,24,9,0,0,0,0,1
REP002,DOC046,MOL05,2025-02,12.625810318116605,24,9,0,0,0,0,0
REP001,DOC046,MOL05,2025-02,12.625810318116605,24,9,0,0,0,0,1
REP010,DOC046,MOL05,2025-02,12.625810318116605,24,9,0,0,0,0,0
REP007,DOC003,MOL05,2025-02,11.629953869761271,25,0,0,0,0,0,1
REP010,DOC003,MOL05,2025-02,11.629953869761271,25,0,0,0,0,0,0
REP005,DOC003,MOL05,2025-02,11.629953869761271,25,0,0,0,0,0,1
REP003,DOC003,MOL05,2025-02,11.629953869761271,25,0,0,0,0,0,1
REP002,DOC003,MOL05,2025-02,11.629953869761271,25,0,0,0,0,0,0
REP004,DOC003,MOL05,2025-02,11.629953869761271,25,0,0,0,0,0,1
REP006,DOC003,MOL05,2025-02,11.629953869761271,25,0,0,0,0,0,1
REP007,DOC012,MOL05,2025-02,10.596567738133258,26,13,0,0,0,0,1
REP001,DOC012,MOL05,2025-02,10.596567738133258,26,13,0,0,0,0,1
REP002,DOC029,MOL05,2025-02,8.002505469310666,27,47,0,0,0,0,0
REP009,DOC029,MOL05,2025-02,8.002505469310666,27,47,0,0,0,0,1
REP003,DOC029,MOL05,2025-02,8.002505469310666,27,47,0,0,0,0,1
REP005,DOC029,MOL05,2025-02,8.002505469310666,27,47,0,0,0,0,1
REP002,DOC015,MOL05,2025-02,5.0492612619857855,28,0,0,0,0,0,0
REP007,DOC015,MOL05,2025-02,5.0492612619857855,28,0,0,0,0,0,1
REP001,DOC015,MOL05,2025-02,5.0492612619857855,28,0,0,0,0,0,1
REP006,DOC015,MOL05,2025-02,5.0492612619857855,28,0,0,0,0,0,1
REP003,DOC015,MOL05,2025-02,5.0492612619857855,28,0,0,0,0,0,1
REP004,DOC014,MOL05,2025-02,2.994603890831665,29,9,0,0,0,1,1
REP009,DOC014,MOL05,2025-02,2.994603890831665,29,9,0,0,0,1,1
REP001,DOC014,MOL05,2025-02,2.994603890831665,29,9,0,0,0,1,1
REP006,DOC014,MOL05,2025-02,2.994603890831665,29,9,0,0,0,1,1
REP003,DOC014,MOL05,2025-02,2.994603890831665,29,9,0,0,0,1,1
REP010,DOC036,MOL05,2025-02,0.0,30,4,0,0,0,0,0
REP009,DOC036,MOL05,2025-02,0.0,30,4,0,0,0,0,1
REP007,DOC036,MOL05,2025-02,0.0,30,4,0,0,0,0,1
REP005,DOC036,MOL05,2025-02,0.0,30,4,0,0,0,0,1
REP001,DOC036,MOL05,2025-02,0.0,30,4,0,0,0,0,1
REP004,DOC036,MOL05,2025-02,0.0,30,4,0,0,0,0,1
REP006,DOC036,MOL05,2025-02,0.0,30,4,0,0,0,0,1
REP002,DOC036,MOL05,2025-02,0.0,30,4,0,0,0,0,0
REP004,DOC031,MOL05,2025-03,100.0,1,6,0,0,0,0,1
REP003,DOC031,MOL05,2025-03,100.0,1,6,0,0,0,0,1
REP007,DOC031,MOL05,2025-03,100.0,1,6,0,0,0,0,1
REP010,DOC031,MOL05,2025-03,100.0,1,6,0,0,0,0,0
REP006,DOC031,MOL05,2025-03,100.0,1,6,0,0,0,0,1
REP007,DOC020,MOL05,2025-03,88.98809523809524,2,9,0,0,0,0,1
REP008,DOC020,MOL05,2025-03,88.98809523809524,2,9,0,0,0,0,0
REP004,DOC020,MOL05,2025-03,88.98809523809524,2,9,0,0,0,0,1
REP006,DOC020,MOL05,2025-03,88.98809523809524,2,9,0,0,0,0,1
REP005,DOC020,MOL05,2025-03,88.98809523809524,2,9,0,0,0,0,1
REP009,DOC038,MOL05,2025-03,69.11046519732487,3,96,1,0,0,0,1
REP010,DOC038,MOL05,2025-03,69.11046519732487,3,96,1,0,0,0,0
REP004,DOC038,MOL05,2025-03,69.11046519732487,3,96,1,0,0,0,1
REP002,DOC038,MOL05,2025-03,69.11046519732487,3,96,1,0,0,0,0
REP006,DOC038,MOL05,2025-03,69.11046519732487,3,96,1,0,0,0,1
REP006,DOC010,MOL05,2025-03,45.386904761904766,4,0,0,0,0,0,1
REP005,DOC010,MOL05,2025-03,45.386904761904766,4,0,0,0,0,0,1
REP009,DOC010,MOL05,2025-03,45.386904761904766,4,0,0,0,0,0,1
REP003,DOC010,MOL05,2025-03,45.386904761904766,4,0,0,0,0,0,1
REP007,DOC010,MOL05,2025-03,45.386904761904766,4,0,0,0,0,0,1
REP001,DOC010,MOL05,2025-03,45.386904761904766,4,0,0,0,0,0,1
REP008,DOC010,MOL05,2025-03,45.386904761904766,4,0,0,0,0,0,0
REP004,DOC047,MOL05,2025-03,42.73921585385563,5,11,0,0,0,0,1
REP003,DOC047,MOL05,2025-03,42.73921585385563,5,11,0,0,0,0,1
REP009,DOC047,MOL05,2025-03,42.73921585385563,5,11,0,0,0,0,1
REP001,DOC047,MOL05,2025-03,42.73921585385563,5,11,0,0,0,0,1
REP005,DOC047,MOL05,2025-03,42.73921585385563,5,11,0,0,0,0,1
REP008,DOC047,MOL05,2025-03,42.73921585385563,5,11,0,0,0,0,0
REP007,DOC047,MOL05,2025-03,42.73921585385563,5,11,0,0,0,0,1
REP006,DOC047,MOL05,2025-03,42.73921585385563,5,11,0,0,0,0,1
REP010,DOC047,MOL05,2025-03,42.73921585385563,5,11,0,0,0,0,0
REP008,DOC002,MOL05,2025-03,38.70320395067964,6,6,0,0,0,0,0
REP004,DOC002,MOL05,2025-03,38.70320395067964,6,6,0,0,0,0,1
REP005,DOC002,MOL05,2025-03,38.70320395067964,6,6,0,0,0,0,1
REP003,DOC002,MOL05,2025-03,38.70320395067964,6,6,0,0,0,0,1
REP007,DOC002,MOL05,2025-03,38.70320395067964,6,6,0,0,0,0,1
REP009,DOC035,MOL05,2025-03,38.17356473393889,7,61,1,0,0,0,1
REP003,DOC035,MOL05,2025-03,38.17356473393889,7,61,1,0,0,0,1
REP008,DOC035,MOL05,2025-03,38.17356473393889,7,61,1,0,0,0,0
REP004,DOC035,MOL05,2025-03,38.17356473393889,7,61,1,0,0,0,1
REP006,DOC035,MOL05,2025-03,38.17356473393889,7,61,1,0,0,0,1
REP010,DOC035,MOL05,2025-03,38.17356473393889,7,61,1,0,0,0,0
REP009,DOC013,MOL05,2025-03,32.19246031746032,8,21,0,0,0,0,1
REP001,DOC013,MOL05,2025-03,32.19246031746032,8,21,0,0,0,0,1
REP004,DOC013,MOL05,2025-03,32.19246031746032,8,21,0,0,0,0,1
REP007,DOC013,MOL05,2025-03,32.19246031746032,8,21,0,0,0,0,1
REP008,DOC013,MOL05,2025-03,32.19246031746032,8,21,0,0,0,0,0
REP005,DOC013,MOL05,2025-03,32.19246031746032,8,21,0,0,0,0,1
REP002,DOC013,MOL05,2025-03,32.19246031746032,8,21,0,0,0,0,0
REP007,DOC049,MOL05,2025-03,31.25,9,11,0,0,0,1,1
REP002,DOC049,MOL05,2025-03,31.25,9,11,0,0,0,1,0
REP006,DOC049,MOL05,2025-03,31.25,9,11,0,0,0,1,1
REP003,DOC049,MOL05,2025-03,31.25,9,11,0,0,0,1,1
REP004,DOC049,MOL05,2025-03,31.25,9,11,0,0,0,1,1
REP009,DOC048,MOL05,2025-03,31.09986610583762,10,13,0,0,0,0,1
REP010,DOC048,MOL05,2025-03,31.09986610583762,10,13,0,0,0,0,0
REP004,DOC048,MOL05,2025-03,31.09986610583762,10,13,0,0,0,0,1
REP001,DOC048,MOL05,2025-03,31.09986610583762,10,13,0,0,0,0,1
REP002,DOC048,MOL05,2025-03,31.09986610583762,10,13,0,0,0,0,0
REP006,DOC048,MOL05,2025-03,31.09986610583762,10,13,0,0,0,0,1
REP003,DOC048,MOL05,2025-03,31.09986610583762,10,13,0,0,0,0,1
REP008,DOC048,MOL05,2025-03,31.09986610583762,10,13,0,0,0,0,0
REP004,DOC004,MOL05,2025-03,30.283996613620246,11,40,0,0,1,0,1
REP002,DOC004,MOL05,2025-03,30.283996613620246,11,40,0,0,1,0,0
REP006,DOC004,MOL05,2025-03,30.283996613620246,11,40,0,0,1,0,1
REP008,DOC004,MOL05,2025-03,30.283996613620246,11,40,0,0,1,0,0
REP007,DOC004,MOL05,2025-03,30.283996613620246,11,40,0,0,1,0,1
REP008,DOC025,MOL05,2025-03,27.97619047619048,12,2,0,0,0,0,0
REP006,DOC025,MOL05,2025-03,27.97619047619048,12,2,0,0,0,0,1
REP002,DOC025,MOL05,2025-03,27.97619047619048,12,2,0,0,0,0,0
REP003,DOC025,MOL05,2025-03,27.97619047619048,12,2,0,0,0,0,1
REP007,DOC025,MOL05,2025-03,27.97619047619048,12,2,0,0,0,0,1
REP010,DOC025,MOL05,2025-03,27.97619047619048,12,2,0,0,0,0,0
REP009,DOC025,MOL05,2025-03,27.97619047619048,12,2,0,0,0,0,1
REP004,DOC025,MOL05,2025-03,27.97619047619048,12,2,0,0,0,0,1
REP001,DOC025,MOL05,2025-03,27.97619047619048,12,2,0,0,0,0,1
REP010,DOC007,MOL05,2025-03,27.35301322568996,13,7,0,0,0,0,0
REP002,DOC007,MOL05,2025-03,27.35301322568996,13,7,0,0,0,0,0
REP009,DOC007,MOL05,2025-03,27.35301322568996,13,7,0,0,0,0,1
REP006,DOC007,MOL05,2025-03,27.35301322568996,13,7,0,0,0,0,1
REP004,DOC007,MOL05,2025-03,27.35301322568996,13,7,0,0,0,0,1
REP005,DOC007,MOL05,2025-03,27.35301322568996,13,7,0,0,0,0,1
REP003,DOC007,MOL05,2025-03,27.35301322568996,13,7,0,0,0,0,1
REP005,DOC019,MOL05,2025-03,27.293001743155727,14,31,0,0,0,0,1
REP003,DOC019,MOL05,2025-03,27.293001743155727,14,31,0,0,0,0,1
REP009,DOC019,MOL05,2025-03,27.293001743155727,14,31,0,0,0,0,1
REP002,DOC019,MOL05,2025-03,27.293001743155727,14,31,0,0,0,0,0
REP001,DOC019,MOL05,2025-03,27.293001743155727,14,31,0,0,0,0,1
REP010,DOC019,MOL05,2025-03,27.293001743155727,14,31,0,0,0,0,0
REP004,DOC019,MOL05,2025-03,27.293001743155727,14,31,0,0,0,0,1
REP008,DOC019,MOL05,2025-03,27.293001743155727,14,31,0,0,0,0,0
REP002,DOC029,MOL05,2025-03,27.03437312087369,15,47,0,0,0,0,0
REP009,DOC029,MOL05,2025-03,27.03437312087369,15,47,0,0,0,0,1
REP003,DOC029,MOL05,2025-03,27.03437312087369,15,47,0,0,0,0,1
REP005,DOC029,MOL05,2025-03,27.03437312087369,15,47,0,0,0,0,1
REP010,DOC036,MOL05,2025-03,22.302235420662843,16,4,0,0,0,0,0
REP009,DOC036,MOL05,2025-03,22.302235420662843,16,4,0,0,0,0,1
REP007,DOC036,MOL05,2025-03,22.302235420662843,16,4,0,0,0,0,1
REP005,DOC036,MOL05,2025-03,22.302235420662843,16,4,0,0,0,0,1
REP001,DOC036,MOL05,2025-03,22.302235420662843,16,4,0,0,0,0,1
REP004,DOC036,MOL05,2025-03,22.302235420662843,16,4,0,0,0,0,1
REP006,DOC036,MOL05,2025-03,22.302235420662843,16,4,0,0,0,0,1
REP002,DOC036,MOL05,2025-03,22.302235420662843,16,4,0,0,0,0,0
REP008,DOC044,MOL05,2025-03,22.17139857583109,17,26,0,0,0,0,0
REP005,DOC044,MOL05,2025-03,22.17139857583109,17,26,0,0,0,0,1
REP007,DOC044,MOL05,2025-03,22.17139857583109,17,26,0,0,0,0,1
REP010,DOC044,MOL05,2025-03,22.17139857583109,17,26,0,0,0,0,0
REP007,DOC008,MOL05,2025-03,20.580203904811903,18,0,0,0,0,0,1
REP001,DOC008,MOL05,2025-03,20.580203904811903,18,0,0,0,0,0,1
REP009,DOC008,MOL05,2025-03,20.580203904811903,18,0,0,0,0,0,1
REP006,DOC008,MOL05,2025-03,20.580203904811903,18,0,0,0,0,0,1
REP005,DOC008,MOL05,2025-03,20.580203904811903,18,0,0,0,0,0,1
REP004,DOC008,MOL05,2025-03,20.580203904811903,18,0,0,0,0,0,1
REP003,DOC008,MOL05,2025-03,20.580203904811903,18,0,0,0,0,0,1
REP003,DOC024,MOL05,2025-03,18.669904745391754,19,3,0,0,0,0,1
REP005,DOC024,MOL05,2025-03,18.669904745391754,19,3,0,0,0,0,1
REP006,DOC024,MOL05,2025-03,18.669904745391754,19,3,0,0,0,0,1
REP007,DOC024,MOL05,2025-03,18.669904745391754,19,3,0,0,0,0,1
REP008,DOC024,MOL05,2025-03,18.669904745391754,19,3,0,0,0,0,0
REP010,DOC024,MOL05,2025-03,18.669904745391754,19,3,0,0,0,0,0
REP001,DOC024,MOL05,2025-03,18.669904745391754,19,3,0,0,0,0,1
REP007,DOC037,MOL05,2025-03,13.157195363765336,20,10,0,0,0,0,1
REP003,DOC037,MOL05,2025-03,13.157195363765336,20,10,0,0,0,0,1
REP006,DOC037,MOL05,2025-03,13.157195363765336,20,10,0,0,0,0,1
REP002,DOC037,MOL05,2025-03,13.157195363765336,20,10,0,0,0,0,0
REP005,DOC037,MOL05,2025-03,13.157195363765336,20,10,0,0,0,0,1
REP009,DOC037,MOL05,2025-03,13.157195363765336,20,10,0,0,0,0,1
REP003,DOC018,MOL05,2025-03,13.104586398738377,21,20,0,0,1,0,1
REP009,DOC018,MOL05,2025-03,13.104586398738377,21,20,0,0,1,0,1
REP005,DOC018,MOL05,2025-03,13.104586398738377,21,20,0,0,1,0,1
REP001,DOC018,MOL05,2025-03,13.104586398738377,21,20,0,0,1,0,1
REP010,DOC018,MOL05,2025-03,13.104586398738377,21,20,0,0,1,0,0
REP010,DOC045,MOL05,2025-03,13.057060380391713,22,14,0,0,0,0,0
REP007,DOC045,MOL05,2025-03,13.057060380391713,22,14,0,0,0,0,1
REP009,DOC045,MOL05,2025-03,13.057060380391713,22,14,0,0,0,0,1
REP001,DOC045,MOL05,2025-03,13.057060380391713,22,14,0,0,0,0,1
REP004,DOC045,MOL05,2025-03,13.057060380391713,22,14,0,0,0,0,1
REP006,DOC045,MOL05,2025-03,13.057060380391713,22,14,0,0,0,0,1
REP005,DOC045,MOL05,2025-03,13.057060380391713,22,14,0,0,0,0,1
REP007,DOC003,MOL05,2025-03,11.831366482929605,23,0,0,0,0,0,1
REP010,DOC003,MOL05,2025-03,11.831366482929605,23,0,0,0,0,0,0
REP005,DOC003,MOL05,2025-03,11.831366482929605,23,0,0,0,0,0,1
REP003,DOC003,MOL05,2025-03,11.831366482929605,23,0,0,0,0,0,1
REP002,DOC003,MOL05,2025-03,11.831366482929605,23,0,0,0,0,0,0
REP004,DOC003,MOL05,2025-03,11.831366482929605,23,0,0,0,0,0,1
REP006,DOC003,MOL05,2025-03,11.831366482929605,23,0,0,0,0,0,1
REP004,DOC017,MOL05,2025-03,6.587884927785027,24,11,0,0,0,0,1
REP005,DOC017,MOL05,2025-03,6.587884927785027,24,11,0,0,0,0,1
REP002,DOC017,MOL05,2025-03,6.587884927785027,24,11,0,0,0,0,0
REP001,DOC017,MOL05,2025-03,6.587884927785027,24,11,0,0,0,0,1
REP009,DOC017,MOL05,2025-03,6.587884927785027,24,11,0,0,0,0,1
REP006,DOC017,MOL05,2025-03,6.587884927785027,24,11,0,0,0,0,1
REP007,DOC017,MOL05,2025-03,6.587884927785027,24,11,0,0,0,0,1
REP007,DOC012,MOL05,2025-03,6.00514501251147,25,13,0,0,0,0,1
REP001,DOC012,MOL05,2025-03,6.00514501251147,25,13,0,0,0,0,1
REP008,DOC005,MOL05,2025-03,5.04384329220205,26,13,0,0,0,0,0
REP004,DOC005,MOL05,2025-03,5.04384329220205,26,13,0,0,0,0,1
REP002,DOC005,MOL05,2025-03,5.04384329220205,26,13,0,0,0,0,0
REP007,DOC005,MOL05,2025-03,5.04384329220205,26,13,0,0,0,0,1
REP003,DOC005,MOL05,2025-03,5.04384329220205,26,13,0,0,0,0,1
REP005,DOC005,MOL05,2025-03,5.04384329220205,26,13,0,0,0,0,1
REP006,DOC005,MOL05,2025-03,5.04384329220205,26,13,0,0,0,0,1
REP001,DOC039,MOL05,2025-03,3.373015873015873,27,2,0,0,0,0,1
REP007,DOC039,MOL05,2025-03,3.373015873015873,27,2,0,0,0,0,1
REP005,DOC039,MOL05,2025-03,3.373015873015873,27,2,0,0,0,0,1
REP008,DOC039,MOL05,2025-03,3.373015873015873,27,2,0,0,0,0,0
REP010,DOC039,MOL05,2025-03,3.373015873015873,27,2,0,0,0,0,0
REP003,DOC039,MOL05,2025-03,3.373015873015873,27,2,0,0,0,0,1
REP004,DOC039,MOL05,2025-03,3.373015873015873,27,2,0,0,0,0,1
REP002,DOC021,MOL05,2025-03,2.430555555555556,28,14,0,0,0,0,0
REP010,DOC021,MOL05,2025-03,2.430555555555556,28,14,0,0,0,0,0
REP009,DOC021,MOL05,2025-03,2.430555555555556,28,14,0,0,0,0,1
REP003,DOC021,MOL05,2025-03,2.430555555555556,28,14,0,0,0,0,1
REP006,DOC021,MOL05,2025-03,2.430555555555556,28,14,0,0,0,0,1
REP007,DOC021,MOL05,2025-03,2.430555555555556,28,14,0,0,0,0,1
REP004,DOC021,MOL05,2025-03,2.430555555555556,28,14,0,0,0,0,1
REP001,DOC021,MOL05,2025-03,2.430555555555556,28,14,0,0,0,0,1
REP009,DOC046,MOL05,2025-03,1.6865079365079363,29,9,0,0,0,0,1
REP003,DOC046,MOL05,2025-03,1.6865079365079363,29,9,0,0,0,0,1
REP005,DOC046,MOL05,2025-03,1.6865079365079363,29,9,0,0,0,0,1
REP002,DOC046,MOL05,2025-03,1.6865079365079363,29,9,0,0,0,0,0
REP001,DOC046,MOL05,2025-03,1.6865079365079363,29,9,0,0,0,0,1
REP010,DOC046,MOL05,2025-03,1.6865079365079363,29,9,0,0,0,0,0
REP008,DOC041,MOL05,2025-03,0.0,30,19,0,0,0,0,0
REP007,DOC041,MOL05,2025-03,0.0,30,19,0,0,0,0,1
REP003,DOC041,MOL05,2025-03,0.0,30,19,0,0,0,0,1
REP006,DOC041,MOL05,2025-03,0.0,30,19,0,0,0,0,1
REP005,DOC011,MOL05,2025-04,100.0,1,11,0,0,0,1,1
REP007,DOC011,MOL05,2025-04,100.0,1,11,0,0,0,1,1
REP001,DOC011,MOL05,2025-04,100.0,1,11,0,0,0,1,1
REP008,DOC011,MOL05,2025-04,100.0,1,11,0,0,0,1,0
REP009,DOC011,MOL05,2025-04,100.0,1,11,0,0,0,1,1
REP002,DOC011,MOL05,2025-04,100.0,1,11,0,0,0,1,0
REP006,DOC011,MOL05,2025-04,100.0,1,11,0,0,0,1,1
REP004,DOC011,MOL05,2025-04,100.0,1,11,0,0,0,1,1
REP004,DOC017,MOL05,2025-04,69.82534001168624,2,11,0,0,0,0,1
REP005,DOC017,MOL05,2025-04,69.82534001168624,2,11,0,0,0,0,1
REP002,DOC017,MOL05,2025-04,69.82534001168624,2,11,0,0,0,0,0
REP001,DOC017,MOL05,2025-04,69.82534001168624,2,11,0,0,0,0,1
REP009,DOC017,MOL05,2025-04,69.82534001168624,2,11,0,0,0,0,1
REP006,DOC017,MOL05,2025-04,69.82534001168624,2,11,0,0,0,0,1
REP007,DOC017,MOL05,2025-04,69.82534001168624,2,11,0,0,0,0,1
REP007,DOC008,MOL05,2025-04,67.62439772676447,3,0,0,0,0,0,1
REP001,DOC008,MOL05,2025-04,67.62439772676447,3,0,0,0,0,0,1
REP009,DOC008,MOL05,2025-04,67.62439772676447,3,0,0,0,0,0,1
REP006,DOC008,MOL05,2025-04,67.62439772676447,3,0,0,0,0,0,1
REP005,DOC008,MOL05,2025-04,67.62439772676447,3,0,0,0,0,0,1
REP004,DOC008,MOL05,2025-04,67.62439772676447,3,0,0,0,0,0,1
REP003,DOC008,MOL05,2025-04,67.62439772676447,3,0,0,0,0,0,1
REP007,DOC012,MOL05,2025-04,60.62844637866387,4,13,0,0,0,0,1
REP001,DOC012,MOL05,2025-04,60.62844637866387,4,13,0,0,0,0,1
REP006,DOC010,MOL05,2025-04,59.45241199478488,5,0,0,0,0,0,1
REP005,DOC010,MOL05,2025-04,59.45241199478488,5,0,0,0,0,0,1
REP009,DOC010,MOL05,2025-04,59.45241199478488,5,0,0,0,0,0,1
REP003,DOC010,MOL05,2025-04,59.45241199478488,5,0,0,0,0,0,1
REP007,DOC010,MOL05,2025-04,59.45241199478488,5,0,0,0,0,0,1
REP001,DOC010,MOL05,2025-04,59.45241199478488,5,0,0,0,0,0,1
REP008,DOC010,MOL05,2025-04,59.45241199478488,5,0,0,0,0,0,0
REP004,DOC014,MOL05,2025-04,58.67014341590614,6,9,0,0,0,0,1
REP009,DOC014,MOL05,2025-04,58.67014341590614,6,9,0,0,0,0,1
REP001,DOC014,MOL05,2025-04,58.67014341590614,6,9,0,0,0,0,1
REP006,DOC014,MOL05,2025-04,58.67014341590614,6,9,0,0,0,0,1
REP003,DOC014,MOL05,2025-04,58.67014341590614,6,9,0,0,0,0,1
REP009,DOC035,MOL05,2025-04,58.11866166633004,7,61,1,0,0,0,1
REP003,DOC035,MOL05,2025-04,58.11866166633004,7,61,1,0,0,0,1
REP008,DOC035,MOL05,2025-04,58.11866166633004,7,61,1,0,0,0,0
REP004,DOC035,MOL05,2025-04,58.11866166633004,7,61,1,0,0,0,1
REP006,DOC035,MOL05,2025-04,58.11866166633004,7,61,1,0,0,0,1
REP010,DOC035,MOL05,2025-04,58.11866166633004,7,61,1,0,0,0,0
REP008,DOC005,MOL05,2025-04,57.349423553339776,8,13,0,0,0,0,0
REP004,DOC005,MOL05,2025-04,57.349423553339776,8,13,0,0,0,0,1
REP002,DOC005,MOL05,2025-04,57.349423553339776,8,13,0,0,0,0,0
REP007,DOC005,MOL05,2025-04,57.349423553339776,8,13,0,0,0,0,1
REP003,DOC005,MOL05,2025-04,57.349423553339776,8,13,0,0,0,0,1
REP005,DOC005,MOL05,2025-04,57.349423553339776,8,13,0,0,0,0,1
REP006,DOC005,MOL05,2025-04,57.349423553339776,8,13,0,0,0,0,1
REP008,DOC041,MOL05,2025-04,51.82529335071708,9,19,0,0,0,0,0
REP007,DOC041,MOL05,2025-04,51.82529335071708,9,19,0,0,0,0,1
REP003,DOC041,MOL05,2025-04,51.82529335071708,9,19,0,0,0,0,1
REP006,DOC041,MOL05,2025-04,51.82529335071708,9,19,0,0,0,0,1
REP003,DOC024,MOL05,2025-04,47.97604436245221,10,3,0,0,0,0,1
REP005,DOC024,MOL05,2025-04,47.97604436245221,10,3,0,0,0,0,1
REP006,DOC024,MOL05,2025-04,47.97604436245221,10,3,0,0,0,0,1
REP007,DOC024,MOL05,2025-04,47.97604436245221,10,3,0,0,0,0,1
REP008,DOC024,MOL05,2025-04,47.97604436245221,10,3,0,0,0,0,0
REP010,DOC024,MOL05,2025-04,47.97604436245221,10,3,0,0,0,0,0
REP001,DOC024,MOL05,2025-04,47.97604436245221,10,3,0,0,0,0,1
REP005,DOC019,MOL05,2025-04,45.889952930067466,11,31,0,0,0,0,1
REP003,DOC019,MOL05,2025-04,45.889952930067466,11,31,0,0,0,0,1
REP009,DOC019,MOL05,2025-04,45.889952930067466,11,31,0,0,0,0,1
REP002,DOC019,MOL05,2025-04,45.889952930067466,11,31,0,0,0,0,0
REP001,DOC019,MOL05,2025-04,45.889952930067466,11,31,0,0,0,0,1
REP010,DOC019,MOL05,2025-04,45.889952930067466,11,31,0,0,0,0,0
REP004,DOC019,MOL05,2025-04,45.889952930067466,11,31,0,0,0,0,1
REP008,DOC019,MOL05,2025-04,45.889952930067466,11,31,0,0,0,0,0
REP007,DOC049,MOL05,2025-04,41.26466753585398,12,11,0,0,0,0,1
REP002,DOC049,MOL05,2025-04,41.26466753585398,12,11,0,0,0,0,0
REP006,DOC049,MOL05,2025-04,41.26466753585398,12,11,0,0,0,0,1
REP003,DOC049,MOL05,2025-04,41.26466753585398,12,11,0,0,0,0,1
REP004,DOC049,MOL05,2025-04,41.26466753585398,12,11,0,0,0,0,1
REP008,DOC002,MOL05,2025-04,40.63982814099813,13,6,0,0,0,0,0
REP004,DOC002,MOL05,2025-04,40.63982814099813,13,6,0,0,0,0,1
REP005,DOC002,MOL05,2025-04,40.63982814099813,13,6,0,0,0,0,1
REP003,DOC002,MOL05,2025-04,40.63982814099813,13,6,0,0,0,0,1
REP007,DOC002,MOL05,2025-04,40.63982814099813,13,6,0,0,0,0,1
REP009,DOC042,MOL05,2025-04,35.98435462842243,14,5,0,0,0,0,1
REP002,DOC042,MOL05,2025-04,35.98435462842243,14,5,0,0,0,0,0
REP001,DOC042,MOL05,2025-04,35.98435462842243,14,5,0,0,0,0,1
REP007,DOC042,MOL05,2025-04,35.98435462842243,14,5,0,0,0,0,1
REP006,DOC042,MOL05,2025-04,35.98435462842243,14,5,0,0,0,0,1
REP009,DOC048,MOL05,2025-04,32.6417025217775,15,13,0,0,0,0,1
REP010,DOC048,MOL05,2025-04,32.6417025217775,15,13,0,0,0,0,0
REP004,DOC048,MOL05,2025-04,32.6417025217775,15,13,0,0,0,0,1
REP001,DOC048,MOL05,2025-04,32.6417025217775,15,13,0,0,0,0,1
REP002,DOC048,MOL05,2025-04,32.6417025217775,15,13,0,0,0,0,0
REP006,DOC048,MOL05,2025-04,32.6417025217775,15,13,0,0,0,0,1
REP003,DOC048,MOL05,2025-04,32.6417025217775,15,13,0,0,0,0,1
REP008,DOC048,MOL05,2025-04,32.6417025217775,15,13,0,0,0,0,0
REP010,DOC036,MOL05,2025-04,32.60061309513666,16,4,0,0,0,0,0
REP009,DOC036,MOL05,2025-04,32.60061309513666,16,4,0,0,0,0,1
REP007,DOC036,MOL05,2025-04,32.60061309513666,16,4,0,0,0,0,1
REP005,DOC036,MOL05,2025-04,32.60061309513666,16,4,0,0,0,0,1
REP001,DOC036,MOL05,2025-04,32.60061309513666,16,4,0,0,0,0,1
REP004,DOC036,MOL05,2025-04,32.60061309513666,16,4,0,0,0,0,1
REP006,DOC036,MOL05,2025-04,32.60061309513666,16,4,0,0,0,0,1
REP002,DOC036,MOL05,2025-04,32.60061309513666,16,4,0,0,0,0,0
REP004,DOC004,MOL05,2025-04,31.679144315587404,17,40,0,0,0,0,1
REP002,DOC004,MOL05,2025-04,31.679144315587404,17,40,0,0,0,0,0
REP006,DOC004,MOL05,2025-04,31.679144315587404,17,40,0,0,0,0,1
REP008,DOC004,MOL05,2025-04,31.679144315587404,17,40,0,0,0,0,0
REP007,DOC004,MOL05,2025-04,31.679144315587404,17,40,0,0,0,0,1
REP004,DOC047,MOL05,2025-04,29.954558211631007,18,11,0,0,0,0,1
REP003,DOC047,MOL05,2025-04,29.954558211631007,18,11,0,0,0,0,1
REP009,DOC047,MOL05,2025-04,29.954558211631007,18,11,0,0,0,0,1
REP001,DOC047,MOL05,2025-04,29.954558211631007,18,11,0,0,0,0,1
REP005,DOC047,MOL05,2025-04,29.954558211631007,18,11,0,0,0,0,1
REP008,DOC047,MOL05,2025-04,29.954558211631007,18,11,0,0,0,0,0
REP007,DOC047,MOL05,2025-04,29.954558211631007,18,11,0,0,0,0,1
REP006,DOC047,MOL05,2025-04,29.954558211631007,18,11,0,0,0,0,1
REP010,DOC047,MOL05,2025-04,29.954558211631007,18,11,0,0,0,0,0
REP002,DOC029,MOL05,2025-04,28.01068048052116,19,47,0,0,0,0,0
REP009,DOC029,MOL05,2025-04,28.01068048052116,19,47,0,0,0,0,1
REP003,DOC029,MOL05,2025-04,28.01068048052116,19,47,0,0,0,0,1
REP005,DOC029,MOL05,2025-04,28.01068048052116,19,47,0,0,0,0,1
REP010,DOC007,MOL05,2025-04,27.85624682634792,20,7,0,0,0,0,0
REP002,DOC007,MOL05,2025-04,27.85624682634792,20,7,0,0,0,0,0
REP009,DOC007,MOL05,2025-04,27.85624682634792,20,7,0,0,0,0,1
REP006,DOC007,MOL05,2025-04,27.85624682634792,20,7,0,0,0,0,1
REP004,DOC007,MOL05,2025-04,27.85624682634792,20,7,0,0,0,0,1
REP005,DOC007,MOL05,2025-04,27.85624682634792,20,7,0,0,0,0,1
REP003,DOC007,MOL05,2025-04,27.85624682634792,20,7,0,0,0,0,1
REP008,DOC044,MOL05,2025-04,26.95505252400659,21,26,0,0,0,0,0
REP005,DOC044,MOL05,2025-04,26.95505252400659,21,26,0,0,0,0,1
REP007,DOC044,MOL05,2025-04,26.95505252400659,21,26,0,0,0,0,1
REP010,DOC044,MOL05,2025-04,26.95505252400659,21,26,0,0,0,0,0
REP008,DOC023,MOL05,2025-04,25.03259452411995,22,8,0,0,0,0,0
REP007,DOC023,MOL05,2025-04,25.03259452411995,22,8,0,0,0,0,1
REP004,DOC023,MOL05,2025-04,25.03259452411995,22,8,0,0,0,0,1
REP006,DOC023,MOL05,2025-04,25.03259452411995,22,8,0,0,0,0,1
REP002,DOC023,MOL05,2025-04,25.03259452411995,22,8,0,0,0,0,0
REP010,DOC023,MOL05,2025-04,25.03259452411995,22,8,0,0,0,0,0
REP009,DOC046,MOL05,2025-04,19.94784876140809,23,9,0,0,0,0,1
REP003,DOC046,MOL05,2025-04,19.94784876140809,23,9,0,0,0,0,1
REP005,DOC046,MOL05,2025-04,19.94784876140809,23,9,0,0,0,0,1
REP002,DOC046,MOL05,2025-04,19.94784876140809,23,9,0,0,0,0,0
REP001,DOC046,MOL05,2025-04,19.94784876140809,23,9,0,0,0,0,1
REP010,DOC046,MOL05,2025-04,19.94784876140809,23,9,0,0,0,0,0
REP009,DOC038,MOL05,2025-04,19.515619771335587,24,96,0,0,0,0,1
REP010,DOC038,MOL05,2025-04,19.515619771335587,24,96,0,0,0,0,0
REP004,DOC038,MOL05,2025-04,19.515619771335587,24,96,0,0,0,0,1
REP002,DOC038,MOL05,2025-04,19.515619771335587,24,96,0,0,0,0,0
REP006,DOC038,MOL05,2025-04,19.515619771335587,24,96,0,0,0,0,1
REP006,DOC027,MOL05,2025-04,16.42764015645372,25,1,0,0,0,0,1
REP009,DOC027,MOL05,2025-04,16.42764015645372,25,1,0,0,0,0,1
REP008,DOC027,MOL05,2025-04,16.42764015645372,25,1,0,0,0,0,0
REP007,DOC027,MOL05,2025-04,16.42764015645372,25,1,0,0,0,0,1
REP010,DOC027,MOL05,2025-04,16.42764015645372,25,1,0,0,0,0,0
REP007,DOC037,MOL05,2025-04,14.965218854641495,26,10,0,0,0,0,1
REP003,DOC037,MOL05,2025-04,14.965218854641495,26,10,0,0,0,0,1
REP006,DOC037,MOL05,2025-04,14.965218854641495,26,10,0,0,0,0,1
REP002,DOC037,MOL05,2025-04,14.965218854641495,26,10,0,0,0,0,0
REP005,DOC037,MOL05,2025-04,14.965218854641495,26,10,0,0,0,0,1
REP009,DOC037,MOL05,2025-04,14.965218854641495,26,10,0,0,0,0,1
REP003,DOC018,MOL05,2025-04,14.269707516739183,27,20,0,0,0,0,1
REP009,DOC018,MOL05,2025-04,14.269707516739183,27,20,0,0,0,0,1
REP005,DOC018,MOL05,2025-04,14.269707516739183,27,20,0,0,0,0,1
REP001,DOC018,MOL05,2025-04,14.269707516739183,27,20,0,0,0,0,1
REP010,DOC018,MOL05,2025-04,14.269707516739183,27,20,0,0,0,0,0
REP007,DOC020,MOL05,2025-04,11.342894393741853,28,9,0,0,0,0,1
REP008,DOC020,MOL05,2025-04,11.342894393741853,28,9,0,0,0,0,0
REP004,DOC020,MOL05,2025-04,11.342894393741853,28,9,0,0,0,0,1
REP006,DOC020,MOL05,2025-04,11.342894393741853,28,9,0,0,0,0,1
REP005,DOC020,MOL05,2025-04,11.342894393741853,28,9,0,0,0,0,1
REP007,DOC003,MOL05,2025-04,7.549872306127322,29,0,0,0,0,0,1
REP010,DOC003,MOL05,2025-04,7.549872306127322,29,0,0,0,0,0,0
REP005,DOC003,MOL05,2025-04,7.549872306127322,29,0,0,0,0,0,1
REP003,DOC003,MOL05,2025-04,7.549872306127322,29,0,0,0,0,0,1
REP002,DOC003,MOL05,2025-04,7.549872306127322,29,0,0,0,0,0,0
REP004,DOC003,MOL05,2025-04,7.549872306127322,29,0,0,0,0,0,1
REP006,DOC003,MOL05,2025-04,7.549872306127322,29,0,0,0,0,0,1
REP001,DOC039,MOL05,2025-04,6.844850065189051,30,2,0,0,0,0,1
REP007,DOC039,MOL05,2025-04,6.844850065189051,30,2,0,0,0,0,1
REP005,DOC039,MOL05,2025-04,6.844850065189051,30,2,0,0,0,0,1
REP008,DOC039,MOL05,2025-04,6.844850065189051,30,2,0,0,0,0,0
REP010,DOC039,MOL05,2025-04,6.844850065189051,30,2,0,0,0,0,0
REP003,DOC039,MOL05,2025-04,6.844850065189051,30,2,0,0,0,0,1
REP004,DOC039,MOL05,2025-04,6.844850065189051,30,2,0,0,0,0,1
REP010,DOC045,MOL05,2025-04,5.852358662231092,31,14,0,0,0,0,0
REP007,DOC045,MOL05,2025-04,5.852358662231092,31,14,0,0,0,0,1
REP009,DOC045,MOL05,2025-04,5.852358662231092,31,14,0,0,0,0,1
REP001,DOC045,MOL05,2025-04,5.852358662231092,31,14,0,0,0,0,1
REP004,DOC045,MOL05,2025-04,5.852358662231092,31,14,0,0,0,0,1
REP006,DOC045,MOL05,2025-04,5.852358662231092,31,14,0,0,0,0,1
REP005,DOC045,MOL05,2025-04,5.852358662231092,31,14,0,0,0,0,1
REP002,DOC033,MOL05,2025-04,4.367666232073015,32,8,0,0,0,0,0
REP003,DOC033,MOL05,2025-04,4.367666232073015,32,8,0,0,0,0,1
REP009,DOC033,MOL05,2025-04,4.367666232073015,32,8,0,0,0,0,1
REP010,DOC033,MOL05,2025-04,4.367666232073015,32,8,0,0,0,0,0
REP007,DOC033,MOL05,2025-04,4.367666232073015,32,8,0,0,0,0,1
REP001,DOC033,MOL05,2025-04,4.367666232073015,32,8,0,0,0,0,1
REP004,DOC006,MOL05,2025-04,0.0,33,1,0,0,0,0,1
REP008,DOC006,MOL05,2025-04,0.0,33,1,0,0,0,0,0
REP010,DOC006,MOL05,2025-04,0.0,33,1,0,0,0,0,0
REP001,DOC034,MOL05,2025-04,0.0,33,6,0,0,0,0,1
REP003,DOC034,MOL05,2025-04,0.0,33,6,0,0,0,0,1
REP009,DOC034,MOL05,2025-04,0.0,33,6,0,0,0,0,1
REP006,DOC034,MOL05,2025-04,0.0,33,6,0,0,0,0,1
REP007,DOC034,MOL05,2025-04,0.0,33,6,0,0,0,0,1
REP005,DOC034,MOL05,2025-04,0.0,33,6,0,0,0,0,1
REP002,DOC034,MOL05,2025-04,0.0,33,6,0,0,0,0,0
REP005,DOC011,MOL05,2025-05,100.0,1,11,0,0,0,0,1
REP007,DOC011,MOL05,2025-05,100.0,1,11,0,0,0,0,1
REP001,DOC011,MOL05,2025-05,100.0,1,11,0,0,0,0,1
REP008,DOC011,MOL05,2025-05,100.0,1,11,0,0,0,0,0
REP009,DOC011,MOL05,2025-05,100.0,1,11,0,0,0,0,1
REP002,DOC011,MOL05,2025-05,100.0,1,11,0,0,0,0,0
REP006,DOC011,MOL05,2025-05,100.0,1,11,0,0,0,0,1
REP004,DOC011,MOL05,2025-05,100.0,1,11,0,0,0,0,1
REP007,DOC049,MOL05,2025-05,70.11046133853152,2,11,0,0,0,0,1
REP002,DOC049,MOL05,2025-05,70.11046133853152,2,11,0,0,0,0,0
REP006,DOC049,MOL05,2025-05,70.11046133853152,2,11,0,0,0,0,1
REP003,DOC049,MOL05,2025-05,70.11046133853152,2,11,0,0,0,0,1
REP004,DOC049,MOL05,2025-05,70.11046133853152,2,11,0,0,0,0,1
REP009,DOC035,MOL05,2025-05,58.29406455577637,3,61,1,0,0,0,1
REP003,DOC035,MOL05,2025-05,58.29406455577637,3,61,1,0,0,0,1
REP008,DOC035,MOL05,2025-05,58.29406455577637,3,61,1,0,0,0,0
REP004,DOC035,MOL05,2025-05,58.29406455577637,3,61,1,0,0,0,1
REP006,DOC035,MOL05,2025-05,58.29406455577637,3,61,1,0,0,0,1
REP010,DOC035,MOL05,2025-05,58.29406455577637,3,61,1,0,0,0,0
REP009,DOC046,MOL05,2025-05,56.33528265107213,4,9,0,0,0,0,1
REP003,DOC046,MOL05,2025-05,56.33528265107213,4,9,0,0,0,0,1
REP005,DOC046,MOL05,2025-05,56.33528265107213,4,9,0,0,0,0,1
REP002,DOC046,MOL05,2025-05,56.33528265107213,4,9,0,0,0,0,0
REP001,DOC046,MOL05,2025-05,56.33528265107213,4,9,0,0,0,0,1
REP010,DOC046,MOL05,2025-05,56.33528265107213,4,9,0,0,0,0,0
REP005,DOC019,MOL05,2025-05,55.99554743736105,5,31,1,0,0,0,1
REP003,DOC019,MOL05,2025-05,55.99554743736105,5,31,1,0,0,0,1
REP009,DOC019,MOL05,2025-05,55.99554743736105,5,31,1,0,0,0,1
REP002,DOC019,MOL05,2025-05,55.99554743736105,5,31,1,0,0,0,0
REP001,DOC019,MOL05,2025-05,55.99554743736105,5,31,1,0,0,0,1
REP010,DOC019,MOL05,2025-05,55.99554743736105,5,31,1,0,0,0,0
REP004,DOC019,MOL05,2025-05,55.99554743736105,5,31,1,0,0,0,1
REP008,DOC019,MOL05,2025-05,55.99554743736105,5,31,1,0,0,0,0
REP004,DOC031,MOL05,2025-05,48.732943469785575,6,6,0,0,0,0,1
REP003,DOC031,MOL05,2025-05,48.732943469785575,6,6,0,0,0,0,1
REP007,DOC031,MOL05,2025-05,48.732943469785575,6,6,0,0,0,0,1
REP010,DOC031,MOL05,2025-05,48.732943469785575,6,6,0,0,0,0,0
REP006,DOC031,MOL05,2025-05,48.732943469785575,6,6,0,0,0,0,1
REP004,DOC017,MOL05,2025-05,45.68802377243376,7,11,0,0,0,0,1
REP005,DOC017,MOL05,2025-05,45.68802377243376,7,11,0,0,0,0,1
REP002,DOC017,MOL05,2025-05,45.68802377243376,7,11,0,0,0,0,0
REP001,DOC017,MOL05,2025-05,45.68802377243376,7,11,0,0,0,0,1
REP009,DOC017,MOL05,2025-05,45.68802377243376,7,11,0,0,0,0,1
REP006,DOC017,MOL05,2025-05,45.68802377243376,7,11,0,0,0,0,1
REP007,DOC017,MOL05,2025-05,45.68802377243376,7,11,0,0,0,0,1
REP008,DOC044,MOL05,2025-05,40.55477322334845,8,26,0,0,0,0,0
REP005,DOC044,MOL05,2025-05,40.55477322334845,8,26,0,0,0,0,1
REP007,DOC044,MOL05,2025-05,40.55477322334845,8,26,0,0,0,0,1
REP010,DOC044,MOL05,2025-05,40.55477322334845,8,26,0,0,0,0,0
REP004,DOC004,MOL05,2025-05,34.69806564116267,9,40,1,0,0,0,1
REP002,DOC004,MOL05,2025-05,34.69806564116267,9,40,1,0,0,0,0
REP006,DOC004,MOL05,2025-05,34.69806564116267,9,40,1,0,0,0,1
REP008,DOC004,MOL05,2025-05,34.69806564116267,9,40,1,0,0,0,0
REP007,DOC004,MOL05,2025-05,34.69806564116267,9,40,1,0,0,0,1
REP007,DOC008,MOL05,2025-05,33.90028713805584,10,0,0,0,0,0,1
REP001,DOC008,MOL05,2025-05,33.90028713805584,10,0,0,0,0,0,1
REP009,DOC008,MOL05,2025-05,33.90028713805584,10,0,0,0,0,0,1
REP006,DOC008,MOL05,2025-05,33.90028713805584,10,0,0,0,0,0,1
REP005,DOC008,MOL05,2025-05,33.90028713805584,10,0,0,0,0,0,1
REP004,DOC008,MOL05,2025-05,33.90028713805584,10,0,0,0,0,0,1
REP003,DOC008,MOL05,2025-05,33.90028713805584,10,0,0,0,0,0,1
REP010,DOC001,MOL05,2025-05,30.99415204678364,11,12,0,0,0,0,0
REP002,DOC001,MOL05,2025-05,30.99415204678364,11,12,0,0,0,0,0
REP006,DOC001,MOL05,2025-05,30.99415204678364,11,12,0,0,0,0,1
REP007,DOC001,MOL05,2025-05,30.99415204678364,11,12,0,0,0,0,1
REP005,DOC001,MOL05,2025-05,30.99415204678364,11,12,0,0,0,0,1
REP008,DOC001,MOL05,2025-05,30.99415204678364,11,12,0,0,0,0,0
REP004,DOC014,MOL05,2025-05,29.82456140350877,12,9,0,0,0,0,1
REP009,DOC014,MOL05,2025-05,29.82456140350877,12,9,0,0,0,0,1
REP001,DOC014,MOL05,2025-05,29.82456140350877,12,9,0,0,0,0,1
REP006,DOC014,MOL05,2025-05,29.82456140350877,12,9,0,0,0,0,1
REP003,DOC014,MOL05,2025-05,29.82456140350877,12,9,0,0,0,0,1
REP008,DOC002,MOL05,2025-05,28.92611317334817,13,6,0,0,0,0,0
REP004,DOC002,MOL05,2025-05,28.92611317334817,13,6,0,0,0,0,1
REP005,DOC002,MOL05,2025-05,28.92611317334817,13,6,0,0,0,0,1
REP003,DOC002,MOL05,2025-05,28.92611317334817,13,6,0,0,0,0,1
REP007,DOC002,MOL05,2025-05,28.92611317334817,13,6,0,0,0,0,1
REP002,DOC015,MOL05,2025-05,28.26510721247563,14,0,0,0,0,0,0
REP007,DOC015,MOL05,2025-05,28.26510721247563,14,0,0,0,0,0,1
REP001,DOC015,MOL05,2025-05,28.26510721247563,14,0,0,0,0,0,1
REP006,DOC015,MOL05,2025-05,28.26510721247563,14,0,0,0,0,0,1
REP003,DOC015,MOL05,2025-05,28.26510721247563,14,0,0,0,0,0,1
REP002,DOC029,MOL05,2025-05,24.81388904507044,15,47,0,0,0,0,0
REP009,DOC029,MOL05,2025-05,24.81388904507044,15,47,0,0,0,0,1
REP003,DOC029,MOL05,2025-05,24.81388904507044,15,47,0,0,0,0,1
REP005,DOC029,MOL05,2025-05,24.81388904507044,15,47,0,0,0,0,1
REP009,DOC038,MOL05,2025-05,24.60723108219429,16,96,0,0,0,0,1
REP010,DOC038,MOL05,2025-05,24.60723108219429,16,96,0,0,0,0,0
REP004,DOC038,MOL05,2025-05,24.60723108219429,16,96,0,0,0,0,1
REP002,DOC038,MOL05,2025-05,24.60723108219429,16,96,0,0,0,0,0
REP006,DOC038,MOL05,2025-05,24.60723108219429,16,96,0,0,0,0,1
REP010,DOC050,MOL05,2025-05,24.17153996101365,17,23,0,0,0,1,0
REP007,DOC050,MOL05,2025-05,24.17153996101365,17,23,0,0,0,1,1
REP004,DOC050,MOL05,2025-05,24.17153996101365,17,23,0,0,0,1,1
REP009,DOC050,MOL05,2025-05,24.17153996101365,17,23,0,0,0,1,1
REP003,DOC050,MOL05,2025-05,24.17153996101365,17,23,0,0,0,1,1
REP006,DOC050,MOL05,2025-05,24.17153996101365,17,23,0,0,0,1,1
REP007,DOC037,MOL05,2025-05,22.55028693710709,18,10,0,0,0,0,1
REP003,DOC037,MOL05,2025-05,22.55028693710709,18,10,0,0,0,0,1
REP006,DOC037,MOL05,2025-05,22.55028693710709,18,10,0,0,0,0,1
REP002,DOC037,MOL05,2025-05,22.55028693710709,18,10,0,0,0,0,0
REP005,DOC037,MOL05,2025-05,22.55028693710709,18,10,0,0,0,0,1
REP009,DOC037,MOL05,2025-05,22.55028693710709,18,10,0,0,0,0,1
REP010,DOC045,MOL05,2025-05,22.130898973632583,19,14,0,0,0,0,0
REP007,DOC045,MOL05,2025-05,22.130898973632583,19,14,0,0,0,0,1
REP009,DOC045,MOL05,2025-05,22.130898973632583,19,14,0,0,0,0,1
REP001,DOC045,MOL05,2025-05,22.130898973632583,19,14,0,0,0,0,1
REP004,DOC045,MOL05,2025-05,22.130898973632583,19,14,0,0,0,0,1
REP006,DOC045,MOL05,2025-05,22.130898973632583,19,14,0,0,0,0,1
REP005,DOC045,MOL05,2025-05,22.130898973632583,19,14,0,0,0,0,1
REP008,DOC030,MOL05,2025-05,21.6374269005848,20,5,0,0,0,0,0
REP001,DOC030,MOL05,2025-05,21.6374269005848,20,5,0,0,0,0,1
REP004,DOC030,MOL05,2025-05,21.6374269005848,20,5,0,0,0,0,1
REP009,DOC030,MOL05,2025-05,21.6374269005848,20,5,0,0,0,0,1
REP010,DOC030,MOL05,2025-05,21.6374269005848,20,5,0,0,0,0,0
REP005,DOC030,MOL05,2025-05,21.6374269005848,20,5,0,0,0,0,1
REP002,DOC033,MOL05,2025-05,20.2729044834308,21,8,0,0,0,0,0
REP003,DOC033,MOL05,2025-05,20.2729044834308,21,8,0,0,0,0,1
REP009,DOC033,MOL05,2025-05,20.2729044834308,21,8,0,0,0,0,1
REP010,DOC033,MOL05,2025-05,20.2729044834308,21,8,0,0,0,0,0
REP007,DOC033,MOL05,2025-05,20.2729044834308,21,8,0,0,0,0,1
REP001,DOC033,MOL05,2025-05,20.2729044834308,21,8,0,0,0,0,1
REP009,DOC048,MOL05,2025-05,19.1434451941427,22,13,0,0,0,0,1
REP010,DOC048,MOL05,2025-05,19.1434451941427,22,13,0,0,0,0,0
REP004,DOC048,MOL05,2025-05,19.1434451941427,22,13,0,0,0,0,1
REP001,DOC048,MOL05,2025-05,19.1434451941427,22,13,0,0,0,0,1
REP002,DOC048,MOL05,2025-05,19.1434451941427,22,13,0,0,0,0,0
REP006,DOC048,MOL05,2025-05,19.1434451941427,22,13,0,0,0,0,1
REP003,DOC048,MOL05,2025-05,19.1434451941427,22,13,0,0,0,0,1
REP008,DOC048,MOL05,2025-05,19.1434451941427,22,13,0,0,0,0,0
REP010,DOC036,MOL05,2025-05,17.49706251205763,23,4,0,0,0,0,0
REP009,DOC036,MOL05,2025-05,17.49706251205763,23,4,0,0,0,0,1
REP007,DOC036,MOL05,2025-05,17.49706251205763,23,4,0,0,0,0,1
REP005,DOC036,MOL05,2025-05,17.49706251205763,23,4,0,0,0,0,1
REP001,DOC036,MOL05,2025-05,17.49706251205763,23,4,0,0,0,0,1
REP004,DOC036,MOL05,2025-05,17.49706251205763,23,4,0,0,0,0,1
REP006,DOC036,MOL05,2025-05,17.49706251205763,23,4,0,0,0,0,1
REP002,DOC036,MOL05,2025-05,17.49706251205763,23,4,0,0,0,0,0
REP007,DOC012,MOL05,2025-05,17.058368935362687,24,13,0,0,0,0,1
REP001,DOC012,MOL05,2025-05,17.058368935362687,24,13,0,0,0,0,1
REP008,DOC005,MOL05,2025-05,16.58465224920708,25,13,0,0,0,0,0
REP004,DOC005,MOL05,2025-05,16.58465224920708,25,13,0,0,0,0,1
REP002,DOC005,MOL05,2025-05,16.58465224920708,25,13,0,0,0,0,0
REP007,DOC005,MOL05,2025-05,16.58465224920708,25,13,0,0,0,0,1
REP003,DOC005,MOL05,2025-05,16.58465224920708,25,13,0,0,0,0,1
REP005,DOC005,MOL05,2025-05,16.58465224920708,25,13,0,0,0,0,1
REP006,DOC005,MOL05,2025-05,16.58465224920708,25,13,0,0,0,0,1
REP010,DOC007,MOL05,2025-05,14.661385632618106,26,7,0,0,0,0,0
REP002,DOC007,MOL05,2025-05,14.661385632618106,26,7,0,0,0,0,0
REP009,DOC007,MOL05,2025-05,14.661385632618106,26,7,0,0,0,0,1
REP006,DOC007,MOL05,2025-05,14.661385632618106,26,7,0,0,0,0,1
REP004,DOC007,MOL05,2025-05,14.661385632618106,26,7,0,0,0,0,1
REP005,DOC007,MOL05,2025-05,14.661385632618106,26,7,0,0,0,0,1
REP003,DOC007,MOL05,2025-05,14.661385632618106,26,7,0,0,0,0,1
REP006,DOC032,MOL05,2025-05,9.941520467836256,27,14,0,0,0,0,1
REP005,DOC032,MOL05,2025-05,9.941520467836256,27,14,0,0,0,0,1
REP010,DOC032,MOL05,2025-05,9.941520467836256,27,14,0,0,0,0,0
REP002,DOC032,MOL05,2025-05,9.941520467836256,27,14,0,0,0,0,0
REP009,DOC032,MOL05,2025-05,9.941520467836256,27,14,0,0,0,0,1
REP001,DOC032,MOL05,2025-05,9.941520467836256,27,14,0,0,0,0,1
REP007,DOC032,MOL05,2025-05,9.941520467836256,27,14,0,0,0,0,1
REP004,DOC047,MOL05,2025-05,8.995031076666923,28,11,0,0,0,0,1
REP003,DOC047,MOL05,2025-05,8.995031076666923,28,11,0,0,0,0,1
REP009,DOC047,MOL05,2025-05,8.995031076666923,28,11,0,0,0,0,1
REP001,DOC047,MOL05,2025-05,8.995031076666923,28,11,0,0,0,0,1
REP005,DOC047,MOL05,2025-05,8.995031076666923,28,11,0,0,0,0,1
REP008,DOC047,MOL05,2025-05,8.995031076666923,28,11,0,0,0,0,0
REP007,DOC047,MOL05,2025-05,8.995031076666923,28,11,0,0,0,0,1
REP006,DOC047,MOL05,2025-05,8.995031076666923,28,11,0,0,0,0,1
REP010,DOC047,MOL05,2025-05,8.995031076666923,28,11,0,0,0,0,0
REP003,DOC024,MOL05,2025-05,5.923214753755665,29,3,0,0,0,0,1
REP005,DOC024,MOL05,2025-05,5.923214753755665,29,3,0,0,0,0,1
REP006,DOC024,MOL05,2025-05,5.923214753755665,29,3,0,0,0,0,1
REP007,DOC024,MOL05,2025-05,5.923214753755665,29,3,0,0,0,0,1
REP008,DOC024,MOL05,2025-05,5.923214753755665,29,3,0,0,0,0,0
REP010,DOC024,MOL05,2025-05,5.923214753755665,29,3,0,0,0,0,0
REP001,DOC024,MOL05,2025-05,5.923214753755665,29,3,0,0,0,0,1
REP007,DOC003,MOL05,2025-05,4.696003830412032,30,0,0,0,0,0,1
REP010,DOC003,MOL05,2025-05,4.696003830412032,30,0,0,0,0,0,0
REP005,DOC003,MOL05,2025-05,4.696003830412032,30,0,0,0,0,0,1
REP003,DOC003,MOL05,2025-05,4.696003830412032,30,0,0,0,0,0,1
REP002,DOC003,MOL05,2025-05,4.696003830412032,30,0,0,0,0,0,0
REP004,DOC003,MOL05,2025-05,4.696003830412032,30,0,0,0,0,0,1
REP006,DOC003,MOL05,2025-05,4.696003830412032,30,0,0,0,0,0,1
REP002,DOC043,MOL05,2025-05,3.1838856400259914,31,24,0,0,0,0,0
REP008,DOC043,MOL05,2025-05,3.1838856400259914,31,24,0,0,0,0,0
REP001,DOC043,MOL05,2025-05,3.1838856400259914,31,24,0,0,0,0,1
REP005,DOC043,MOL05,2025-05,3.1838856400259914,31,24,0,0,0,0,1
REP004,DOC043,MOL05,2025-05,3.1838856400259914,31,24,0,0,0,0,1
REP008,DOC041,MOL05,2025-05,2.469135802469136,32,19,0,0,0,0,0
REP007,DOC041,MOL05,2025-05,2.469135802469136,32,19,0,0,0,0,1
REP003,DOC041,MOL05,2025-05,2.469135802469136,32,19,0,0,0,0,1
REP006,DOC041,MOL05,2025-05,2.469135802469136,32,19,0,0,0,0,1
REP003,DOC018,MOL05,2025-05,0.6922353102372397,33,20,0,0,0,0,1
REP009,DOC018,MOL05,2025-05,0.6922353102372397,33,20,0,0,0,0,1
REP005,DOC018,MOL05,2025-05,0.6922353102372397,33,20,0,0,0,0,1
REP001,DOC018,MOL05,2025-05,0.6922353102372397,33,20,0,0,0,0,1
REP010,DOC018,MOL05,2025-05,0.6922353102372397,33,20,0,0,0,0,0
REP007,DOC020,MOL05,2025-05,0.0,34,9,0,0,0,0,1
REP008,DOC020,MOL05,2025-05,0.0,34,9,0,0,0,0,0
REP004,DOC020,MOL05,2025-05,0.0,34,9,0,0,0,0,1
REP006,DOC020,MOL05,2025-05,0.0,34,9,0,0,0,0,1
REP005,DOC020,MOL05,2025-05,0.0,34,9,0,0,0,0,1
REP005,DOC028,MOL05,2025-06,100.0,1,72,1,0,0,1,1
REP006,DOC028,MOL05,2025-06,100.0,1,72,1,0,0,1,1
REP008,DOC028,MOL05,2025-06,100.0,1,72,1,0,0,1,0
REP003,DOC028,MOL05,2025-06,100.0,1,72,1,0,0,1,1
REP001,DOC028,MOL05,2025-06,100.0,1,72,1,0,0,1,1
REP007,DOC028,MOL05,2025-06,100.0,1,72,1,0,0,1,1
REP003,DOC018,MOL05,2025-06,74.3766552480811,2,20,0,0,0,0,1
REP009,DOC018,MOL05,2025-06,74.3766552480811,2,20,0,0,0,0,1
REP005,DOC018,MOL05,2025-06,74.3766552480811,2,20,0,0,0,0,1
REP001,DOC018,MOL05,2025-06,74.3766552480811,2,20,0,0,0,0,1
REP010,DOC018,MOL05,2025-06,74.3766552480811,2,20,0,0,0,0,0
REP002,DOC021,MOL05,2025-06,45.00507958008804,3,14,0,0,0,0,0
REP010,DOC021,MOL05,2025-06,45.00507958008804,3,14,0,0,0,0,0
REP009,DOC021,MOL05,2025-06,45.00507958008804,3,14,0,0,0,0,1
REP003,DOC021,MOL05,2025-06,45.00507958008804,3,14,0,0,0,0,1
REP006,DOC021,MOL05,2025-06,45.00507958008804,3,14,0,0,0,0,1
REP007,DOC021,MOL05,2025-06,45.00507958008804,3,14,0,0,0,0,1
REP004,DOC021,MOL05,2025-06,45.00507958008804,3,14,0,0,0,0,1
REP001,DOC021,MOL05,2025-06,45.00507958008804,3,14,0,0,0,0,1
REP004,DOC017,MOL05,2025-06,43.332476328148665,4,11,0,0,0,0,1
REP005,DOC017,MOL05,2025-06,43.332476328148665,4,11,0,0,0,0,1
REP002,DOC017,MOL05,2025-06,43.332476328148665,4,11,0,0,0,0,0
REP001,DOC017,MOL05,2025-06,43.332476328148665,4,11,0,0,0,0,1
REP009,DOC017,MOL05,2025-06,43.332476328148665,4,11,0,0,0,0,1
REP006,DOC017,MOL05,2025-06,43.332476328148665,4,11,0,0,0,0,1
REP007,DOC017,MOL05,2025-06,43.332476328148665,4,11,0,0,0,0,1
REP004,DOC004,MOL05,2025-06,42.71530553608586,5,40,1,0,0,0,1
REP002,DOC004,MOL05,2025-06,42.71530553608586,5,40,1,0,0,0,0
REP006,DOC004,MOL05,2025-06,42.71530553608586,5,40,1,0,0,0,1
REP008,DOC004,MOL05,2025-06,42.71530553608586,5,40,1,0,0,0,0
REP007,DOC004,MOL05,2025-06,42.71530553608586,5,40,1,0,0,0,1
REP009,DOC035,MOL05,2025-06,37.99065877411801,6,61,1,0,0,0,1
REP003,DOC035,MOL05,2025-06,37.99065877411801,6,61,1,0,0,0,1
REP008,DOC035,MOL05,2025-06,37.99065877411801,6,61,1,0,0,0,0
REP004,DOC035,MOL05,2025-06,37.99065877411801,6,61,1,0,0,0,1
REP006,DOC035,MOL05,2025-06,37.99065877411801,6,61,1,0,0,0,1
REP010,DOC035,MOL05,2025-06,37.99065877411801,6,61,1,0,0,0,0
REP008,DOC002,MOL05,2025-06,37.54626815866882,7,6,0,0,0,0,0
REP004,DOC002,MOL05,2025-06,37.54626815866882,7,6,0,0,0,0,1
REP005,DOC002,MOL05,2025-06,37.54626815866882,7,6,0,0,0,0,1
REP003,DOC002,MOL05,2025-06,37.54626815866882,7,6,0,0,0,0,1
REP007,DOC002,MOL05,2025-06,37.54626815866882,7,6,0,0,0,0,1
REP010,DOC001,MOL05,2025-06,34.87978327124957,8,12,0,0,0,0,0
REP002,DOC001,MOL05,2025-06,34.87978327124957,8,12,0,0,0,0,0
REP006,DOC001,MOL05,2025-06,34.87978327124957,8,12,0,0,0,0,1
REP007,DOC001,MOL05,2025-06,34.87978327124957,8,12,0,0,0,0,1
REP005,DOC001,MOL05,2025-06,34.87978327124957,8,12,0,0,0,0,1
REP008,DOC001,MOL05,2025-06,34.87978327124957,8,12,0,0,0,0,0
REP009,DOC046,MOL05,2025-06,33.62682018286488,9,9,0,0,0,0,1
REP003,DOC046,MOL05,2025-06,33.62682018286488,9,9,0,0,0,0,1
REP005,DOC046,MOL05,2025-06,33.62682018286488,9,9,0,0,0,0,1
REP002,DOC046,MOL05,2025-06,33.62682018286488,9,9,0,0,0,0,0
REP001,DOC046,MOL05,2025-06,33.62682018286488,9,9,0,0,0,0,1
REP010,DOC046,MOL05,2025-06,33.62682018286488,9,9,0,0,0,0,0
REP002,DOC043,MOL05,2025-06,31.798171351168303,10,24,0,0,0,0,0
REP008,DOC043,MOL05,2025-06,31.798171351168303,10,24,0,0,0,0,0
REP001,DOC043,MOL05,2025-06,31.798171351168303,10,24,0,0,0,0,1
REP005,DOC043,MOL05,2025-06,31.798171351168303,10,24,0,0,0,0,1
REP004,DOC043,MOL05,2025-06,31.798171351168303,10,24,0,0,0,0,1
REP007,DOC008,MOL05,2025-06,28.050710186769507,11,0,0,0,0,0,1
REP001,DOC008,MOL05,2025-06,28.050710186769507,11,0,0,0,0,0,1
REP009,DOC008,MOL05,2025-06,28.050710186769507,11,0,0,0,0,0,1
REP006,DOC008,MOL05,2025-06,28.050710186769507,11,0,0,0,0,0,1
REP005,DOC008,MOL05,2025-06,28.050710186769507,11,0,0,0,0,0,1
REP004,DOC008,MOL05,2025-06,28.050710186769507,11,0,0,0,0,0,1
REP003,DOC008,MOL05,2025-06,28.050710186769507,11,0,0,0,0,0,1
REP008,DOC005,MOL05,2025-06,27.130932448068464,12,13,0,0,0,0,0
REP004,DOC005,MOL05,2025-06,27.130932448068464,12,13,0,0,0,0,1
REP002,DOC005,MOL05,2025-06,27.130932448068464,12,13,0,0,0,0,0
REP007,DOC005,MOL05,2025-06,27.130932448068464,12,13,0,0,0,0,1
REP003,DOC005,MOL05,2025-06,27.130932448068464,12,13,0,0,0,0,1
REP005,DOC005,MOL05,2025-06,27.130932448068464,12,13,0,0,0,0,1
REP006,DOC005,MOL05,2025-06,27.130932448068464,12,13,0,0,0,0,1
REP010,DOC007,MOL05,2025-06,24.942777145443696,13,7,0,0,0,0,0
REP002,DOC007,MOL05,2025-06,24.942777145443696,13,7,0,0,0,0,0
REP009,DOC007,MOL05,2025-06,24.942777145443696,13,7,0,0,0,0,1
REP006,DOC007,MOL05,2025-06,24.942777145443696,13,7,0,0,0,0,1
REP004,DOC007,MOL05,2025-06,24.942777145443696,13,7,0,0,0,0,1
REP005,DOC007,MOL05,2025-06,24.942777145443696,13,7,0,0,0,0,1
REP003,DOC007,MOL05,2025-06,24.942777145443696,13,7,0,0,0,0,1
REP007,DOC012,MOL05,2025-06,21.19214073566111,14,13,0,0,0,0,1
REP001,DOC012,MOL05,2025-06,21.19214073566111,14,13,0,0,0,0,1
REP005,DOC019,MOL05,2025-06,19.536523054657835,15,31,0,0,0,0,1
REP003,DOC019,MOL05,2025-06,19.536523054657835,15,31,0,0,0,0,1
REP009,DOC019,MOL05,2025-06,19.536523054657835,15,31,0,0,0,0,1
REP002,DOC019,MOL05,2025-06,19.536523054657835,15,31,0,0,0,0,0
REP001,DOC019,MOL05,2025-06,19.536523054657835,15,31,0,0,0,0,1
REP010,DOC019,MOL05,2025-06,19.536523054657835,15,31,0,0,0,0,0
REP004,DOC019,MOL05,2025-06,19.536523054657835,15,31,0,0,0,0,1
REP008,DOC019,MOL05,2025-06,19.536523054657835,15,31,0,0,0,0,0
REP002,DOC033,MOL05,2025-06,15.746698272942766,16,8,0,0,0,0,0
REP003,DOC033,MOL05,2025-06,15.746698272942766,16,8,0,0,0,0,1
REP009,DOC033,MOL05,2025-06,15.746698272942766,16,8,0,0,0,0,1
REP010,DOC033,MOL05,2025-06,15.746698272942766,16,8,0,0,0,0,0
REP007,DOC033,MOL05,2025-06,15.746698272942766,16,8,0,0,0,0,1
REP001,DOC033,MOL05,2025-06,15.746698272942766,16,8,0,0,0,0,1
REP007,DOC037,MOL05,2025-06,14.58170398066896,17,10,0,0,0,0,1
REP003,DOC037,MOL05,2025-06,14.58170398066896,17,10,0,0,0,0,1
REP006,DOC037,MOL05,2025-06,14.58170398066896,17,10,0,0,0,0,1
REP002,DOC037,MOL05,2025-06,14.58170398066896,17,10,0,0,0,0,0
REP005,DOC037,MOL05,2025-06,14.58170398066896,17,10,0,0,0,0,1
REP009,DOC037,MOL05,2025-06,14.58170398066896,17,10,0,0,0,0,1
REP003,DOC024,MOL05,2025-06,13.81853590330103,18,3,0,0,0,0,1
REP005,DOC024,MOL05,2025-06,13.81853590330103,18,3,0,0,0,0,1
REP006,DOC024,MOL05,2025-06,13.81853590330103,18,3,0,0,0,0,1
REP007,DOC024,MOL05,2025-06,13.81853590330103,18,3,0,0,0,0,1
REP008,DOC024,MOL05,2025-06,13.81853590330103,18,3,0,0,0,0,0
REP010,DOC024,MOL05,2025-06,13.81853590330103,18,3,0,0,0,0,0
REP001,DOC024,MOL05,2025-06,13.81853590330103,18,3,0,0,0,0,1
REP010,DOC045,MOL05,2025-06,13.20073460729461,19,14,0,0,0,0,0
REP007,DOC045,MOL05,2025-06,13.20073460729461,19,14,0,0,0,0,1
REP009,DOC045,MOL05,2025-06,13.20073460729461,19,14,0,0,0,0,1
REP001,DOC045,MOL05,2025-06,13.20073460729461,19,14,0,0,0,0,1
REP004,DOC045,MOL05,2025-06,13.20073460729461,19,14,0,0,0,0,1
REP006,DOC045,MOL05,2025-06,13.20073460729461,19,14,0,0,0,0,1
REP005,DOC045,MOL05,2025-06,13.20073460729461,19,14,0,0,0,0,1
REP004,DOC047,MOL05,2025-06,13.055130605357052,20,11,0,0,0,0,1
REP003,DOC047,MOL05,2025-06,13.055130605357052,20,11,0,0,0,0,1
REP009,DOC047,MOL05,2025-06,13.055130605357052,20,11,0,0,0,0,1
REP001,DOC047,MOL05,2025-06,13.055130605357052,20,11,0,0,0,0,1
REP005,DOC047,MOL05,2025-06,13.055130605357052,20,11,0,0,0,0,1
REP008,DOC047,MOL05,2025-06,13.055130605357052,20,11,0,0,0,0,0
REP007,DOC047,MOL05,2025-06,13.055130605357052,20,11,0,0,0,0,1
REP006,DOC047,MOL05,2025-06,13.055130605357052,20,11,0,0,0,0,1
REP010,DOC047,MOL05,2025-06,13.055130605357052,20,11,0,0,0,0,0
REP009,DOC048,MOL05,2025-06,12.607117046826549,21,13,0,0,0,0,1
REP010,DOC048,MOL05,2025-06,12.607117046826549,21,13,0,0,0,0,0
REP004,DOC048,MOL05,2025-06,12.607117046826549,21,13,0,0,0,0,1
REP001,DOC048,MOL05,2025-06,12.607117046826549,21,13,0,0,0,0,1
REP002,DOC048,MOL05,2025-06,12.607117046826549,21,13,0,0,0,0,0
REP006,DOC048,MOL05,2025-06,12.607117046826549,21,13,0,0,0,0,1
REP003,DOC048,MOL05,2025-06,12.607117046826549,21,13,0,0,0,0,1
REP008,DOC048,MOL05,2025-06,12.607117046826549,21,13,0,0,0,0,0
REP007,DOC020,MOL05,2025-06,12.19099221131053,22,9,0,0,0,0,1
REP008,DOC020,MOL05,2025-06,12.19099221131053,22,9,0,0,0,0,0
REP004,DOC020,MOL05,2025-06,12.19099221131053,22,9,0,0,0,0,1
REP006,DOC020,MOL05,2025-06,12.19099221131053,22,9,0,0,0,0,1
REP005,DOC020,MOL05,2025-06,12.19099221131053,22,9,0,0,0,0,1
REP006,DOC009,MOL05,2025-06,10.971892990179478,23,44,0,0,0,1,1
REP001,DOC009,MOL05,2025-06,10.971892990179478,23,44,0,0,0,1,1
REP004,DOC009,MOL05,2025-06,10.971892990179478,23,44,0,0,0,1,1
REP002,DOC009,MOL05,2025-06,10.971892990179478,23,44,0,0,0,1,0
REP007,DOC009,MOL05,2025-06,10.971892990179478,23,44,0,0,0,1,1
REP005,DOC026,MOL05,2025-06,10.971892990179478,23,10,0,0,0,1,1
REP001,DOC026,MOL05,2025-06,10.971892990179478,23,10,0,0,0,1,1
REP006,DOC026,MOL05,2025-06,10.971892990179478,23,10,0,0,0,1,1
REP009,DOC026,MOL05,2025-06,10.971892990179478,23,10,0,0,0,1,1
REP003,DOC026,MOL05,2025-06,10.971892990179478,23,10,0,0,0,1,1
REP004,DOC026,MOL05,2025-06,10.971892990179478,23,10,0,0,0,1,1
REP007,DOC026,MOL05,2025-06,10.971892990179478,23,10,0,0,0,1,1
REP008,DOC026,MOL05,2025-06,10.971892990179478,23,10,0,0,0,1,0
REP007,DOC003,MOL05,2025-06,10.900097305552269,25,0,0,0,0,0,1
REP010,DOC003,MOL05,2025-06,10.900097305552269,25,0,0,0,0,0,0
REP005,DOC003,MOL05,2025-06,10.900097305552269,25,0,0,0,0,0,1
REP003,DOC003,MOL05,2025-06,10.900097305552269,25,0,0,0,0,0,1
REP002,DOC003,MOL05,2025-06,10.900097305552269,25,0,0,0,0,0,0
REP004,DOC003,MOL05,2025-06,10.900097305552269,25,0,0,0,0,0,1
REP006,DOC003,MOL05,2025-06,10.900097305552269,25,0,0,0,0,0,1
REP008,DOC044,MOL05,2025-06,10.598595177134207,26,26,0,0,0,0,0
REP005,DOC044,MOL05,2025-06,10.598595177134207,26,26,0,0,0,0,1
REP007,DOC044,MOL05,2025-06,10.598595177134207,26,26,0,0,0,0,1
REP010,DOC044,MOL05,2025-06,10.598595177134207,26,26,0,0,0,0,0
REP002,DOC029,MOL05,2025-06,10.494651002850336,27,47,0,0,0,0,0
REP009,DOC029,MOL05,2025-06,10.494651002850336,27,47,0,0,0,0,1
REP003,DOC029,MOL05,2025-06,10.494651002850336,27,47,0,0,0,0,1
REP005,DOC029,MOL05,2025-06,10.494651002850336,27,47,0,0,0,0,1
REP009,DOC038,MOL05,2025-06,8.707692528162239,28,96,0,0,0,0,1
REP010,DOC038,MOL05,2025-06,8.707692528162239,28,96,0,0,0,0,0
REP004,DOC038,MOL05,2025-06,8.707692528162239,28,96,0,0,0,0,1
REP002,DOC038,MOL05,2025-06,8.707692528162239,28,96,0,0,0,0,0
REP006,DOC038,MOL05,2025-06,8.707692528162239,28,96,0,0,0,0,1
REP010,DOC036,MOL05,2025-06,5.744885208269122,29,4,0,0,0,0,0
REP009,DOC036,MOL05,2025-06,5.744885208269122,29,4,0,0,0,0,1
REP007,DOC036,MOL05,2025-06,5.744885208269122,29,4,0,0,0,0,1
REP005,DOC036,MOL05,2025-06,5.744885208269122,29,4,0,0,0,0,1
REP001,DOC036,MOL05,2025-06,5.744885208269122,29,4,0,0,0,0,1
REP004,DOC036,MOL05,2025-06,5.744885208269122,29,4,0,0,0,0,1
REP006,DOC036,MOL05,2025-06,5.744885208269122,29,4,0,0,0,0,1
REP002,DOC036,MOL05,2025-06,5.744885208269122,29,4,0,0,0,0,0
REP010,DOC050,MOL05,2025-06,4.977988486285133,30,23,0,0,0,0,0
REP007,DOC050,MOL05,2025-06,4.977988486285133,30,23,0,0,0,0,1
REP004,DOC050,MOL05,2025-06,4.977988486285133,30,23,0,0,0,0,1
REP009,DOC050,MOL05,2025-06,4.977988486285133,30,23,0,0,0,0,1
REP003,DOC050,MOL05,2025-06,4.977988486285133,30,23,0,0,0,0,1
REP006,DOC050,MOL05,2025-06,4.977988486285133,30,23,0,0,0,0,1
REP008,DOC025,MOL05,2025-06,4.063664070436843,31,2,0,0,0,0,0
REP006,DOC025,MOL05,2025-06,4.063664070436843,31,2,0,0,0,0,1
REP002,DOC025,MOL05,2025-06,4.063664070436843,31,2,0,0,0,0,0
REP003,DOC025,MOL05,2025-06,4.063664070436843,31,2,0,0,0,0,1
REP007,DOC025,MOL05,2025-06,4.063664070436843,31,2,0,0,0,0,1
REP010,DOC025,MOL05,2025-06,4.063664070436843,31,2,0,0,0,0,0
REP009,DOC025,MOL05,2025-06,4.063664070436843,31,2,0,0,0,0,1
REP004,DOC025,MOL05,2025-06,4.063664070436843,31,2,0,0,0,0,1
REP001,DOC025,MOL05,2025-06,4.063664070436843,31,2,0,0,0,0,1
REP008,DOC030,MOL05,2025-06,2.946156451066712,32,5,0,0,0,0,0
REP001,DOC030,MOL05,2025-06,2.946156451066712,32,5,0,0,0,0,1
REP004,DOC030,MOL05,2025-06,2.946156451066712,32,5,0,0,0,0,1
REP009,DOC030,MOL05,2025-06,2.946156451066712,32,5,0,0,0,0,1
REP010,DOC030,MOL05,2025-06,2.946156451066712,32,5,0,0,0,0,0
REP005,DOC030,MOL05,2025-06,2.946156451066712,32,5,0,0,0,0,1
REP001,DOC039,MOL05,2025-06,2.6075177785303074,33,2,0,0,0,0,1
REP007,DOC039,MOL05,2025-06,2.6075177785303074,33,2,0,0,0,0,1
REP005,DOC039,MOL05,2025-06,2.6075177785303074,33,2,0,0,0,0,1
REP008,DOC039,MOL05,2025-06,2.6075177785303074,33,2,0,0,0,0,0
REP010,DOC039,MOL05,2025-06,2.6075177785303074,33,2,0,0,0,0,0
REP003,DOC039,MOL05,2025-06,2.6075177785303074,33,2,0,0,0,0,1
REP004,DOC039,MOL05,2025-06,2.6075177785303074,33,2,0,0,0,0,1
REP006,DOC027,MOL05,2025-06,1.4900101591601758,34,1,0,0,0,0,1
REP009,DOC027,MOL05,2025-06,1.4900101591601758,34,1,0,0,0,0,1
REP008,DOC027,MOL05,2025-06,1.4900101591601758,34,1,0,0,0,0,0
REP007,DOC027,MOL05,2025-06,1.4900101591601758,34,1,0,0,0,0,1
REP010,DOC027,MOL05,2025-06,1.4900101591601758,34,1,0,0,0,0,0
REP006,DOC010,MOL05,2025-06,1.117507619370132,35,0,0,0,0,0,1
REP005,DOC010,MOL05,2025-06,1.117507619370132,35,0,0,0,0,0,1
REP009,DOC010,MOL05,2025-06,1.117507619370132,35,0,0,0,0,0,1
REP003,DOC010,MOL05,2025-06,1.117507619370132,35,0,0,0,0,0,1
REP007,DOC010,MOL05,2025-06,1.117507619370132,35,0,0,0,0,0,1
REP001,DOC010,MOL05,2025-06,1.117507619370132,35,0,0,0,0,0,1
REP008,DOC010,MOL05,2025-06,1.117507619370132,35,0,0,0,0,0,0
REP009,DOC042,MOL05,2025-06,0.0,36,5,0,0,0,0,1
REP002,DOC042,MOL05,2025-06,0.0,36,5,0,0,0,0,0
REP001,DOC042,MOL05,2025-06,0.0,36,5,0,0,0,0,1
REP007,DOC042,MOL05,2025-06,0.0,36,5,0,0,0,0,1
REP006,DOC042,MOL05,2025-06,0.0,36,5,0,0,0,0,1
